{"d_FG%":{"d_FG%":1.0,"d_FT%":-0.0871749448,"FG%":0.4212003481,"FT%":0.0452067744,"TRB":0.613407541,"AST":0.1489700906,"STL":0.1524359215,"BLK":0.5229112708,"TOV":-0.2524719872,"3P":-0.1458057292,"PTS":0.3518591756,"Avg $":0.362708115},"d_FT%":{"d_FG%":-0.0871749448,"d_FT%":1.0,"FG%":-0.0322998167,"FT%":0.3230025936,"TRB":0.0646297461,"AST":0.4736947972,"STL":0.2541806427,"BLK":-0.0538939587,"TOV":-0.4279929978,"3P":0.5160193962,"PTS":0.5289451382,"Avg $":0.426840188},"FG%":{"d_FG%":0.4212003481,"d_FT%":-0.0322998167,"FG%":1.0,"FT%":0.2531827823,"TRB":0.3891573535,"AST":0.1126734083,"STL":0.1657032359,"BLK":0.3529350468,"TOV":-0.1842266643,"3P":0.0492105775,"PTS":0.2960336376,"Avg $":0.1220379731},"FT%":{"d_FG%":0.0452067744,"d_FT%":0.3230025936,"FG%":0.2531827823,"FT%":1.0,"TRB":0.2992485159,"AST":0.3488637711,"STL":0.3342837149,"BLK":0.1497956961,"TOV":-0.3461148413,"3P":0.4312425495,"PTS":0.4615480335,"Avg $":0.1643797906},"TRB":{"d_FG%":0.613407541,"d_FT%":0.0646297461,"FG%":0.3891573535,"FT%":0.2992485159,"TRB":1.0,"AST":0.4612793596,"STL":0.4997755172,"BLK":0.6709480366,"TOV":-0.6150329371,"3P":0.2681996221,"PTS":0.679458731,"Avg $":0.5220866149},"AST":{"d_FG%":0.1489700906,"d_FT%":0.4736947972,"FG%":0.1126734083,"FT%":0.3488637711,"TRB":0.4612793596,"AST":1.0,"STL":0.6688587638,"BLK":0.1735165969,"TOV":-0.8624251684,"3P":0.5639292107,"PTS":0.7569753244,"Avg $":0.5853888472},"STL":{"d_FG%":0.1524359215,"d_FT%":0.2541806427,"FG%":0.1657032359,"FT%":0.3342837149,"TRB":0.4997755172,"AST":0.6688587638,"STL":1.0,"BLK":0.3533904998,"TOV":-0.6508205807,"3P":0.5111671566,"PTS":0.6306823748,"Avg $":0.3851258824},"BLK":{"d_FG%":0.5229112708,"d_FT%":-0.0538939587,"FG%":0.3529350468,"FT%":0.1497956961,"TRB":0.6709480366,"AST":0.1735165969,"STL":0.3533904998,"BLK":1.0,"TOV":-0.3141075055,"3P":0.08300031,"PTS":0.3939734259,"Avg $":0.325449879},"TOV":{"d_FG%":-0.2524719872,"d_FT%":-0.4279929978,"FG%":-0.1842266643,"FT%":-0.3461148413,"TRB":-0.6150329371,"AST":-0.8624251684,"STL":-0.6508205807,"BLK":-0.3141075055,"TOV":1.0,"3P":-0.5571597931,"PTS":-0.8334164612,"Avg $":-0.6424334196},"3P":{"d_FG%":-0.1458057292,"d_FT%":0.5160193962,"FG%":0.0492105775,"FT%":0.4312425495,"TRB":0.2681996221,"AST":0.5639292107,"STL":0.5111671566,"BLK":0.08300031,"TOV":-0.5571597931,"3P":1.0,"PTS":0.7354407711,"Avg $":0.3576147636},"PTS":{"d_FG%":0.3518591756,"d_FT%":0.5289451382,"FG%":0.2960336376,"FT%":0.4615480335,"TRB":0.679458731,"AST":0.7569753244,"STL":0.6306823748,"BLK":0.3939734259,"TOV":-0.8334164612,"3P":0.7354407711,"PTS":1.0,"Avg $":0.6691914389},"Avg $":{"d_FG%":0.362708115,"d_FT%":0.426840188,"FG%":0.1220379731,"FT%":0.1643797906,"TRB":0.5220866149,"AST":0.5853888472,"STL":0.3851258824,"BLK":0.325449879,"TOV":-0.6424334196,"3P":0.3576147636,"PTS":0.6691914389,"Avg $":1.0}}