{"d_FG%":{"d_FG%":1.0,"d_FT%":-0.070304156,"FG%":0.5229720205,"FT%":-0.0361733833,"TRB":0.6036281763,"AST":0.1374669263,"STL":0.134476265,"BLK":0.4986964216,"TOV":-0.2576318597,"3P":-0.1668156456,"PTS":0.3424839964,"Avg $":0.4107194345},"d_FT%":{"d_FG%":-0.070304156,"d_FT%":1.0,"FG%":-0.0580929149,"FT%":0.3663520022,"TRB":0.0053525448,"AST":0.4149950024,"STL":0.2585784259,"BLK":-0.1360000355,"TOV":-0.3440709757,"3P":0.5137965646,"PTS":0.5038119288,"Avg $":0.4579085192},"FG%":{"d_FG%":0.5229720205,"d_FT%":-0.0580929149,"FG%":1.0,"FT%":0.13921946,"TRB":0.4241069335,"AST":0.0766401439,"STL":0.1660222661,"BLK":0.3975298782,"TOV":-0.1057014085,"3P":-0.040945559,"PTS":0.2574429674,"Avg $":0.1566883787},"FT%":{"d_FG%":-0.0361733833,"d_FT%":0.3663520022,"FG%":0.13921946,"FT%":1.0,"TRB":0.1446253891,"AST":0.2855484615,"STL":0.3066169088,"BLK":0.0152178161,"TOV":-0.2041262135,"3P":0.3907685199,"PTS":0.3509395983,"Avg $":0.1475439379},"TRB":{"d_FG%":0.6036281763,"d_FT%":0.0053525448,"FG%":0.4241069335,"FT%":0.1446253891,"TRB":1.0,"AST":0.4153698397,"STL":0.477068977,"BLK":0.6498182574,"TOV":-0.5630352223,"3P":0.207117674,"PTS":0.6303192496,"Avg $":0.5152756434},"AST":{"d_FG%":0.1374669263,"d_FT%":0.4149950024,"FG%":0.0766401439,"FT%":0.2855484615,"TRB":0.4153698397,"AST":1.0,"STL":0.7045880975,"BLK":0.0798375015,"TOV":-0.8330253234,"3P":0.5272255321,"PTS":0.741091341,"Avg $":0.6170874187},"STL":{"d_FG%":0.134476265,"d_FT%":0.2585784259,"FG%":0.1660222661,"FT%":0.3066169088,"TRB":0.477068977,"AST":0.7045880975,"STL":1.0,"BLK":0.2742877541,"TOV":-0.6221469378,"3P":0.4976330052,"PTS":0.6566633658,"Avg $":0.4155891108},"BLK":{"d_FG%":0.4986964216,"d_FT%":-0.1360000355,"FG%":0.3975298782,"FT%":0.0152178161,"TRB":0.6498182574,"AST":0.0798375015,"STL":0.2742877541,"BLK":1.0,"TOV":-0.2461896619,"3P":-0.0113217618,"PTS":0.3099444419,"Avg $":0.2847452561},"TOV":{"d_FG%":-0.2576318597,"d_FT%":-0.3440709757,"FG%":-0.1057014085,"FT%":-0.2041262135,"TRB":-0.5630352223,"AST":-0.8330253234,"STL":-0.6221469378,"BLK":-0.2461896619,"TOV":1.0,"3P":-0.5014965967,"PTS":-0.8125261652,"Avg $":-0.6705797938},"3P":{"d_FG%":-0.1668156456,"d_FT%":0.5137965646,"FG%":-0.040945559,"FT%":0.3907685199,"TRB":0.207117674,"AST":0.5272255321,"STL":0.4976330052,"BLK":-0.0113217618,"TOV":-0.5014965967,"3P":1.0,"PTS":0.7177914803,"Avg $":0.3805425897},"PTS":{"d_FG%":0.3424839964,"d_FT%":0.5038119288,"FG%":0.2574429674,"FT%":0.3509395983,"TRB":0.6303192496,"AST":0.741091341,"STL":0.6566633658,"BLK":0.3099444419,"TOV":-0.8125261652,"3P":0.7177914803,"PTS":1.0,"Avg $":0.7190612233},"Avg $":{"d_FG%":0.4107194345,"d_FT%":0.4579085192,"FG%":0.1566883787,"FT%":0.1475439379,"TRB":0.5152756434,"AST":0.6170874187,"STL":0.4155891108,"BLK":0.2847452561,"TOV":-0.6705797938,"3P":0.3805425897,"PTS":0.7190612233,"Avg $":1.0}}