{"d_FG%":{"d_FG%":1.0,"d_FT%":-0.1114458179,"FG%":0.4248849831,"FT%":-0.0078255828,"TRB":0.4922139145,"AST":0.0021358373,"STL":0.0430736342,"BLK":0.4151396056,"TOV":-0.0980958645,"3P":-0.2396389915,"PTS":0.2169141328,"Avg $":0.2590919028},"d_FT%":{"d_FG%":-0.1114458179,"d_FT%":1.0,"FG%":-0.0391239389,"FT%":0.3624285509,"TRB":0.0225116668,"AST":0.4044223937,"STL":0.2534176221,"BLK":-0.0876870054,"TOV":-0.3600527871,"3P":0.446725289,"PTS":0.4628756621,"Avg $":0.3221031885},"FG%":{"d_FG%":0.4248849831,"d_FT%":-0.0391239389,"FG%":1.0,"FT%":0.1393837561,"TRB":0.3068774457,"AST":0.0714642412,"STL":0.1293242566,"BLK":0.2620068922,"TOV":-0.1550170646,"3P":0.0171290636,"PTS":0.2140204626,"Avg $":0.0997091733},"FT%":{"d_FG%":-0.0078255828,"d_FT%":0.3624285509,"FG%":0.1393837561,"FT%":1.0,"TRB":0.2854014816,"AST":0.334493898,"STL":0.4005641357,"BLK":0.155472328,"TOV":-0.3662945,"3P":0.4122861617,"PTS":0.4486716942,"Avg $":0.1622540558},"TRB":{"d_FG%":0.4922139145,"d_FT%":0.0225116668,"FG%":0.3068774457,"FT%":0.2854014816,"TRB":1.0,"AST":0.4693422702,"STL":0.4992404429,"BLK":0.6701890378,"TOV":-0.6140748189,"3P":0.2738742452,"PTS":0.6799566467,"Avg $":0.5182977112},"AST":{"d_FG%":0.0021358373,"d_FT%":0.4044223937,"FG%":0.0714642412,"FT%":0.334493898,"TRB":0.4693422702,"AST":1.0,"STL":0.6633864671,"BLK":0.1642154405,"TOV":-0.850034383,"3P":0.5525189125,"PTS":0.7523651018,"Avg $":0.5956396212},"STL":{"d_FG%":0.0430736342,"d_FT%":0.2534176221,"FG%":0.1293242566,"FT%":0.4005641357,"TRB":0.4992404429,"AST":0.6633864671,"STL":1.0,"BLK":0.3485371275,"TOV":-0.6368145354,"3P":0.528663538,"PTS":0.6604273344,"Avg $":0.3909612791},"BLK":{"d_FG%":0.4151396056,"d_FT%":-0.0876870054,"FG%":0.2620068922,"FT%":0.155472328,"TRB":0.6701890378,"AST":0.1642154405,"STL":0.3485371275,"BLK":1.0,"TOV":-0.2890028407,"3P":0.1018853371,"PTS":0.377621433,"Avg $":0.3177098655},"TOV":{"d_FG%":-0.0980958645,"d_FT%":-0.3600527871,"FG%":-0.1550170646,"FT%":-0.3662945,"TRB":-0.6140748189,"AST":-0.850034383,"STL":-0.6368145354,"BLK":-0.2890028407,"TOV":1.0,"3P":-0.5672934784,"PTS":-0.8375258695,"Avg $":-0.640552523},"3P":{"d_FG%":-0.2396389915,"d_FT%":0.446725289,"FG%":0.0171290636,"FT%":0.4122861617,"TRB":0.2738742452,"AST":0.5525189125,"STL":0.528663538,"BLK":0.1018853371,"TOV":-0.5672934784,"3P":1.0,"PTS":0.7371537714,"Avg $":0.3677250521},"PTS":{"d_FG%":0.2169141328,"d_FT%":0.4628756621,"FG%":0.2140204626,"FT%":0.4486716942,"TRB":0.6799566467,"AST":0.7523651018,"STL":0.6604273344,"BLK":0.377621433,"TOV":-0.8375258695,"3P":0.7371537714,"PTS":1.0,"Avg $":0.6652964209},"Avg $":{"d_FG%":0.2590919028,"d_FT%":0.3221031885,"FG%":0.0997091733,"FT%":0.1622540558,"TRB":0.5182977112,"AST":0.5956396212,"STL":0.3909612791,"BLK":0.3177098655,"TOV":-0.640552523,"3P":0.3677250521,"PTS":0.6652964209,"Avg $":1.0}}