{"d_FG%":{"d_FG%":1.0,"d_FT%":-0.0537582554,"FG%":0.4252968755,"FT%":0.0143861789,"TRB":0.4817634926,"AST":0.0073048117,"STL":0.0584014262,"BLK":0.4027526062,"TOV":-0.0934934872,"3P":-0.2103052105,"PTS":0.2284119261,"Avg $":0.2542370996},"d_FT%":{"d_FG%":-0.0537582554,"d_FT%":1.0,"FG%":-0.0212281912,"FT%":0.3611593677,"TRB":0.0293137597,"AST":0.3825547454,"STL":0.213388978,"BLK":-0.0817425912,"TOV":-0.3497248852,"3P":0.4213175761,"PTS":0.454057532,"Avg $":0.3349043482},"FG%":{"d_FG%":0.4252968755,"d_FT%":-0.0212281912,"FG%":1.0,"FT%":0.1980336358,"TRB":0.3131419478,"AST":0.0865310367,"STL":0.147107763,"BLK":0.2727617487,"TOV":-0.1539042668,"3P":0.0416112002,"PTS":0.2289254215,"Avg $":0.1006030529},"FT%":{"d_FG%":0.0143861789,"d_FT%":0.3611593677,"FG%":0.1980336358,"FT%":1.0,"TRB":0.3049290163,"AST":0.3279935297,"STL":0.3889701415,"BLK":0.1766542617,"TOV":-0.3628642931,"3P":0.3861428206,"PTS":0.4452213504,"Avg $":0.1710245147},"TRB":{"d_FG%":0.4817634926,"d_FT%":0.0293137597,"FG%":0.3131419478,"FT%":0.3049290163,"TRB":1.0,"AST":0.4656815045,"STL":0.5069780785,"BLK":0.6531650683,"TOV":-0.6139132326,"3P":0.2902289744,"PTS":0.6811787229,"Avg $":0.5198548054},"AST":{"d_FG%":0.0073048117,"d_FT%":0.3825547454,"FG%":0.0865310367,"FT%":0.3279935297,"TRB":0.4656815045,"AST":1.0,"STL":0.6655314222,"BLK":0.1692293197,"TOV":-0.8404425672,"3P":0.5525846695,"PTS":0.7467863037,"Avg $":0.5894590008},"STL":{"d_FG%":0.0584014262,"d_FT%":0.213388978,"FG%":0.147107763,"FT%":0.3889701415,"TRB":0.5069780785,"AST":0.6655314222,"STL":1.0,"BLK":0.3778978365,"TOV":-0.6438138535,"3P":0.503407289,"PTS":0.6484384251,"Avg $":0.3985516963},"BLK":{"d_FG%":0.4027526062,"d_FT%":-0.0817425912,"FG%":0.2727617487,"FT%":0.1766542617,"TRB":0.6531650683,"AST":0.1692293197,"STL":0.3778978365,"BLK":1.0,"TOV":-0.2930496898,"3P":0.1077468796,"PTS":0.3718160798,"Avg $":0.318141421},"TOV":{"d_FG%":-0.0934934872,"d_FT%":-0.3497248852,"FG%":-0.1539042668,"FT%":-0.3628642931,"TRB":-0.6139132326,"AST":-0.8404425672,"STL":-0.6438138535,"BLK":-0.2930496898,"TOV":1.0,"3P":-0.5867431501,"PTS":-0.837258135,"Avg $":-0.6385799924},"3P":{"d_FG%":-0.2103052105,"d_FT%":0.4213175761,"FG%":0.0416112002,"FT%":0.3861428206,"TRB":0.2902289744,"AST":0.5525846695,"STL":0.503407289,"BLK":0.1077468796,"TOV":-0.5867431501,"3P":1.0,"PTS":0.744789403,"Avg $":0.375544028},"PTS":{"d_FG%":0.2284119261,"d_FT%":0.454057532,"FG%":0.2289254215,"FT%":0.4452213504,"TRB":0.6811787229,"AST":0.7467863037,"STL":0.6484384251,"BLK":0.3718160798,"TOV":-0.837258135,"3P":0.744789403,"PTS":1.0,"Avg $":0.6565546945},"Avg $":{"d_FG%":0.2542370996,"d_FT%":0.3349043482,"FG%":0.1006030529,"FT%":0.1710245147,"TRB":0.5198548054,"AST":0.5894590008,"STL":0.3985516963,"BLK":0.318141421,"TOV":-0.6385799924,"3P":0.375544028,"PTS":0.6565546945,"Avg $":1.0}}