{"d_FG%":{"d_FG%":1.0,"d_FT%":-0.0851577432,"FG%":0.4260707056,"FT%":0.0425150584,"TRB":0.6199116378,"AST":0.1476743387,"STL":0.1444222118,"BLK":0.5179673692,"TOV":-0.2574374994,"3P":-0.1564784725,"PTS":0.3475156803,"Avg $":0.3587936458},"d_FT%":{"d_FG%":-0.0851577432,"d_FT%":1.0,"FG%":-0.0329097665,"FT%":0.3229964948,"TRB":0.0757118593,"AST":0.4760663223,"STL":0.2635911266,"BLK":-0.0486433143,"TOV":-0.434959701,"3P":0.5154208018,"PTS":0.5370546185,"Avg $":0.4333376171},"FG%":{"d_FG%":0.4260707056,"d_FT%":-0.0329097665,"FG%":1.0,"FT%":0.2828459787,"TRB":0.3952414942,"AST":0.1122758858,"STL":0.1552308348,"BLK":0.3540732709,"TOV":-0.189383375,"3P":0.0408512012,"PTS":0.2960540365,"Avg $":0.1224617627},"FT%":{"d_FG%":0.0425150584,"d_FT%":0.3229964948,"FG%":0.2828459787,"FT%":1.0,"TRB":0.3016443433,"AST":0.3527911017,"STL":0.3450662194,"BLK":0.1540101575,"TOV":-0.3485213174,"3P":0.4330708448,"PTS":0.4640123479,"Avg $":0.1636553262},"TRB":{"d_FG%":0.6199116378,"d_FT%":0.0757118593,"FG%":0.3952414942,"FT%":0.3016443433,"TRB":1.0,"AST":0.4638956309,"STL":0.4942224299,"BLK":0.675032833,"TOV":-0.6190787763,"3P":0.268391243,"PTS":0.680878611,"Avg $":0.5249953945},"AST":{"d_FG%":0.1476743387,"d_FT%":0.4760663223,"FG%":0.1122758858,"FT%":0.3527911017,"TRB":0.4638956309,"AST":1.0,"STL":0.6681050688,"BLK":0.1723845461,"TOV":-0.8653119042,"3P":0.5683623352,"PTS":0.7593651488,"Avg $":0.5842865485},"STL":{"d_FG%":0.1444222118,"d_FT%":0.2635911266,"FG%":0.1552308348,"FT%":0.3450662194,"TRB":0.4942224299,"AST":0.6681050688,"STL":1.0,"BLK":0.3548535314,"TOV":-0.647782414,"3P":0.5130324981,"PTS":0.6294950388,"Avg $":0.3792209866},"BLK":{"d_FG%":0.5179673692,"d_FT%":-0.0486433143,"FG%":0.3540732709,"FT%":0.1540101575,"TRB":0.675032833,"AST":0.1723845461,"STL":0.3548535314,"BLK":1.0,"TOV":-0.3166796034,"3P":0.0768318262,"PTS":0.3898183577,"Avg $":0.3254983773},"TOV":{"d_FG%":-0.2574374994,"d_FT%":-0.434959701,"FG%":-0.189383375,"FT%":-0.3485213174,"TRB":-0.6190787763,"AST":-0.8653119042,"STL":-0.647782414,"BLK":-0.3166796034,"TOV":1.0,"3P":-0.5591604096,"PTS":-0.8363619448,"Avg $":-0.6426996946},"3P":{"d_FG%":-0.1564784725,"d_FT%":0.5154208018,"FG%":0.0408512012,"FT%":0.4330708448,"TRB":0.268391243,"AST":0.5683623352,"STL":0.5130324981,"BLK":0.0768318262,"TOV":-0.5591604096,"3P":1.0,"PTS":0.7344275457,"Avg $":0.3594447862},"PTS":{"d_FG%":0.3475156803,"d_FT%":0.5370546185,"FG%":0.2960540365,"FT%":0.4640123479,"TRB":0.680878611,"AST":0.7593651488,"STL":0.6294950388,"BLK":0.3898183577,"TOV":-0.8363619448,"3P":0.7344275457,"PTS":1.0,"Avg $":0.6705421809},"Avg $":{"d_FG%":0.3587936458,"d_FT%":0.4333376171,"FG%":0.1224617627,"FT%":0.1636553262,"TRB":0.5249953945,"AST":0.5842865485,"STL":0.3792209866,"BLK":0.3254983773,"TOV":-0.6426996946,"3P":0.3594447862,"PTS":0.6705421809,"Avg $":1.0}}