{"d_FG%":{"d_FG%":1.0,"d_FT%":-0.1158578111,"FG%":0.414048064,"FT%":0.0364870347,"TRB":0.5761732281,"AST":0.1147913361,"STL":0.1185625005,"BLK":0.4986273537,"TOV":-0.2247760633,"3P":-0.1504284235,"PTS":0.3136340382,"Avg $":0.3169437687},"d_FT%":{"d_FG%":-0.1158578111,"d_FT%":1.0,"FG%":-0.030950528,"FT%":0.3252049625,"TRB":0.075304529,"AST":0.4676722054,"STL":0.2481955492,"BLK":-0.0313282408,"TOV":-0.4375422666,"3P":0.5159646481,"PTS":0.5375050081,"Avg $":0.4406585199},"FG%":{"d_FG%":0.414048064,"d_FT%":-0.030950528,"FG%":1.0,"FT%":0.2220027577,"TRB":0.3639145824,"AST":0.095728785,"STL":0.1580487267,"BLK":0.3362386608,"TOV":-0.1664664425,"3P":0.0447284935,"PTS":0.2812580901,"Avg $":0.1116196583},"FT%":{"d_FG%":0.0364870347,"d_FT%":0.3252049625,"FG%":0.2220027577,"FT%":1.0,"TRB":0.3085551707,"AST":0.3505696946,"STL":0.339110752,"BLK":0.1479188769,"TOV":-0.3577691948,"3P":0.4345717805,"PTS":0.4674417179,"Avg $":0.1664821302},"TRB":{"d_FG%":0.5761732281,"d_FT%":0.075304529,"FG%":0.3639145824,"FT%":0.3085551707,"TRB":1.0,"AST":0.4625935664,"STL":0.4865666855,"BLK":0.6691583443,"TOV":-0.6114440981,"3P":0.2766896719,"PTS":0.6783367936,"Avg $":0.51945906},"AST":{"d_FG%":0.1147913361,"d_FT%":0.4676722054,"FG%":0.095728785,"FT%":0.3505696946,"TRB":0.4625935664,"AST":1.0,"STL":0.6603199658,"BLK":0.1831614924,"TOV":-0.8517296577,"3P":0.5577412011,"PTS":0.7514841023,"Avg $":0.580555635},"STL":{"d_FG%":0.1185625005,"d_FT%":0.2481955492,"FG%":0.1580487267,"FT%":0.339110752,"TRB":0.4865666855,"AST":0.6603199658,"STL":1.0,"BLK":0.3631493875,"TOV":-0.6337013026,"3P":0.5109294427,"PTS":0.6262700706,"Avg $":0.3744545659},"BLK":{"d_FG%":0.4986273537,"d_FT%":-0.0313282408,"FG%":0.3362386608,"FT%":0.1479188769,"TRB":0.6691583443,"AST":0.1831614924,"STL":0.3631493875,"BLK":1.0,"TOV":-0.3174921993,"3P":0.0955613501,"PTS":0.3922822801,"Avg $":0.3174354291},"TOV":{"d_FG%":-0.2247760633,"d_FT%":-0.4375422666,"FG%":-0.1664664425,"FT%":-0.3577691948,"TRB":-0.6114440981,"AST":-0.8517296577,"STL":-0.6337013026,"BLK":-0.3174921993,"TOV":1.0,"3P":-0.5597908475,"PTS":-0.8323343885,"Avg $":-0.6423410507},"3P":{"d_FG%":-0.1504284235,"d_FT%":0.5159646481,"FG%":0.0447284935,"FT%":0.4345717805,"TRB":0.2766896719,"AST":0.5577412011,"STL":0.5109294427,"BLK":0.0955613501,"TOV":-0.5597908475,"3P":1.0,"PTS":0.7398251791,"Avg $":0.3563209032},"PTS":{"d_FG%":0.3136340382,"d_FT%":0.5375050081,"FG%":0.2812580901,"FT%":0.4674417179,"TRB":0.6783367936,"AST":0.7514841023,"STL":0.6262700706,"BLK":0.3922822801,"TOV":-0.8323343885,"3P":0.7398251791,"PTS":1.0,"Avg $":0.6669731978},"Avg $":{"d_FG%":0.3169437687,"d_FT%":0.4406585199,"FG%":0.1116196583,"FT%":0.1664821302,"TRB":0.51945906,"AST":0.580555635,"STL":0.3744545659,"BLK":0.3174354291,"TOV":-0.6423410507,"3P":0.3563209032,"PTS":0.6669731978,"Avg $":1.0}}