{"d_FG%":{"d_FG%":1.0,"d_FT%":-0.1110578899,"FG%":0.4249074714,"FT%":-0.0038262037,"TRB":0.4913689074,"AST":0.0005452418,"STL":0.0466037413,"BLK":0.4240279411,"TOV":-0.1028437367,"3P":-0.2364763692,"PTS":0.2137437825,"Avg $":0.25239604},"d_FT%":{"d_FG%":-0.1110578899,"d_FT%":1.0,"FG%":-0.0332990838,"FT%":0.3652851028,"TRB":0.042814507,"AST":0.4237175283,"STL":0.2599210964,"BLK":-0.0820943392,"TOV":-0.3834307666,"3P":0.4549450008,"PTS":0.4839963056,"Avg $":0.335827523},"FG%":{"d_FG%":0.4249074714,"d_FT%":-0.0332990838,"FG%":1.0,"FT%":0.1587894467,"TRB":0.314163065,"AST":0.0745013684,"STL":0.1323436779,"BLK":0.2713373076,"TOV":-0.1602873428,"3P":0.0209639519,"PTS":0.2177323842,"Avg $":0.1005289319},"FT%":{"d_FG%":-0.0038262037,"d_FT%":0.3652851028,"FG%":0.1587894467,"FT%":1.0,"TRB":0.2872986891,"AST":0.3332573884,"STL":0.3941604562,"BLK":0.1568078281,"TOV":-0.3648266938,"3P":0.4159656533,"PTS":0.4500155876,"Avg $":0.1608742236},"TRB":{"d_FG%":0.4913689074,"d_FT%":0.042814507,"FG%":0.314163065,"FT%":0.2872986891,"TRB":1.0,"AST":0.4715158387,"STL":0.5041315394,"BLK":0.6701397596,"TOV":-0.6142088131,"3P":0.2719580956,"PTS":0.6802940564,"Avg $":0.5199395507},"AST":{"d_FG%":0.0005452418,"d_FT%":0.4237175283,"FG%":0.0745013684,"FT%":0.3332573884,"TRB":0.4715158387,"AST":1.0,"STL":0.6658298582,"BLK":0.1668947834,"TOV":-0.852150495,"3P":0.5499156065,"PTS":0.7529415058,"Avg $":0.5942390808},"STL":{"d_FG%":0.0466037413,"d_FT%":0.2599210964,"FG%":0.1323436779,"FT%":0.3941604562,"TRB":0.5041315394,"AST":0.6658298582,"STL":1.0,"BLK":0.348705787,"TOV":-0.6388480953,"3P":0.527457331,"PTS":0.6619995221,"Avg $":0.3884400134},"BLK":{"d_FG%":0.4240279411,"d_FT%":-0.0820943392,"FG%":0.2713373076,"FT%":0.1568078281,"TRB":0.6701397596,"AST":0.1668947834,"STL":0.348705787,"BLK":1.0,"TOV":-0.2895538056,"3P":0.1015481288,"PTS":0.3779475725,"Avg $":0.3164402071},"TOV":{"d_FG%":-0.1028437367,"d_FT%":-0.3834307666,"FG%":-0.1602873428,"FT%":-0.3648266938,"TRB":-0.6142088131,"AST":-0.852150495,"STL":-0.6388480953,"BLK":-0.2895538056,"TOV":1.0,"3P":-0.5658518222,"PTS":-0.8391326795,"Avg $":-0.6413150752},"3P":{"d_FG%":-0.2364763692,"d_FT%":0.4549450008,"FG%":0.0209639519,"FT%":0.4159656533,"TRB":0.2719580956,"AST":0.5499156065,"STL":0.527457331,"BLK":0.1015481288,"TOV":-0.5658518222,"3P":1.0,"PTS":0.7350473907,"Avg $":0.3609539129},"PTS":{"d_FG%":0.2137437825,"d_FT%":0.4839963056,"FG%":0.2177323842,"FT%":0.4500155876,"TRB":0.6802940564,"AST":0.7529415058,"STL":0.6619995221,"BLK":0.3779475725,"TOV":-0.8391326795,"3P":0.7350473907,"PTS":1.0,"Avg $":0.6646360249},"Avg $":{"d_FG%":0.25239604,"d_FT%":0.335827523,"FG%":0.1005289319,"FT%":0.1608742236,"TRB":0.5199395507,"AST":0.5942390808,"STL":0.3884400134,"BLK":0.3164402071,"TOV":-0.6413150752,"3P":0.3609539129,"PTS":0.6646360249,"Avg $":1.0}}