{"d_FG%":{"d_FG%":1.0,"d_FT%":-0.0884900975,"FG%":0.4277475439,"FT%":0.0432346716,"TRB":0.629692653,"AST":0.1431533761,"STL":0.1463560033,"BLK":0.527568104,"TOV":-0.2580556317,"3P":-0.1582899848,"PTS":0.3452631498,"Avg $":0.3652422747},"d_FT%":{"d_FG%":-0.0884900975,"d_FT%":1.0,"FG%":-0.0328062798,"FT%":0.3262602788,"TRB":0.0818634473,"AST":0.4775422333,"STL":0.2706172653,"BLK":-0.0436528898,"TOV":-0.4357384944,"3P":0.5249387498,"PTS":0.5403145325,"Avg $":0.4304970213},"FG%":{"d_FG%":0.4277475439,"d_FT%":-0.0328062798,"FG%":1.0,"FT%":0.2933439888,"TRB":0.4010037926,"AST":0.1119367096,"STL":0.1579004695,"BLK":0.375016115,"TOV":-0.195780774,"3P":0.0372507022,"PTS":0.2953706619,"Avg $":0.1254017256},"FT%":{"d_FG%":0.0432346716,"d_FT%":0.3262602788,"FG%":0.2933439888,"FT%":1.0,"TRB":0.3095251502,"AST":0.3617193733,"STL":0.3666495363,"BLK":0.1634445293,"TOV":-0.3670075423,"3P":0.4411050116,"PTS":0.4730139627,"Avg $":0.1659175092},"TRB":{"d_FG%":0.629692653,"d_FT%":0.0818634473,"FG%":0.4010037926,"FT%":0.3095251502,"TRB":1.0,"AST":0.4572539146,"STL":0.4974018028,"BLK":0.6876133214,"TOV":-0.6200995595,"3P":0.263060082,"PTS":0.6774644527,"Avg $":0.5250533083},"AST":{"d_FG%":0.1431533761,"d_FT%":0.4775422333,"FG%":0.1119367096,"FT%":0.3617193733,"TRB":0.4572539146,"AST":1.0,"STL":0.6748176091,"BLK":0.1728904024,"TOV":-0.8658378619,"3P":0.5679701945,"PTS":0.7583089056,"Avg $":0.5801897896},"STL":{"d_FG%":0.1463560033,"d_FT%":0.2706172653,"FG%":0.1579004695,"FT%":0.3666495363,"TRB":0.4974018028,"AST":0.6748176091,"STL":1.0,"BLK":0.3576954297,"TOV":-0.6527247089,"3P":0.5205563638,"PTS":0.6383874284,"Avg $":0.3817057324},"BLK":{"d_FG%":0.527568104,"d_FT%":-0.0436528898,"FG%":0.375016115,"FT%":0.1634445293,"TRB":0.6876133214,"AST":0.1728904024,"STL":0.3576954297,"BLK":1.0,"TOV":-0.3195471897,"3P":0.0799526998,"PTS":0.3946799927,"Avg $":0.3306833528},"TOV":{"d_FG%":-0.2580556317,"d_FT%":-0.4357384944,"FG%":-0.195780774,"FT%":-0.3670075423,"TRB":-0.6200995595,"AST":-0.8658378619,"STL":-0.6527247089,"BLK":-0.3195471897,"TOV":1.0,"3P":-0.5565010262,"PTS":-0.8421450662,"Avg $":-0.638996562},"3P":{"d_FG%":-0.1582899848,"d_FT%":0.5249387498,"FG%":0.0372507022,"FT%":0.4411050116,"TRB":0.263060082,"AST":0.5679701945,"STL":0.5205563638,"BLK":0.0799526998,"TOV":-0.5565010262,"3P":1.0,"PTS":0.7336046465,"Avg $":0.3573296003},"PTS":{"d_FG%":0.3452631498,"d_FT%":0.5403145325,"FG%":0.2953706619,"FT%":0.4730139627,"TRB":0.6774644527,"AST":0.7583089056,"STL":0.6383874284,"BLK":0.3946799927,"TOV":-0.8421450662,"3P":0.7336046465,"PTS":1.0,"Avg $":0.669680682},"Avg $":{"d_FG%":0.3652422747,"d_FT%":0.4304970213,"FG%":0.1254017256,"FT%":0.1659175092,"TRB":0.5250533083,"AST":0.5801897896,"STL":0.3817057324,"BLK":0.3306833528,"TOV":-0.638996562,"3P":0.3573296003,"PTS":0.669680682,"Avg $":1.0}}