{"d_FG%":{"d_FG%":1.0,"d_FT%":-0.118730727,"FG%":0.3952320017,"FT%":0.0297536311,"TRB":0.5498803633,"AST":0.0970016347,"STL":0.0964736156,"BLK":0.4579273092,"TOV":-0.205198798,"3P":-0.1689590254,"PTS":0.2934072958,"Avg $":0.322909546},"d_FT%":{"d_FG%":-0.118730727,"d_FT%":1.0,"FG%":-0.0342613904,"FT%":0.3357725918,"TRB":0.0579280703,"AST":0.4332147063,"STL":0.2490380948,"BLK":-0.0491164049,"TOV":-0.4038297655,"3P":0.4989633654,"PTS":0.5188867978,"Avg $":0.3900352189},"FG%":{"d_FG%":0.3952320017,"d_FT%":-0.0342613904,"FG%":1.0,"FT%":0.1623082855,"TRB":0.3355001037,"AST":0.0873640526,"STL":0.1611926101,"BLK":0.3149360962,"TOV":-0.1647136725,"3P":0.0415395066,"PTS":0.2681100669,"Avg $":0.1119573251},"FT%":{"d_FG%":0.0297536311,"d_FT%":0.3357725918,"FG%":0.1623082855,"FT%":1.0,"TRB":0.299206207,"AST":0.3113951978,"STL":0.3239217858,"BLK":0.1142120786,"TOV":-0.3250908514,"3P":0.3995054242,"PTS":0.4477439043,"Avg $":0.1625352306},"TRB":{"d_FG%":0.5498803633,"d_FT%":0.0579280703,"FG%":0.3355001037,"FT%":0.299206207,"TRB":1.0,"AST":0.4569135515,"STL":0.468155717,"BLK":0.6431149856,"TOV":-0.5904468977,"3P":0.2723283764,"PTS":0.6729895671,"Avg $":0.5163970767},"AST":{"d_FG%":0.0970016347,"d_FT%":0.4332147063,"FG%":0.0873640526,"FT%":0.3113951978,"TRB":0.4569135515,"AST":1.0,"STL":0.6318985148,"BLK":0.1811653149,"TOV":-0.8490848645,"3P":0.5499712981,"PTS":0.7404976944,"Avg $":0.5721861839},"STL":{"d_FG%":0.0964736156,"d_FT%":0.2490380948,"FG%":0.1611926101,"FT%":0.3239217858,"TRB":0.468155717,"AST":0.6318985148,"STL":1.0,"BLK":0.3293265634,"TOV":-0.6210479272,"3P":0.4956637476,"PTS":0.6165219442,"Avg $":0.3566019937},"BLK":{"d_FG%":0.4579273092,"d_FT%":-0.0491164049,"FG%":0.3149360962,"FT%":0.1142120786,"TRB":0.6431149856,"AST":0.1811653149,"STL":0.3293265634,"BLK":1.0,"TOV":-0.2952184849,"3P":0.0717081631,"PTS":0.3624852447,"Avg $":0.2926752691},"TOV":{"d_FG%":-0.205198798,"d_FT%":-0.4038297655,"FG%":-0.1647136725,"FT%":-0.3250908514,"TRB":-0.5904468977,"AST":-0.8490848645,"STL":-0.6210479272,"BLK":-0.2952184849,"TOV":1.0,"3P":-0.5607522959,"PTS":-0.8231554112,"Avg $":-0.6353719519},"3P":{"d_FG%":-0.1689590254,"d_FT%":0.4989633654,"FG%":0.0415395066,"FT%":0.3995054242,"TRB":0.2723283764,"AST":0.5499712981,"STL":0.4956637476,"BLK":0.0717081631,"TOV":-0.5607522959,"3P":1.0,"PTS":0.7349841453,"Avg $":0.3655572789},"PTS":{"d_FG%":0.2934072958,"d_FT%":0.5188867978,"FG%":0.2681100669,"FT%":0.4477439043,"TRB":0.6729895671,"AST":0.7404976944,"STL":0.6165219442,"BLK":0.3624852447,"TOV":-0.8231554112,"3P":0.7349841453,"PTS":1.0,"Avg $":0.668643267},"Avg $":{"d_FG%":0.322909546,"d_FT%":0.3900352189,"FG%":0.1119573251,"FT%":0.1625352306,"TRB":0.5163970767,"AST":0.5721861839,"STL":0.3566019937,"BLK":0.2926752691,"TOV":-0.6353719519,"3P":0.3655572789,"PTS":0.668643267,"Avg $":1.0}}