{"d_FG%":{"d_FG%":1.0,"d_FT%":-0.1283214706,"FG%":0.4272160757,"FT%":-0.0016976794,"TRB":0.5280740986,"AST":0.0531547563,"STL":0.0612966929,"BLK":0.4460360884,"TOV":-0.154245764,"3P":-0.2313615028,"PTS":0.2413090484,"Avg $":0.2804143904},"d_FT%":{"d_FG%":-0.1283214706,"d_FT%":1.0,"FG%":-0.0430496653,"FT%":0.3536420005,"TRB":0.0499437668,"AST":0.4244573359,"STL":0.2385842753,"BLK":-0.0652162283,"TOV":-0.4023140929,"3P":0.4781879076,"PTS":0.5088359374,"Avg $":0.3676797864},"FG%":{"d_FG%":0.4272160757,"d_FT%":-0.0430496653,"FG%":1.0,"FT%":0.1410829694,"TRB":0.3236259679,"AST":0.0850157905,"STL":0.1200191665,"BLK":0.260900249,"TOV":-0.1551174007,"3P":0.0096423509,"PTS":0.2252374363,"Avg $":0.1147737453},"FT%":{"d_FG%":-0.0016976794,"d_FT%":0.3536420005,"FG%":0.1410829694,"FT%":1.0,"TRB":0.2679948325,"AST":0.3215798076,"STL":0.3728484893,"BLK":0.08577228,"TOV":-0.3472992474,"3P":0.3812583543,"PTS":0.4299145467,"Avg $":0.1503844918},"TRB":{"d_FG%":0.5280740986,"d_FT%":0.0499437668,"FG%":0.3236259679,"FT%":0.2679948325,"TRB":1.0,"AST":0.4663336064,"STL":0.5020333028,"BLK":0.6693920304,"TOV":-0.6043055924,"3P":0.2498303899,"PTS":0.6662344554,"Avg $":0.5139789509},"AST":{"d_FG%":0.0531547563,"d_FT%":0.4244573359,"FG%":0.0850157905,"FT%":0.3215798076,"TRB":0.4663336064,"AST":1.0,"STL":0.660467658,"BLK":0.1517166846,"TOV":-0.857046064,"3P":0.5435906731,"PTS":0.7497244544,"Avg $":0.586931387},"STL":{"d_FG%":0.0612966929,"d_FT%":0.2385842753,"FG%":0.1200191665,"FT%":0.3728484893,"TRB":0.5020333028,"AST":0.660467658,"STL":1.0,"BLK":0.3453844454,"TOV":-0.6358244472,"3P":0.5156214458,"PTS":0.6427845958,"Avg $":0.3714659293},"BLK":{"d_FG%":0.4460360884,"d_FT%":-0.0652162283,"FG%":0.260900249,"FT%":0.08577228,"TRB":0.6693920304,"AST":0.1517166846,"STL":0.3453844454,"BLK":1.0,"TOV":-0.2772902866,"3P":0.0747870115,"PTS":0.3569622514,"Avg $":0.301355362},"TOV":{"d_FG%":-0.154245764,"d_FT%":-0.4023140929,"FG%":-0.1551174007,"FT%":-0.3472992474,"TRB":-0.6043055924,"AST":-0.857046064,"STL":-0.6358244472,"BLK":-0.2772902866,"TOV":1.0,"3P":-0.5595825019,"PTS":-0.8398774633,"Avg $":-0.6471200177},"3P":{"d_FG%":-0.2313615028,"d_FT%":0.4781879076,"FG%":0.0096423509,"FT%":0.3812583543,"TRB":0.2498303899,"AST":0.5435906731,"STL":0.5156214458,"BLK":0.0747870115,"TOV":-0.5595825019,"3P":1.0,"PTS":0.7281938177,"Avg $":0.3507369677},"PTS":{"d_FG%":0.2413090484,"d_FT%":0.5088359374,"FG%":0.2252374363,"FT%":0.4299145467,"TRB":0.6662344554,"AST":0.7497244544,"STL":0.6427845958,"BLK":0.3569622514,"TOV":-0.8398774633,"3P":0.7281938177,"PTS":1.0,"Avg $":0.6636414494},"Avg $":{"d_FG%":0.2804143904,"d_FT%":0.3676797864,"FG%":0.1147737453,"FT%":0.1503844918,"TRB":0.5139789509,"AST":0.586931387,"STL":0.3714659293,"BLK":0.301355362,"TOV":-0.6471200177,"3P":0.3507369677,"PTS":0.6636414494,"Avg $":1.0}}