{"d_FG%":{"d_FG%":1.0,"d_FT%":-0.1370426607,"FG%":0.4372345032,"FT%":-0.0036040218,"TRB":0.5222722558,"AST":0.0305281258,"STL":0.0543036424,"BLK":0.4647118535,"TOV":-0.1319620485,"3P":-0.2310345839,"PTS":0.2336968292,"Avg $":0.2681711271},"d_FT%":{"d_FG%":-0.1370426607,"d_FT%":1.0,"FG%":-0.047539909,"FT%":0.3646159737,"TRB":0.0345102416,"AST":0.4337616792,"STL":0.2508411112,"BLK":-0.0947488515,"TOV":-0.4021083794,"3P":0.4664875054,"PTS":0.4949430785,"Avg $":0.3520636628},"FG%":{"d_FG%":0.4372345032,"d_FT%":-0.047539909,"FG%":1.0,"FT%":0.1650496223,"TRB":0.3384248366,"AST":0.0750203134,"STL":0.1379461354,"BLK":0.3061830427,"TOV":-0.1613041147,"3P":0.0069718381,"PTS":0.2203403863,"Avg $":0.1051629618},"FT%":{"d_FG%":-0.0036040218,"d_FT%":0.3646159737,"FG%":0.1650496223,"FT%":1.0,"TRB":0.2725185944,"AST":0.3222170432,"STL":0.3709658839,"BLK":0.1124872533,"TOV":-0.3526812692,"3P":0.3940028725,"PTS":0.4346141102,"Avg $":0.1576661734},"TRB":{"d_FG%":0.5222722558,"d_FT%":0.0345102416,"FG%":0.3384248366,"FT%":0.2725185944,"TRB":1.0,"AST":0.4675959321,"STL":0.5055262615,"BLK":0.668734234,"TOV":-0.6152755964,"3P":0.2540535043,"PTS":0.6746093646,"Avg $":0.5226676056},"AST":{"d_FG%":0.0305281258,"d_FT%":0.4337616792,"FG%":0.0750203134,"FT%":0.3222170432,"TRB":0.4675959321,"AST":1.0,"STL":0.6696446349,"BLK":0.1608168047,"TOV":-0.8605964523,"3P":0.5456844062,"PTS":0.7532143219,"Avg $":0.5962296838},"STL":{"d_FG%":0.0543036424,"d_FT%":0.2508411112,"FG%":0.1379461354,"FT%":0.3709658839,"TRB":0.5055262615,"AST":0.6696446349,"STL":1.0,"BLK":0.3410402387,"TOV":-0.6488841566,"3P":0.5300382525,"PTS":0.6606141994,"Avg $":0.3794740306},"BLK":{"d_FG%":0.4647118535,"d_FT%":-0.0947488515,"FG%":0.3061830427,"FT%":0.1124872533,"TRB":0.668734234,"AST":0.1608168047,"STL":0.3410402387,"BLK":1.0,"TOV":-0.2874312039,"3P":0.0953651775,"PTS":0.3776218535,"Avg $":0.309834544},"TOV":{"d_FG%":-0.1319620485,"d_FT%":-0.4021083794,"FG%":-0.1613041147,"FT%":-0.3526812692,"TRB":-0.6152755964,"AST":-0.8605964523,"STL":-0.6488841566,"BLK":-0.2874312039,"TOV":1.0,"3P":-0.5686001571,"PTS":-0.8441805702,"Avg $":-0.6477184446},"3P":{"d_FG%":-0.2310345839,"d_FT%":0.4664875054,"FG%":0.0069718381,"FT%":0.3940028725,"TRB":0.2540535043,"AST":0.5456844062,"STL":0.5300382525,"BLK":0.0953651775,"TOV":-0.5686001571,"3P":1.0,"PTS":0.7308489419,"Avg $":0.353681826},"PTS":{"d_FG%":0.2336968292,"d_FT%":0.4949430785,"FG%":0.2203403863,"FT%":0.4346141102,"TRB":0.6746093646,"AST":0.7532143219,"STL":0.6606141994,"BLK":0.3776218535,"TOV":-0.8441805702,"3P":0.7308489419,"PTS":1.0,"Avg $":0.6679719357},"Avg $":{"d_FG%":0.2681711271,"d_FT%":0.3520636628,"FG%":0.1051629618,"FT%":0.1576661734,"TRB":0.5226676056,"AST":0.5962296838,"STL":0.3794740306,"BLK":0.309834544,"TOV":-0.6477184446,"3P":0.353681826,"PTS":0.6679719357,"Avg $":1.0}}