{"d_FG%":{"d_FG%":1.0,"d_FT%":-0.1214277288,"FG%":0.3952988757,"FT%":0.0383069219,"TRB":0.5586411654,"AST":0.1082959509,"STL":0.105301935,"BLK":0.4788898708,"TOV":-0.2151263499,"3P":-0.1565817353,"PTS":0.3013701136,"Avg $":0.3271347452},"d_FT%":{"d_FG%":-0.1214277288,"d_FT%":1.0,"FG%":-0.0330277755,"FT%":0.3325846701,"TRB":0.0523034604,"AST":0.4296841224,"STL":0.2439912825,"BLK":-0.0486574076,"TOV":-0.4016498019,"3P":0.4878619829,"PTS":0.5129111286,"Avg $":0.3937574836},"FG%":{"d_FG%":0.3952988757,"d_FT%":-0.0330277755,"FG%":1.0,"FT%":0.1875693499,"TRB":0.3568653628,"AST":0.1107141966,"STL":0.1872230775,"BLK":0.3167763777,"TOV":-0.1763571578,"3P":0.0805047027,"PTS":0.2851391322,"Avg $":0.1102292208},"FT%":{"d_FG%":0.0383069219,"d_FT%":0.3325846701,"FG%":0.1875693499,"FT%":1.0,"TRB":0.3032940352,"AST":0.3378460279,"STL":0.3547818527,"BLK":0.1400079384,"TOV":-0.3285339598,"3P":0.3924559993,"PTS":0.4505618823,"Avg $":0.161598157},"TRB":{"d_FG%":0.5586411654,"d_FT%":0.0523034604,"FG%":0.3568653628,"FT%":0.3032940352,"TRB":1.0,"AST":0.4610300567,"STL":0.4614113331,"BLK":0.6519353137,"TOV":-0.5931712505,"3P":0.2690474423,"PTS":0.6712570671,"Avg $":0.5164723647},"AST":{"d_FG%":0.1082959509,"d_FT%":0.4296841224,"FG%":0.1107141966,"FT%":0.3378460279,"TRB":0.4610300567,"AST":1.0,"STL":0.631838795,"BLK":0.1738409806,"TOV":-0.8487978139,"3P":0.542578273,"PTS":0.7481541278,"Avg $":0.571527565},"STL":{"d_FG%":0.105301935,"d_FT%":0.2439912825,"FG%":0.1872230775,"FT%":0.3547818527,"TRB":0.4614113331,"AST":0.631838795,"STL":1.0,"BLK":0.3301457351,"TOV":-0.6141091175,"3P":0.5050386515,"PTS":0.6202452556,"Avg $":0.3483558779},"BLK":{"d_FG%":0.4788898708,"d_FT%":-0.0486574076,"FG%":0.3167763777,"FT%":0.1400079384,"TRB":0.6519353137,"AST":0.1738409806,"STL":0.3301457351,"BLK":1.0,"TOV":-0.2973029111,"3P":0.0685438275,"PTS":0.3683929603,"Avg $":0.3031487404},"TOV":{"d_FG%":-0.2151263499,"d_FT%":-0.4016498019,"FG%":-0.1763571578,"FT%":-0.3285339598,"TRB":-0.5931712505,"AST":-0.8487978139,"STL":-0.6141091175,"BLK":-0.2973029111,"TOV":1.0,"3P":-0.5481834255,"PTS":-0.8241027902,"Avg $":-0.6328042361},"3P":{"d_FG%":-0.1565817353,"d_FT%":0.4878619829,"FG%":0.0805047027,"FT%":0.3924559993,"TRB":0.2690474423,"AST":0.542578273,"STL":0.5050386515,"BLK":0.0685438275,"TOV":-0.5481834255,"3P":1.0,"PTS":0.7334591937,"Avg $":0.355526587},"PTS":{"d_FG%":0.3013701136,"d_FT%":0.5129111286,"FG%":0.2851391322,"FT%":0.4505618823,"TRB":0.6712570671,"AST":0.7481541278,"STL":0.6202452556,"BLK":0.3683929603,"TOV":-0.8241027902,"3P":0.7334591937,"PTS":1.0,"Avg $":0.6641878568},"Avg $":{"d_FG%":0.3271347452,"d_FT%":0.3937574836,"FG%":0.1102292208,"FT%":0.161598157,"TRB":0.5164723647,"AST":0.571527565,"STL":0.3483558779,"BLK":0.3031487404,"TOV":-0.6328042361,"3P":0.355526587,"PTS":0.6641878568,"Avg $":1.0}}