{"d_FG%":{"d_FG%":1.0,"d_FT%":-0.1286123655,"FG%":0.4070264068,"FT%":0.0337158081,"TRB":0.5688401042,"AST":0.1083607497,"STL":0.1199511456,"BLK":0.4948282269,"TOV":-0.2150401301,"3P":-0.1524575593,"PTS":0.3097249136,"Avg $":0.3153707869},"d_FT%":{"d_FG%":-0.1286123655,"d_FT%":1.0,"FG%":-0.0343599904,"FT%":0.3253152711,"TRB":0.0585190111,"AST":0.4451151375,"STL":0.2435160939,"BLK":-0.0349323851,"TOV":-0.4168864011,"3P":0.5091259876,"PTS":0.5208691245,"Avg $":0.4219357774},"FG%":{"d_FG%":0.4070264068,"d_FT%":-0.0343599904,"FG%":1.0,"FT%":0.221813954,"TRB":0.3491978902,"AST":0.0938725484,"STL":0.1403218614,"BLK":0.3269235263,"TOV":-0.1623792097,"3P":0.0579767773,"PTS":0.277371828,"Avg $":0.1129739046},"FT%":{"d_FG%":0.0337158081,"d_FT%":0.3253152711,"FG%":0.221813954,"FT%":1.0,"TRB":0.2977487659,"AST":0.336417995,"STL":0.33218807,"BLK":0.1484077533,"TOV":-0.3400254817,"3P":0.4149668267,"PTS":0.4549949239,"Avg $":0.1649365671},"TRB":{"d_FG%":0.5688401042,"d_FT%":0.0585190111,"FG%":0.3491978902,"FT%":0.2977487659,"TRB":1.0,"AST":0.4646952392,"STL":0.485872811,"BLK":0.6617119565,"TOV":-0.608283198,"3P":0.2768118719,"PTS":0.6770857112,"Avg $":0.5199196048},"AST":{"d_FG%":0.1083607497,"d_FT%":0.4451151375,"FG%":0.0938725484,"FT%":0.336417995,"TRB":0.4646952392,"AST":1.0,"STL":0.6539479297,"BLK":0.1838513591,"TOV":-0.8501758561,"3P":0.5549282503,"PTS":0.7486249003,"Avg $":0.577523066},"STL":{"d_FG%":0.1199511456,"d_FT%":0.2435160939,"FG%":0.1403218614,"FT%":0.33218807,"TRB":0.485872811,"AST":0.6539479297,"STL":1.0,"BLK":0.3655472154,"TOV":-0.6198246903,"3P":0.498675515,"PTS":0.6199954737,"Avg $":0.3691439082},"BLK":{"d_FG%":0.4948282269,"d_FT%":-0.0349323851,"FG%":0.3269235263,"FT%":0.1484077533,"TRB":0.6617119565,"AST":0.1838513591,"STL":0.3655472154,"BLK":1.0,"TOV":-0.3116154875,"3P":0.0959365475,"PTS":0.3887985178,"Avg $":0.3142937293},"TOV":{"d_FG%":-0.2150401301,"d_FT%":-0.4168864011,"FG%":-0.1623792097,"FT%":-0.3400254817,"TRB":-0.608283198,"AST":-0.8501758561,"STL":-0.6198246903,"BLK":-0.3116154875,"TOV":1.0,"3P":-0.5625487656,"PTS":-0.830319823,"Avg $":-0.643647259},"3P":{"d_FG%":-0.1524575593,"d_FT%":0.5091259876,"FG%":0.0579767773,"FT%":0.4149668267,"TRB":0.2768118719,"AST":0.5549282503,"STL":0.498675515,"BLK":0.0959365475,"TOV":-0.5625487656,"3P":1.0,"PTS":0.7405816651,"Avg $":0.3571855435},"PTS":{"d_FG%":0.3097249136,"d_FT%":0.5208691245,"FG%":0.277371828,"FT%":0.4549949239,"TRB":0.6770857112,"AST":0.7486249003,"STL":0.6199954737,"BLK":0.3887985178,"TOV":-0.830319823,"3P":0.7405816651,"PTS":1.0,"Avg $":0.6670802833},"Avg $":{"d_FG%":0.3153707869,"d_FT%":0.4219357774,"FG%":0.1129739046,"FT%":0.1649365671,"TRB":0.5199196048,"AST":0.577523066,"STL":0.3691439082,"BLK":0.3142937293,"TOV":-0.643647259,"3P":0.3571855435,"PTS":0.6670802833,"Avg $":1.0}}