{"d_FG%":{"d_FG%":1.0,"d_FT%":-0.1080809001,"FG%":0.4124772644,"FT%":0.0390601683,"TRB":0.594025342,"AST":0.1244051785,"STL":0.13196607,"BLK":0.5062262875,"TOV":-0.2306324378,"3P":-0.1549401751,"PTS":0.3238457905,"Avg $":0.3267250028},"d_FT%":{"d_FG%":-0.1080809001,"d_FT%":1.0,"FG%":-0.0332622267,"FT%":0.3249543151,"TRB":0.0845198192,"AST":0.4902337131,"STL":0.2628214278,"BLK":-0.0353052127,"TOV":-0.449271821,"3P":0.5227474987,"PTS":0.5445202538,"Avg $":0.458359097},"FG%":{"d_FG%":0.4124772644,"d_FT%":-0.0332622267,"FG%":1.0,"FT%":0.228636863,"TRB":0.3688317861,"AST":0.0981375566,"STL":0.1511356563,"BLK":0.3328009156,"TOV":-0.1679508031,"3P":0.0405873878,"PTS":0.2806475868,"Avg $":0.1123053312},"FT%":{"d_FG%":0.0390601683,"d_FT%":0.3249543151,"FG%":0.228636863,"FT%":1.0,"TRB":0.3065125002,"AST":0.3557200972,"STL":0.3339659557,"BLK":0.145986272,"TOV":-0.355706611,"3P":0.4364906324,"PTS":0.4669381208,"Avg $":0.1682387405},"TRB":{"d_FG%":0.594025342,"d_FT%":0.0845198192,"FG%":0.3688317861,"FT%":0.3065125002,"TRB":1.0,"AST":0.4655264456,"STL":0.4959619873,"BLK":0.6733437805,"TOV":-0.6175489635,"3P":0.2758522605,"PTS":0.6831625071,"Avg $":0.5222335715},"AST":{"d_FG%":0.1244051785,"d_FT%":0.4902337131,"FG%":0.0981375566,"FT%":0.3557200972,"TRB":0.4655264456,"AST":1.0,"STL":0.6649983312,"BLK":0.1801635178,"TOV":-0.8571811128,"3P":0.5620020588,"PTS":0.7556540287,"Avg $":0.5824005272},"STL":{"d_FG%":0.13196607,"d_FT%":0.2628214278,"FG%":0.1511356563,"FT%":0.3339659557,"TRB":0.4959619873,"AST":0.6649983312,"STL":1.0,"BLK":0.3624564717,"TOV":-0.6403526501,"3P":0.5117131613,"PTS":0.6301599644,"Avg $":0.3810463178},"BLK":{"d_FG%":0.5062262875,"d_FT%":-0.0353052127,"FG%":0.3328009156,"FT%":0.145986272,"TRB":0.6733437805,"AST":0.1801635178,"STL":0.3624564717,"BLK":1.0,"TOV":-0.3235223138,"3P":0.0896190032,"PTS":0.395712519,"Avg $":0.3180469693},"TOV":{"d_FG%":-0.2306324378,"d_FT%":-0.449271821,"FG%":-0.1679508031,"FT%":-0.355706611,"TRB":-0.6175489635,"AST":-0.8571811128,"STL":-0.6403526501,"BLK":-0.3235223138,"TOV":1.0,"3P":-0.561656425,"PTS":-0.8355114443,"Avg $":-0.6465651377},"3P":{"d_FG%":-0.1549401751,"d_FT%":0.5227474987,"FG%":0.0405873878,"FT%":0.4364906324,"TRB":0.2758522605,"AST":0.5620020588,"STL":0.5117131613,"BLK":0.0896190032,"TOV":-0.561656425,"3P":1.0,"PTS":0.7379930002,"Avg $":0.3586219921},"PTS":{"d_FG%":0.3238457905,"d_FT%":0.5445202538,"FG%":0.2806475868,"FT%":0.4669381208,"TRB":0.6831625071,"AST":0.7556540287,"STL":0.6301599644,"BLK":0.395712519,"TOV":-0.8355114443,"3P":0.7379930002,"PTS":1.0,"Avg $":0.6691550056},"Avg $":{"d_FG%":0.3267250028,"d_FT%":0.458359097,"FG%":0.1123053312,"FT%":0.1682387405,"TRB":0.5222335715,"AST":0.5824005272,"STL":0.3810463178,"BLK":0.3180469693,"TOV":-0.6465651377,"3P":0.3586219921,"PTS":0.6691550056,"Avg $":1.0}}