{"d_FG%":{"d_FG%":1.0,"d_FT%":-0.0922487686,"FG%":0.4253191244,"FT%":0.0435934132,"TRB":0.6143821528,"AST":0.1470448179,"STL":0.1522716734,"BLK":0.5207568597,"TOV":-0.2517386469,"3P":-0.1510500714,"PTS":0.3493697565,"Avg $":0.363558467},"d_FT%":{"d_FG%":-0.0922487686,"d_FT%":1.0,"FG%":-0.0344930973,"FT%":0.321649354,"TRB":0.0596195967,"AST":0.4706499481,"STL":0.2577661179,"BLK":-0.0552029716,"TOV":-0.4238055925,"3P":0.5131268776,"PTS":0.5243281397,"Avg $":0.4246989711},"FG%":{"d_FG%":0.4253191244,"d_FT%":-0.0344930973,"FG%":1.0,"FT%":0.2687761459,"TRB":0.3931626335,"AST":0.1146549289,"STL":0.1641100947,"BLK":0.3544636725,"TOV":-0.1884084023,"3P":0.0466212775,"PTS":0.2982916882,"Avg $":0.1234609576},"FT%":{"d_FG%":0.0435934132,"d_FT%":0.321649354,"FG%":0.2687761459,"FT%":1.0,"TRB":0.2993930574,"AST":0.3493949074,"STL":0.3352150789,"BLK":0.1513085093,"TOV":-0.3438011936,"3P":0.4312719089,"PTS":0.4613271477,"Avg $":0.1641757189},"TRB":{"d_FG%":0.6143821528,"d_FT%":0.0596195967,"FG%":0.3931626335,"FT%":0.2993930574,"TRB":1.0,"AST":0.4610780253,"STL":0.4999537691,"BLK":0.6712075854,"TOV":-0.6141089331,"3P":0.2672817248,"PTS":0.6792388566,"Avg $":0.5220399621},"AST":{"d_FG%":0.1470448179,"d_FT%":0.4706499481,"FG%":0.1146549289,"FT%":0.3493949074,"TRB":0.4610780253,"AST":1.0,"STL":0.6674615576,"BLK":0.1731012631,"TOV":-0.8623767026,"3P":0.5654748829,"PTS":0.7573468915,"Avg $":0.5851038832},"STL":{"d_FG%":0.1522716734,"d_FT%":0.2577661179,"FG%":0.1641100947,"FT%":0.3352150789,"TRB":0.4999537691,"AST":0.6674615576,"STL":1.0,"BLK":0.351872872,"TOV":-0.6493952482,"3P":0.5099397998,"PTS":0.6300569227,"Avg $":0.3841773051},"BLK":{"d_FG%":0.5207568597,"d_FT%":-0.0552029716,"FG%":0.3544636725,"FT%":0.1513085093,"TRB":0.6712075854,"AST":0.1731012631,"STL":0.351872872,"BLK":1.0,"TOV":-0.3138684781,"3P":0.0814989409,"PTS":0.3933331097,"Avg $":0.3259845152},"TOV":{"d_FG%":-0.2517386469,"d_FT%":-0.4238055925,"FG%":-0.1884084023,"FT%":-0.3438011936,"TRB":-0.6141089331,"AST":-0.8623767026,"STL":-0.6493952482,"BLK":-0.3138684781,"TOV":1.0,"3P":-0.5584425823,"PTS":-0.8341781005,"Avg $":-0.6427491109},"3P":{"d_FG%":-0.1510500714,"d_FT%":0.5131268776,"FG%":0.0466212775,"FT%":0.4312719089,"TRB":0.2672817248,"AST":0.5654748829,"STL":0.5099397998,"BLK":0.0814989409,"TOV":-0.5584425823,"3P":1.0,"PTS":0.7346742561,"Avg $":0.3584425726},"PTS":{"d_FG%":0.3493697565,"d_FT%":0.5243281397,"FG%":0.2982916882,"FT%":0.4613271477,"TRB":0.6792388566,"AST":0.7573468915,"STL":0.6300569227,"BLK":0.3933331097,"TOV":-0.8341781005,"3P":0.7346742561,"PTS":1.0,"Avg $":0.6702455495},"Avg $":{"d_FG%":0.363558467,"d_FT%":0.4246989711,"FG%":0.1234609576,"FT%":0.1641757189,"TRB":0.5220399621,"AST":0.5851038832,"STL":0.3841773051,"BLK":0.3259845152,"TOV":-0.6427491109,"3P":0.3584425726,"PTS":0.6702455495,"Avg $":1.0}}