{"d_FG%":{"d_FG%":1.0,"d_FT%":-0.1117210365,"FG%":0.4213574576,"FT%":0.0396692093,"TRB":0.6015364264,"AST":0.1297381721,"STL":0.1394318541,"BLK":0.5134759935,"TOV":-0.2357061453,"3P":-0.1537764277,"PTS":0.3319161418,"Avg $":0.3366608801},"d_FT%":{"d_FG%":-0.1117210365,"d_FT%":1.0,"FG%":-0.0379359486,"FT%":0.3222687561,"TRB":0.0634982759,"AST":0.4771418275,"STL":0.2503020427,"BLK":-0.0540134721,"TOV":-0.4284012418,"3P":0.5138836846,"PTS":0.5266161456,"Avg $":0.438076302},"FG%":{"d_FG%":0.4213574576,"d_FT%":-0.0379359486,"FG%":1.0,"FT%":0.2545473426,"TRB":0.3858227979,"AST":0.1073668652,"STL":0.1616936145,"BLK":0.3422003551,"TOV":-0.1819858284,"3P":0.049234206,"PTS":0.2938778213,"Avg $":0.1160513268},"FT%":{"d_FG%":0.0396692093,"d_FT%":0.3222687561,"FG%":0.2545473426,"FT%":1.0,"TRB":0.2975768439,"AST":0.3456966772,"STL":0.3256905196,"BLK":0.1475701045,"TOV":-0.3436477515,"3P":0.427689651,"PTS":0.4585836438,"Avg $":0.1647328145},"TRB":{"d_FG%":0.6015364264,"d_FT%":0.0634982759,"FG%":0.3858227979,"FT%":0.2975768439,"TRB":1.0,"AST":0.4621995663,"STL":0.4981023629,"BLK":0.6720232193,"TOV":-0.6173481657,"3P":0.2682648418,"PTS":0.6795543866,"Avg $":0.5203906205},"AST":{"d_FG%":0.1297381721,"d_FT%":0.4771418275,"FG%":0.1073668652,"FT%":0.3456966772,"TRB":0.4621995663,"AST":1.0,"STL":0.6667118909,"BLK":0.1734690393,"TOV":-0.8597053889,"3P":0.5597842273,"PTS":0.7549347995,"Avg $":0.582739468},"STL":{"d_FG%":0.1394318541,"d_FT%":0.2503020427,"FG%":0.1616936145,"FT%":0.3256905196,"TRB":0.4981023629,"AST":0.6667118909,"STL":1.0,"BLK":0.3458883602,"TOV":-0.6461374212,"3P":0.5109028507,"PTS":0.6292015244,"Avg $":0.3849919633},"BLK":{"d_FG%":0.5134759935,"d_FT%":-0.0540134721,"FG%":0.3422003551,"FT%":0.1475701045,"TRB":0.6720232193,"AST":0.1734690393,"STL":0.3458883602,"BLK":1.0,"TOV":-0.3161799506,"3P":0.0830848201,"PTS":0.3911100381,"Avg $":0.3193227468},"TOV":{"d_FG%":-0.2357061453,"d_FT%":-0.4284012418,"FG%":-0.1819858284,"FT%":-0.3436477515,"TRB":-0.6173481657,"AST":-0.8597053889,"STL":-0.6461374212,"BLK":-0.3161799506,"TOV":1.0,"3P":-0.5564558366,"PTS":-0.8341291735,"Avg $":-0.6454125956},"3P":{"d_FG%":-0.1537764277,"d_FT%":0.5138836846,"FG%":0.049234206,"FT%":0.427689651,"TRB":0.2682648418,"AST":0.5597842273,"STL":0.5109028507,"BLK":0.0830848201,"TOV":-0.5564558366,"3P":1.0,"PTS":0.7358631445,"Avg $":0.3572191694},"PTS":{"d_FG%":0.3319161418,"d_FT%":0.5266161456,"FG%":0.2938778213,"FT%":0.4585836438,"TRB":0.6795543866,"AST":0.7549347995,"STL":0.6292015244,"BLK":0.3911100381,"TOV":-0.8341291735,"3P":0.7358631445,"PTS":1.0,"Avg $":0.669032901},"Avg $":{"d_FG%":0.3366608801,"d_FT%":0.438076302,"FG%":0.1160513268,"FT%":0.1647328145,"TRB":0.5203906205,"AST":0.582739468,"STL":0.3849919633,"BLK":0.3193227468,"TOV":-0.6454125956,"3P":0.3572191694,"PTS":0.669032901,"Avg $":1.0}}