{"d_FG%":{"d_FG%":1.0,"d_FT%":-0.0797009881,"FG%":0.406925489,"FT%":0.0071938374,"TRB":0.4631218857,"AST":0.0129718311,"STL":0.0515712329,"BLK":0.3722526701,"TOV":-0.0827733323,"3P":-0.2126444858,"PTS":0.2084243662,"Avg $":0.2181693046},"d_FT%":{"d_FG%":-0.0797009881,"d_FT%":1.0,"FG%":-0.0369423005,"FT%":0.3560436595,"TRB":0.0092021446,"AST":0.3377777459,"STL":0.1838316867,"BLK":-0.1117576892,"TOV":-0.3042287555,"3P":0.4138377788,"PTS":0.4204569154,"Avg $":0.2788682239},"FG%":{"d_FG%":0.406925489,"d_FT%":-0.0369423005,"FG%":1.0,"FT%":0.155079726,"TRB":0.2890857091,"AST":0.0833090784,"STL":0.1428765285,"BLK":0.2419934523,"TOV":-0.1373637454,"3P":0.041811197,"PTS":0.2224624635,"Avg $":0.0899895642},"FT%":{"d_FG%":0.0071938374,"d_FT%":0.3560436595,"FG%":0.155079726,"FT%":1.0,"TRB":0.3212168144,"AST":0.3325030592,"STL":0.3919423313,"BLK":0.1733581028,"TOV":-0.3616373296,"3P":0.3959029668,"PTS":0.4638948019,"Avg $":0.1790518933},"TRB":{"d_FG%":0.4631218857,"d_FT%":0.0092021446,"FG%":0.2890857091,"FT%":0.3212168144,"TRB":1.0,"AST":0.4705824307,"STL":0.5105570004,"BLK":0.6474477751,"TOV":-0.6172079151,"3P":0.2964760168,"PTS":0.686253755,"Avg $":0.529040843},"AST":{"d_FG%":0.0129718311,"d_FT%":0.3377777459,"FG%":0.0833090784,"FT%":0.3325030592,"TRB":0.4705824307,"AST":1.0,"STL":0.6375249969,"BLK":0.17561052,"TOV":-0.8245388778,"3P":0.5494231022,"PTS":0.7448662306,"Avg $":0.5873984066},"STL":{"d_FG%":0.0515712329,"d_FT%":0.1838316867,"FG%":0.1428765285,"FT%":0.3919423313,"TRB":0.5105570004,"AST":0.6375249969,"STL":1.0,"BLK":0.368820522,"TOV":-0.6358933117,"3P":0.49618948,"PTS":0.6324838853,"Avg $":0.3923105688},"BLK":{"d_FG%":0.3722526701,"d_FT%":-0.1117576892,"FG%":0.2419934523,"FT%":0.1733581028,"TRB":0.6474477751,"AST":0.17561052,"STL":0.368820522,"BLK":1.0,"TOV":-0.2984456787,"3P":0.1220424731,"PTS":0.3681522624,"Avg $":0.3028005059},"TOV":{"d_FG%":-0.0827733323,"d_FT%":-0.3042287555,"FG%":-0.1373637454,"FT%":-0.3616373296,"TRB":-0.6172079151,"AST":-0.8245388778,"STL":-0.6358933117,"BLK":-0.2984456787,"TOV":1.0,"3P":-0.5628502111,"PTS":-0.819040035,"Avg $":-0.6271109651},"3P":{"d_FG%":-0.2126444858,"d_FT%":0.4138377788,"FG%":0.041811197,"FT%":0.3959029668,"TRB":0.2964760168,"AST":0.5494231022,"STL":0.49618948,"BLK":0.1220424731,"TOV":-0.5628502111,"3P":1.0,"PTS":0.7431329988,"Avg $":0.3738363378},"PTS":{"d_FG%":0.2084243662,"d_FT%":0.4204569154,"FG%":0.2224624635,"FT%":0.4638948019,"TRB":0.686253755,"AST":0.7448662306,"STL":0.6324838853,"BLK":0.3681522624,"TOV":-0.819040035,"3P":0.7431329988,"PTS":1.0,"Avg $":0.6472916474},"Avg $":{"d_FG%":0.2181693046,"d_FT%":0.2788682239,"FG%":0.0899895642,"FT%":0.1790518933,"TRB":0.529040843,"AST":0.5873984066,"STL":0.3923105688,"BLK":0.3028005059,"TOV":-0.6271109651,"3P":0.3738363378,"PTS":0.6472916474,"Avg $":1.0}}