{"d_FG%":{"d_FG%":1.0,"d_FT%":-0.1321410478,"FG%":0.4234770284,"FT%":-0.0151622322,"TRB":0.4986293702,"AST":0.0024499084,"STL":0.0415177275,"BLK":0.4308341173,"TOV":-0.1048009731,"3P":-0.2379348036,"PTS":0.209418687,"Avg $":0.246047715},"d_FT%":{"d_FG%":-0.1321410478,"d_FT%":1.0,"FG%":-0.0488710657,"FT%":0.3653701452,"TRB":0.0356940569,"AST":0.4303022686,"STL":0.2549556299,"BLK":-0.0981019386,"TOV":-0.3835525994,"3P":0.4621339724,"PTS":0.4857986737,"Avg $":0.3436303576},"FG%":{"d_FG%":0.4234770284,"d_FT%":-0.0488710657,"FG%":1.0,"FT%":0.1038478566,"TRB":0.302799629,"AST":0.0617756545,"STL":0.1120647611,"BLK":0.2722088376,"TOV":-0.1445005142,"3P":-0.000358454,"PTS":0.1935120268,"Avg $":0.0932482985},"FT%":{"d_FG%":-0.0151622322,"d_FT%":0.3653701452,"FG%":0.1038478566,"FT%":1.0,"TRB":0.2771950079,"AST":0.3255944275,"STL":0.3621915146,"BLK":0.1189759578,"TOV":-0.3497364053,"3P":0.3968490522,"PTS":0.438916296,"Avg $":0.1563660213},"TRB":{"d_FG%":0.4986293702,"d_FT%":0.0356940569,"FG%":0.302799629,"FT%":0.2771950079,"TRB":1.0,"AST":0.4675540822,"STL":0.4958393379,"BLK":0.6710555153,"TOV":-0.6087253198,"3P":0.2693753895,"PTS":0.6783184033,"Avg $":0.518216863},"AST":{"d_FG%":0.0024499084,"d_FT%":0.4303022686,"FG%":0.0617756545,"FT%":0.3255944275,"TRB":0.4675540822,"AST":1.0,"STL":0.6627683364,"BLK":0.1612348133,"TOV":-0.8557061308,"3P":0.5498581288,"PTS":0.7559701126,"Avg $":0.597674546},"STL":{"d_FG%":0.0415177275,"d_FT%":0.2549556299,"FG%":0.1120647611,"FT%":0.3621915146,"TRB":0.4958393379,"AST":0.6627683364,"STL":1.0,"BLK":0.3451138296,"TOV":-0.6420561833,"3P":0.5330758912,"PTS":0.6530762053,"Avg $":0.3791340091},"BLK":{"d_FG%":0.4308341173,"d_FT%":-0.0981019386,"FG%":0.2722088376,"FT%":0.1189759578,"TRB":0.6710555153,"AST":0.1612348133,"STL":0.3451138296,"BLK":1.0,"TOV":-0.2799236604,"3P":0.1005791762,"PTS":0.3703847168,"Avg $":0.3086824179},"TOV":{"d_FG%":-0.1048009731,"d_FT%":-0.3835525994,"FG%":-0.1445005142,"FT%":-0.3497364053,"TRB":-0.6087253198,"AST":-0.8557061308,"STL":-0.6420561833,"BLK":-0.2799236604,"TOV":1.0,"3P":-0.5634327759,"PTS":-0.8385492755,"Avg $":-0.6370452018},"3P":{"d_FG%":-0.2379348036,"d_FT%":0.4621339724,"FG%":-0.000358454,"FT%":0.3968490522,"TRB":0.2693753895,"AST":0.5498581288,"STL":0.5330758912,"BLK":0.1005791762,"TOV":-0.5634327759,"3P":1.0,"PTS":0.7336634022,"Avg $":0.3592507301},"PTS":{"d_FG%":0.209418687,"d_FT%":0.4857986737,"FG%":0.1935120268,"FT%":0.438916296,"TRB":0.6783184033,"AST":0.7559701126,"STL":0.6530762053,"BLK":0.3703847168,"TOV":-0.8385492755,"3P":0.7336634022,"PTS":1.0,"Avg $":0.6657889404},"Avg $":{"d_FG%":0.246047715,"d_FT%":0.3436303576,"FG%":0.0932482985,"FT%":0.1563660213,"TRB":0.518216863,"AST":0.597674546,"STL":0.3791340091,"BLK":0.3086824179,"TOV":-0.6370452018,"3P":0.3592507301,"PTS":0.6657889404,"Avg $":1.0}}