{"d_FG%":{"d_FG%":1.0,"d_FT%":-0.084461549,"FG%":0.4246539155,"FT%":0.0366153034,"TRB":0.6274873653,"AST":0.1259732361,"STL":0.1277359815,"BLK":0.5523160895,"TOV":-0.2461262449,"3P":-0.1695717614,"PTS":0.3354117074,"Avg $":0.3654351839},"d_FT%":{"d_FG%":-0.084461549,"d_FT%":1.0,"FG%":-0.0326885769,"FT%":0.3177505008,"TRB":0.0863383749,"AST":0.4750196159,"STL":0.2652574206,"BLK":-0.0447666973,"TOV":-0.4340282386,"3P":0.5176310361,"PTS":0.5370005849,"Avg $":0.4363454792},"FG%":{"d_FG%":0.4246539155,"d_FT%":-0.0326885769,"FG%":1.0,"FT%":0.2774650503,"TRB":0.4003415926,"AST":0.1014897578,"STL":0.1442282707,"BLK":0.3920221405,"TOV":-0.1862248178,"3P":0.0319678967,"PTS":0.2871196729,"Avg $":0.124249123},"FT%":{"d_FG%":0.0366153034,"d_FT%":0.3177505008,"FG%":0.2774650503,"FT%":1.0,"TRB":0.3116840562,"AST":0.3589213419,"STL":0.3670780459,"BLK":0.1931485002,"TOV":-0.3583715271,"3P":0.4427924279,"PTS":0.4668436195,"Avg $":0.1666261633},"TRB":{"d_FG%":0.6274873653,"d_FT%":0.0863383749,"FG%":0.4003415926,"FT%":0.3116840562,"TRB":1.0,"AST":0.4533509506,"STL":0.4852346577,"BLK":0.7034761293,"TOV":-0.620854354,"3P":0.2623528749,"PTS":0.6783310315,"Avg $":0.5232545156},"AST":{"d_FG%":0.1259732361,"d_FT%":0.4750196159,"FG%":0.1014897578,"FT%":0.3589213419,"TRB":0.4533509506,"AST":1.0,"STL":0.6826856843,"BLK":0.1800066742,"TOV":-0.8690717507,"3P":0.5688786632,"PTS":0.7556346364,"Avg $":0.574365521},"STL":{"d_FG%":0.1277359815,"d_FT%":0.2652574206,"FG%":0.1442282707,"FT%":0.3670780459,"TRB":0.4852346577,"AST":0.6826856843,"STL":1.0,"BLK":0.3389583028,"TOV":-0.6581978526,"3P":0.5107979804,"PTS":0.6293640114,"Avg $":0.3727137171},"BLK":{"d_FG%":0.5523160895,"d_FT%":-0.0447666973,"FG%":0.3920221405,"FT%":0.1931485002,"TRB":0.7034761293,"AST":0.1800066742,"STL":0.3389583028,"BLK":1.0,"TOV":-0.3371244712,"3P":0.0644834833,"PTS":0.4070479891,"Avg $":0.3376356237},"TOV":{"d_FG%":-0.2461262449,"d_FT%":-0.4340282386,"FG%":-0.1862248178,"FT%":-0.3583715271,"TRB":-0.620854354,"AST":-0.8690717507,"STL":-0.6581978526,"BLK":-0.3371244712,"TOV":1.0,"3P":-0.5584582316,"PTS":-0.8405096045,"Avg $":-0.6365778608},"3P":{"d_FG%":-0.1695717614,"d_FT%":0.5176310361,"FG%":0.0319678967,"FT%":0.4427924279,"TRB":0.2623528749,"AST":0.5688786632,"STL":0.5107979804,"BLK":0.0644834833,"TOV":-0.5584582316,"3P":1.0,"PTS":0.7355937666,"Avg $":0.358713227},"PTS":{"d_FG%":0.3354117074,"d_FT%":0.5370005849,"FG%":0.2871196729,"FT%":0.4668436195,"TRB":0.6783310315,"AST":0.7556346364,"STL":0.6293640114,"BLK":0.4070479891,"TOV":-0.8405096045,"3P":0.7355937666,"PTS":1.0,"Avg $":0.6696496968},"Avg $":{"d_FG%":0.3654351839,"d_FT%":0.4363454792,"FG%":0.124249123,"FT%":0.1666261633,"TRB":0.5232545156,"AST":0.574365521,"STL":0.3727137171,"BLK":0.3376356237,"TOV":-0.6365778608,"3P":0.358713227,"PTS":0.6696496968,"Avg $":1.0}}