{"d_FG%":{"d_FG%":1.0,"d_FT%":-0.0345409051,"FG%":0.5006523513,"FT%":0.0019282664,"TRB":0.5898084608,"AST":0.1797521233,"STL":0.1683309536,"BLK":0.4971913979,"TOV":-0.2995366539,"3P":-0.109849214,"PTS":0.392364476,"Avg $":0.4285614417},"d_FT%":{"d_FG%":-0.0345409051,"d_FT%":1.0,"FG%":-0.0301895623,"FT%":0.3612228986,"TRB":0.0512884471,"AST":0.4567806752,"STL":0.288734832,"BLK":-0.1029555497,"TOV":-0.3875308166,"3P":0.5389349071,"PTS":0.533298202,"Avg $":0.4793455684},"FG%":{"d_FG%":0.5006523513,"d_FT%":-0.0301895623,"FG%":1.0,"FT%":0.1871615163,"TRB":0.425629963,"AST":0.1120969899,"STL":0.2037164854,"BLK":0.3782229669,"TOV":-0.1360089323,"3P":0.010726196,"PTS":0.2916171939,"Avg $":0.1588210612},"FT%":{"d_FG%":0.0019282664,"d_FT%":0.3612228986,"FG%":0.1871615163,"FT%":1.0,"TRB":0.1987260233,"AST":0.2967350917,"STL":0.3279088111,"BLK":0.0186521075,"TOV":-0.2213605108,"3P":0.4270786632,"PTS":0.3933911479,"Avg $":0.1682127649},"TRB":{"d_FG%":0.5898084608,"d_FT%":0.0512884471,"FG%":0.425629963,"FT%":0.1987260233,"TRB":1.0,"AST":0.4182393787,"STL":0.5029301296,"BLK":0.6325071219,"TOV":-0.5616821039,"3P":0.1964647056,"PTS":0.6413779748,"Avg $":0.5079349702},"AST":{"d_FG%":0.1797521233,"d_FT%":0.4567806752,"FG%":0.1120969899,"FT%":0.2967350917,"TRB":0.4182393787,"AST":1.0,"STL":0.6986085601,"BLK":0.0871340006,"TOV":-0.8351869731,"3P":0.5302058586,"PTS":0.7500663817,"Avg $":0.6394397851},"STL":{"d_FG%":0.1683309536,"d_FT%":0.288734832,"FG%":0.2037164854,"FT%":0.3279088111,"TRB":0.5029301296,"AST":0.6986085601,"STL":1.0,"BLK":0.2481124231,"TOV":-0.6194956534,"3P":0.499854,"PTS":0.671129824,"Avg $":0.4218246013},"BLK":{"d_FG%":0.4971913979,"d_FT%":-0.1029555497,"FG%":0.3782229669,"FT%":0.0186521075,"TRB":0.6325071219,"AST":0.0871340006,"STL":0.2481124231,"BLK":1.0,"TOV":-0.2675301586,"3P":-0.0124862187,"PTS":0.3129226739,"Avg $":0.3019635233},"TOV":{"d_FG%":-0.2995366539,"d_FT%":-0.3875308166,"FG%":-0.1360089323,"FT%":-0.2213605108,"TRB":-0.5616821039,"AST":-0.8351869731,"STL":-0.6194956534,"BLK":-0.2675301586,"TOV":1.0,"3P":-0.4927341006,"PTS":-0.8089984234,"Avg $":-0.6774083836},"3P":{"d_FG%":-0.109849214,"d_FT%":0.5389349071,"FG%":0.010726196,"FT%":0.4270786632,"TRB":0.1964647056,"AST":0.5302058586,"STL":0.499854,"BLK":-0.0124862187,"TOV":-0.4927341006,"3P":1.0,"PTS":0.708386528,"Avg $":0.3878610855},"PTS":{"d_FG%":0.392364476,"d_FT%":0.533298202,"FG%":0.2916171939,"FT%":0.3933911479,"TRB":0.6413779748,"AST":0.7500663817,"STL":0.671129824,"BLK":0.3129226739,"TOV":-0.8089984234,"3P":0.708386528,"PTS":1.0,"Avg $":0.7207549404},"Avg $":{"d_FG%":0.4285614417,"d_FT%":0.4793455684,"FG%":0.1588210612,"FT%":0.1682127649,"TRB":0.5079349702,"AST":0.6394397851,"STL":0.4218246013,"BLK":0.3019635233,"TOV":-0.6774083836,"3P":0.3878610855,"PTS":0.7207549404,"Avg $":1.0}}