{"d_FG%":{"d_FG%":1.0,"d_FT%":-0.0667055028,"FG%":0.4215936133,"FT%":0.0166788341,"TRB":0.4813279544,"AST":0.0179220113,"STL":0.0521268003,"BLK":0.3863872313,"TOV":-0.096886851,"3P":-0.1891689757,"PTS":0.2348711566,"Avg $":0.2593042114},"d_FT%":{"d_FG%":-0.0667055028,"d_FT%":1.0,"FG%":-0.0300448009,"FT%":0.3587392392,"TRB":0.0167444473,"AST":0.3646364411,"STL":0.2102815559,"BLK":-0.1000188142,"TOV":-0.3403418462,"3P":0.412241202,"PTS":0.4380634956,"Avg $":0.311219228},"FG%":{"d_FG%":0.4215936133,"d_FT%":-0.0300448009,"FG%":1.0,"FT%":0.1851223657,"TRB":0.3153491875,"AST":0.0855334928,"STL":0.1490173241,"BLK":0.2612439109,"TOV":-0.1683177735,"3P":0.0699995318,"PTS":0.244334839,"Avg $":0.0969050241},"FT%":{"d_FG%":0.0166788341,"d_FT%":0.3587392392,"FG%":0.1851223657,"FT%":1.0,"TRB":0.316351284,"AST":0.331774984,"STL":0.3994866606,"BLK":0.1739453174,"TOV":-0.3690119024,"3P":0.3897569912,"PTS":0.4608876468,"Avg $":0.1773739631},"TRB":{"d_FG%":0.4813279544,"d_FT%":0.0167444473,"FG%":0.3153491875,"FT%":0.316351284,"TRB":1.0,"AST":0.4648568266,"STL":0.503609886,"BLK":0.6438244058,"TOV":-0.6099879926,"3P":0.2932908968,"PTS":0.6826205044,"Avg $":0.5228418153},"AST":{"d_FG%":0.0179220113,"d_FT%":0.3646364411,"FG%":0.0855334928,"FT%":0.331774984,"TRB":0.4648568266,"AST":1.0,"STL":0.6509902576,"BLK":0.1671884889,"TOV":-0.8294811038,"3P":0.5418477478,"PTS":0.7411536493,"Avg $":0.5895429643},"STL":{"d_FG%":0.0521268003,"d_FT%":0.2102815559,"FG%":0.1490173241,"FT%":0.3994866606,"TRB":0.503609886,"AST":0.6509902576,"STL":1.0,"BLK":0.3693748425,"TOV":-0.6327895099,"3P":0.4873055535,"PTS":0.6346618301,"Avg $":0.3906164265},"BLK":{"d_FG%":0.3863872313,"d_FT%":-0.1000188142,"FG%":0.2612439109,"FT%":0.1739453174,"TRB":0.6438244058,"AST":0.1671884889,"STL":0.3693748425,"BLK":1.0,"TOV":-0.2902600547,"3P":0.1099319843,"PTS":0.3637868074,"Avg $":0.3015614551},"TOV":{"d_FG%":-0.096886851,"d_FT%":-0.3403418462,"FG%":-0.1683177735,"FT%":-0.3690119024,"TRB":-0.6099879926,"AST":-0.8294811038,"STL":-0.6327895099,"BLK":-0.2902600547,"TOV":1.0,"3P":-0.5804009018,"PTS":-0.8291408719,"Avg $":-0.6273279989},"3P":{"d_FG%":-0.1891689757,"d_FT%":0.412241202,"FG%":0.0699995318,"FT%":0.3897569912,"TRB":0.2932908968,"AST":0.5418477478,"STL":0.4873055535,"BLK":0.1099319843,"TOV":-0.5804009018,"3P":1.0,"PTS":0.7452631755,"Avg $":0.3693874363},"PTS":{"d_FG%":0.2348711566,"d_FT%":0.4380634956,"FG%":0.244334839,"FT%":0.4608876468,"TRB":0.6826205044,"AST":0.7411536493,"STL":0.6346618301,"BLK":0.3637868074,"TOV":-0.8291408719,"3P":0.7452631755,"PTS":1.0,"Avg $":0.648626072},"Avg $":{"d_FG%":0.2593042114,"d_FT%":0.311219228,"FG%":0.0969050241,"FT%":0.1773739631,"TRB":0.5228418153,"AST":0.5895429643,"STL":0.3906164265,"BLK":0.3015614551,"TOV":-0.6273279989,"3P":0.3693874363,"PTS":0.648626072,"Avg $":1.0}}