{"d_FG%":{"d_FG%":1.0,"d_FT%":-0.1466433827,"FG%":0.4258950043,"FT%":-0.0110920919,"TRB":0.5132074114,"AST":0.0214791985,"STL":0.0515091521,"BLK":0.4485159554,"TOV":-0.123216418,"3P":-0.2324767701,"PTS":0.2231018081,"Avg $":0.2632936972},"d_FT%":{"d_FG%":-0.1466433827,"d_FT%":1.0,"FG%":-0.0539481696,"FT%":0.3605297452,"TRB":0.0172887423,"AST":0.4183715098,"STL":0.2506580751,"BLK":-0.1066879843,"TOV":-0.3735305532,"3P":0.4596897891,"PTS":0.4740517133,"Avg $":0.3292145963},"FG%":{"d_FG%":0.4258950043,"d_FT%":-0.0539481696,"FG%":1.0,"FT%":0.1047904583,"TRB":0.3096580642,"AST":0.0671591318,"STL":0.1153142524,"BLK":0.2823371873,"TOV":-0.1480066511,"3P":-0.0022880593,"PTS":0.198499778,"Avg $":0.0966823307},"FT%":{"d_FG%":-0.0110920919,"d_FT%":0.3605297452,"FG%":0.1047904583,"FT%":1.0,"TRB":0.2672741309,"AST":0.3222559592,"STL":0.3732950737,"BLK":0.1226873002,"TOV":-0.34911388,"3P":0.3956767254,"PTS":0.4306233909,"Avg $":0.1544378636},"TRB":{"d_FG%":0.5132074114,"d_FT%":0.0172887423,"FG%":0.3096580642,"FT%":0.2672741309,"TRB":1.0,"AST":0.4677466041,"STL":0.5005895674,"BLK":0.6712829066,"TOV":-0.6114534618,"3P":0.2665006335,"PTS":0.6750906687,"Avg $":0.5190778423},"AST":{"d_FG%":0.0214791985,"d_FT%":0.4183715098,"FG%":0.0671591318,"FT%":0.3222559592,"TRB":0.4677466041,"AST":1.0,"STL":0.667181903,"BLK":0.1594211397,"TOV":-0.8580899874,"3P":0.552314977,"PTS":0.7553866249,"Avg $":0.594973762},"STL":{"d_FG%":0.0515091521,"d_FT%":0.2506580751,"FG%":0.1153142524,"FT%":0.3732950737,"TRB":0.5005895674,"AST":0.667181903,"STL":1.0,"BLK":0.3420361662,"TOV":-0.6466893271,"3P":0.534086249,"PTS":0.658539453,"Avg $":0.3795025093},"BLK":{"d_FG%":0.4485159554,"d_FT%":-0.1066879843,"FG%":0.2823371873,"FT%":0.1226873002,"TRB":0.6712829066,"AST":0.1594211397,"STL":0.3420361662,"BLK":1.0,"TOV":-0.2833875483,"3P":0.097305835,"PTS":0.3704148385,"Avg $":0.304088616},"TOV":{"d_FG%":-0.123216418,"d_FT%":-0.3735305532,"FG%":-0.1480066511,"FT%":-0.34911388,"TRB":-0.6114534618,"AST":-0.8580899874,"STL":-0.6466893271,"BLK":-0.2833875483,"TOV":1.0,"3P":-0.5701165228,"PTS":-0.8395976433,"Avg $":-0.6428561306},"3P":{"d_FG%":-0.2324767701,"d_FT%":0.4596897891,"FG%":-0.0022880593,"FT%":0.3956767254,"TRB":0.2665006335,"AST":0.552314977,"STL":0.534086249,"BLK":0.097305835,"TOV":-0.5701165228,"3P":1.0,"PTS":0.7368280202,"Avg $":0.3600463199},"PTS":{"d_FG%":0.2231018081,"d_FT%":0.4740517133,"FG%":0.198499778,"FT%":0.4306233909,"TRB":0.6750906687,"AST":0.7553866249,"STL":0.658539453,"BLK":0.3704148385,"TOV":-0.8395976433,"3P":0.7368280202,"PTS":1.0,"Avg $":0.6655660485},"Avg $":{"d_FG%":0.2632936972,"d_FT%":0.3292145963,"FG%":0.0966823307,"FT%":0.1544378636,"TRB":0.5190778423,"AST":0.594973762,"STL":0.3795025093,"BLK":0.304088616,"TOV":-0.6428561306,"3P":0.3600463199,"PTS":0.6655660485,"Avg $":1.0}}