{"d_FG%":{"d_FG%":1.0,"d_FT%":-0.0895959369,"FG%":0.414098924,"FT%":0.045573283,"TRB":0.5556957498,"AST":0.1061849624,"STL":0.0952658185,"BLK":0.4515565904,"TOV":-0.2110243357,"3P":-0.1557281259,"PTS":0.309697485,"Avg $":0.3289638175},"d_FT%":{"d_FG%":-0.0895959369,"d_FT%":1.0,"FG%":-0.0193842841,"FT%":0.3522223744,"TRB":0.0716017013,"AST":0.4374575414,"STL":0.2406276865,"BLK":-0.0463980895,"TOV":-0.4133756866,"3P":0.4991256499,"PTS":0.5301780388,"Avg $":0.3960629577},"FG%":{"d_FG%":0.414098924,"d_FT%":-0.0193842841,"FG%":1.0,"FT%":0.2280959951,"TRB":0.3629153765,"AST":0.0833776615,"STL":0.165824039,"BLK":0.31216001,"TOV":-0.1614796561,"3P":0.0688291612,"PTS":0.2867831761,"Avg $":0.1230670727},"FT%":{"d_FG%":0.045573283,"d_FT%":0.3522223744,"FG%":0.2280959951,"FT%":1.0,"TRB":0.2892506353,"AST":0.3111257248,"STL":0.3240202458,"BLK":0.0935633826,"TOV":-0.3233456717,"3P":0.4011869899,"PTS":0.4618029472,"Avg $":0.1686794881},"TRB":{"d_FG%":0.5556957498,"d_FT%":0.0716017013,"FG%":0.3629153765,"FT%":0.2892506353,"TRB":1.0,"AST":0.4597575341,"STL":0.4674674975,"BLK":0.6487845891,"TOV":-0.5973607173,"3P":0.2625238644,"PTS":0.6712490364,"Avg $":0.5146811295},"AST":{"d_FG%":0.1061849624,"d_FT%":0.4374575414,"FG%":0.0833776615,"FT%":0.3111257248,"TRB":0.4597575341,"AST":1.0,"STL":0.6267383053,"BLK":0.1612099834,"TOV":-0.8541707232,"3P":0.5428162261,"PTS":0.7364714914,"Avg $":0.5718757934},"STL":{"d_FG%":0.0952658185,"d_FT%":0.2406276865,"FG%":0.165824039,"FT%":0.3240202458,"TRB":0.4674674975,"AST":0.6267383053,"STL":1.0,"BLK":0.3324570944,"TOV":-0.6061461866,"3P":0.4780862883,"PTS":0.6038244199,"Avg $":0.331419855},"BLK":{"d_FG%":0.4515565904,"d_FT%":-0.0463980895,"FG%":0.31216001,"FT%":0.0935633826,"TRB":0.6487845891,"AST":0.1612099834,"STL":0.3324570944,"BLK":1.0,"TOV":-0.2809593244,"3P":0.0606013651,"PTS":0.3473878169,"Avg $":0.288611123},"TOV":{"d_FG%":-0.2110243357,"d_FT%":-0.4133756866,"FG%":-0.1614796561,"FT%":-0.3233456717,"TRB":-0.5973607173,"AST":-0.8541707232,"STL":-0.6061461866,"BLK":-0.2809593244,"TOV":1.0,"3P":-0.5464997291,"PTS":-0.817220005,"Avg $":-0.6307836634},"3P":{"d_FG%":-0.1557281259,"d_FT%":0.4991256499,"FG%":0.0688291612,"FT%":0.4011869899,"TRB":0.2625238644,"AST":0.5428162261,"STL":0.4780862883,"BLK":0.0606013651,"TOV":-0.5464997291,"3P":1.0,"PTS":0.7306499457,"Avg $":0.3591821233},"PTS":{"d_FG%":0.309697485,"d_FT%":0.5301780388,"FG%":0.2867831761,"FT%":0.4618029472,"TRB":0.6712490364,"AST":0.7364714914,"STL":0.6038244199,"BLK":0.3473878169,"TOV":-0.817220005,"3P":0.7306499457,"PTS":1.0,"Avg $":0.666981048},"Avg $":{"d_FG%":0.3289638175,"d_FT%":0.3960629577,"FG%":0.1230670727,"FT%":0.1686794881,"TRB":0.5146811295,"AST":0.5718757934,"STL":0.331419855,"BLK":0.288611123,"TOV":-0.6307836634,"3P":0.3591821233,"PTS":0.666981048,"Avg $":1.0}}