{"d_FG%":{"d_FG%":1.0,"d_FT%":-0.1220473021,"FG%":0.4226226418,"FT%":-0.0051070178,"TRB":0.489115388,"AST":0.0030461368,"STL":0.0437317593,"BLK":0.408756953,"TOV":-0.0978046875,"3P":-0.233297626,"PTS":0.2174748948,"Avg $":0.2582345434},"d_FT%":{"d_FG%":-0.1220473021,"d_FT%":1.0,"FG%":-0.0417572461,"FT%":0.356401594,"TRB":0.0131104699,"AST":0.3991335129,"STL":0.2429088734,"BLK":-0.0952539504,"TOV":-0.353787966,"3P":0.4448839185,"PTS":0.4515853098,"Avg $":0.3195608547},"FG%":{"d_FG%":0.4226226418,"d_FT%":-0.0417572461,"FG%":1.0,"FT%":0.1529701235,"TRB":0.308573859,"AST":0.0775214904,"STL":0.1345853572,"BLK":0.2608875047,"TOV":-0.1540417001,"3P":0.0232506511,"PTS":0.2190494241,"Avg $":0.1005796217},"FT%":{"d_FG%":-0.0051070178,"d_FT%":0.356401594,"FG%":0.1529701235,"FT%":1.0,"TRB":0.2848927311,"AST":0.3351021038,"STL":0.4005002727,"BLK":0.1477145818,"TOV":-0.3649704875,"3P":0.4138529627,"PTS":0.4503816219,"Avg $":0.162997031},"TRB":{"d_FG%":0.489115388,"d_FT%":0.0131104699,"FG%":0.308573859,"FT%":0.2848927311,"TRB":1.0,"AST":0.4712840163,"STL":0.5044506682,"BLK":0.6684761601,"TOV":-0.6132520519,"3P":0.2750206527,"PTS":0.6792531803,"Avg $":0.5173879608},"AST":{"d_FG%":0.0030461368,"d_FT%":0.3991335129,"FG%":0.0775214904,"FT%":0.3351021038,"TRB":0.4712840163,"AST":1.0,"STL":0.6674784989,"BLK":0.1621662734,"TOV":-0.8512186458,"3P":0.5541334993,"PTS":0.7540742719,"Avg $":0.5969318787},"STL":{"d_FG%":0.0437317593,"d_FT%":0.2429088734,"FG%":0.1345853572,"FT%":0.4005002727,"TRB":0.5044506682,"AST":0.6674784989,"STL":1.0,"BLK":0.3515012124,"TOV":-0.6388028319,"3P":0.5316049429,"PTS":0.6634969529,"Avg $":0.3942397991},"BLK":{"d_FG%":0.408756953,"d_FT%":-0.0952539504,"FG%":0.2608875047,"FT%":0.1477145818,"TRB":0.6684761601,"AST":0.1621662734,"STL":0.3515012124,"BLK":1.0,"TOV":-0.2822279978,"3P":0.1004697215,"PTS":0.3735832801,"Avg $":0.3168823892},"TOV":{"d_FG%":-0.0978046875,"d_FT%":-0.353787966,"FG%":-0.1540417001,"FT%":-0.3649704875,"TRB":-0.6132520519,"AST":-0.8512186458,"STL":-0.6388028319,"BLK":-0.2822279978,"TOV":1.0,"3P":-0.5681713257,"PTS":-0.8364664959,"Avg $":-0.6406863779},"3P":{"d_FG%":-0.233297626,"d_FT%":0.4448839185,"FG%":0.0232506511,"FT%":0.4138529627,"TRB":0.2750206527,"AST":0.5541334993,"STL":0.5316049429,"BLK":0.1004697215,"TOV":-0.5681713257,"3P":1.0,"PTS":0.7385854351,"Avg $":0.3665027339},"PTS":{"d_FG%":0.2174748948,"d_FT%":0.4515853098,"FG%":0.2190494241,"FT%":0.4503816219,"TRB":0.6792531803,"AST":0.7540742719,"STL":0.6634969529,"BLK":0.3735832801,"TOV":-0.8364664959,"3P":0.7385854351,"PTS":1.0,"Avg $":0.6640463145},"Avg $":{"d_FG%":0.2582345434,"d_FT%":0.3195608547,"FG%":0.1005796217,"FT%":0.162997031,"TRB":0.5173879608,"AST":0.5969318787,"STL":0.3942397991,"BLK":0.3168823892,"TOV":-0.6406863779,"3P":0.3665027339,"PTS":0.6640463145,"Avg $":1.0}}