{"d_FG%":{"d_FG%":1.0,"d_FT%":-0.0989848609,"FG%":0.4245405119,"FT%":0.040941193,"TRB":0.615132784,"AST":0.1480183113,"STL":0.1498907152,"BLK":0.518263203,"TOV":-0.2517091835,"3P":-0.1558515778,"PTS":0.3448475752,"Avg $":0.3578157049},"d_FT%":{"d_FG%":-0.0989848609,"d_FT%":1.0,"FG%":-0.0357325724,"FT%":0.3211865441,"TRB":0.0650277148,"AST":0.4718793129,"STL":0.2610537381,"BLK":-0.0528570759,"TOV":-0.4262549051,"3P":0.5142933316,"PTS":0.5257732148,"Avg $":0.4232305121},"FG%":{"d_FG%":0.4245405119,"d_FT%":-0.0357325724,"FG%":1.0,"FT%":0.2829965699,"TRB":0.3946801061,"AST":0.1166892488,"STL":0.1660239643,"BLK":0.3548916423,"TOV":-0.1929315762,"3P":0.0477177823,"PTS":0.2989834052,"Avg $":0.1235137779},"FT%":{"d_FG%":0.040941193,"d_FT%":0.3211865441,"FG%":0.2829965699,"FT%":1.0,"TRB":0.303574586,"AST":0.3537013074,"STL":0.3432838001,"BLK":0.1546253964,"TOV":-0.3477705901,"3P":0.4348629779,"PTS":0.4652686866,"Avg $":0.164151883},"TRB":{"d_FG%":0.615132784,"d_FT%":0.0650277148,"FG%":0.3946801061,"FT%":0.303574586,"TRB":1.0,"AST":0.4642523522,"STL":0.4977498356,"BLK":0.6726805541,"TOV":-0.6169779575,"3P":0.2716815403,"PTS":0.6816504757,"Avg $":0.5243049306},"AST":{"d_FG%":0.1480183113,"d_FT%":0.4718793129,"FG%":0.1166892488,"FT%":0.3537013074,"TRB":0.4642523522,"AST":1.0,"STL":0.6670338481,"BLK":0.1741942142,"TOV":-0.8642797431,"3P":0.5673121512,"PTS":0.7587015522,"Avg $":0.5857152611},"STL":{"d_FG%":0.1498907152,"d_FT%":0.2610537381,"FG%":0.1660239643,"FT%":0.3432838001,"TRB":0.4977498356,"AST":0.6670338481,"STL":1.0,"BLK":0.355425693,"TOV":-0.6479590232,"3P":0.5121437412,"PTS":0.6305965683,"Avg $":0.3812315911},"BLK":{"d_FG%":0.518263203,"d_FT%":-0.0528570759,"FG%":0.3548916423,"FT%":0.1546253964,"TRB":0.6726805541,"AST":0.1741942142,"STL":0.355425693,"BLK":1.0,"TOV":-0.3157918159,"3P":0.0827942371,"PTS":0.3929474553,"Avg $":0.3264205425},"TOV":{"d_FG%":-0.2517091835,"d_FT%":-0.4262549051,"FG%":-0.1929315762,"FT%":-0.3477705901,"TRB":-0.6169779575,"AST":-0.8642797431,"STL":-0.6479590232,"BLK":-0.3157918159,"TOV":1.0,"3P":-0.5604929453,"PTS":-0.8358874415,"Avg $":-0.6423355551},"3P":{"d_FG%":-0.1558515778,"d_FT%":0.5142933316,"FG%":0.0477177823,"FT%":0.4348629779,"TRB":0.2716815403,"AST":0.5673121512,"STL":0.5121437412,"BLK":0.0827942371,"TOV":-0.5604929453,"3P":1.0,"PTS":0.7357487127,"Avg $":0.3579811295},"PTS":{"d_FG%":0.3448475752,"d_FT%":0.5257732148,"FG%":0.2989834052,"FT%":0.4652686866,"TRB":0.6816504757,"AST":0.7587015522,"STL":0.6305965683,"BLK":0.3929474553,"TOV":-0.8358874415,"3P":0.7357487127,"PTS":1.0,"Avg $":0.6696487866},"Avg $":{"d_FG%":0.3578157049,"d_FT%":0.4232305121,"FG%":0.1235137779,"FT%":0.164151883,"TRB":0.5243049306,"AST":0.5857152611,"STL":0.3812315911,"BLK":0.3264205425,"TOV":-0.6423355551,"3P":0.3579811295,"PTS":0.6696487866,"Avg $":1.0}}