{"d_FG%":{"d_FG%":1.0,"d_FT%":-0.12495652,"FG%":0.3962236039,"FT%":0.0254481702,"TRB":0.5444739841,"AST":0.0881518095,"STL":0.0860447753,"BLK":0.4504995941,"TOV":-0.1958029584,"3P":-0.1770220418,"PTS":0.2839160894,"Avg $":0.3140436374},"d_FT%":{"d_FG%":-0.12495652,"d_FT%":1.0,"FG%":-0.0365026482,"FT%":0.336473458,"TRB":0.0558937724,"AST":0.430685009,"STL":0.2404287067,"BLK":-0.0493059509,"TOV":-0.4003102974,"3P":0.4982978871,"PTS":0.5163701526,"Avg $":0.3858006023},"FG%":{"d_FG%":0.3962236039,"d_FT%":-0.0365026482,"FG%":1.0,"FT%":0.1370518694,"TRB":0.3290822305,"AST":0.0799427557,"STL":0.1559835634,"BLK":0.3107871418,"TOV":-0.1596279599,"3P":0.0341038323,"PTS":0.2603032091,"Avg $":0.1092010541},"FT%":{"d_FG%":0.0254481702,"d_FT%":0.336473458,"FG%":0.1370518694,"FT%":1.0,"TRB":0.2996083983,"AST":0.3049955643,"STL":0.3157714926,"BLK":0.1104204594,"TOV":-0.3211268046,"3P":0.3986630711,"PTS":0.4418456078,"Avg $":0.162152597},"TRB":{"d_FG%":0.5444739841,"d_FT%":0.0558937724,"FG%":0.3290822305,"FT%":0.2996083983,"TRB":1.0,"AST":0.4564671368,"STL":0.4538251894,"BLK":0.6425795129,"TOV":-0.5874623611,"3P":0.2683731333,"PTS":0.6714121423,"Avg $":0.5161046619},"AST":{"d_FG%":0.0881518095,"d_FT%":0.430685009,"FG%":0.0799427557,"FT%":0.3049955643,"TRB":0.4564671368,"AST":1.0,"STL":0.6125768345,"BLK":0.1784799847,"TOV":-0.8506581489,"3P":0.5471134308,"PTS":0.7394713239,"Avg $":0.5726599958},"STL":{"d_FG%":0.0860447753,"d_FT%":0.2404287067,"FG%":0.1559835634,"FT%":0.3157714926,"TRB":0.4538251894,"AST":0.6125768345,"STL":1.0,"BLK":0.3050091552,"TOV":-0.6106090321,"3P":0.4805628711,"PTS":0.607143792,"Avg $":0.3463461447},"BLK":{"d_FG%":0.4504995941,"d_FT%":-0.0493059509,"FG%":0.3107871418,"FT%":0.1104204594,"TRB":0.6425795129,"AST":0.1784799847,"STL":0.3050091552,"BLK":1.0,"TOV":-0.2940332979,"3P":0.068417603,"PTS":0.3590881143,"Avg $":0.2915081976},"TOV":{"d_FG%":-0.1958029584,"d_FT%":-0.4003102974,"FG%":-0.1596279599,"FT%":-0.3211268046,"TRB":-0.5874623611,"AST":-0.8506581489,"STL":-0.6106090321,"BLK":-0.2940332979,"TOV":1.0,"3P":-0.5577896738,"PTS":-0.8221689139,"Avg $":-0.6350333122},"3P":{"d_FG%":-0.1770220418,"d_FT%":0.4982978871,"FG%":0.0341038323,"FT%":0.3986630711,"TRB":0.2683731333,"AST":0.5471134308,"STL":0.4805628711,"BLK":0.068417603,"TOV":-0.5577896738,"3P":1.0,"PTS":0.7341159875,"Avg $":0.3645540703},"PTS":{"d_FG%":0.2839160894,"d_FT%":0.5163701526,"FG%":0.2603032091,"FT%":0.4418456078,"TRB":0.6714121423,"AST":0.7394713239,"STL":0.607143792,"BLK":0.3590881143,"TOV":-0.8221689139,"3P":0.7341159875,"PTS":1.0,"Avg $":0.6680206548},"Avg $":{"d_FG%":0.3140436374,"d_FT%":0.3858006023,"FG%":0.1092010541,"FT%":0.162152597,"TRB":0.5161046619,"AST":0.5726599958,"STL":0.3463461447,"BLK":0.2915081976,"TOV":-0.6350333122,"3P":0.3645540703,"PTS":0.6680206548,"Avg $":1.0}}