{"d_FG%":{"d_FG%":1.0,"d_FT%":-0.107496855,"FG%":0.4250191442,"FT%":0.0001264329,"TRB":0.4959404748,"AST":0.0114943672,"STL":0.0600679794,"BLK":0.4076588074,"TOV":-0.104728675,"3P":-0.2238241949,"PTS":0.2264953588,"Avg $":0.2724432436},"d_FT%":{"d_FG%":-0.107496855,"d_FT%":1.0,"FG%":-0.0364776518,"FT%":0.3533690963,"TRB":0.002318485,"AST":0.3932732188,"STL":0.234231333,"BLK":-0.0993105971,"TOV":-0.3468991169,"3P":0.4372889598,"PTS":0.4438701962,"Avg $":0.3151010781},"FG%":{"d_FG%":0.4250191442,"d_FT%":-0.0364776518,"FG%":1.0,"FT%":0.1644196818,"TRB":0.3099475726,"AST":0.0879883977,"STL":0.1441766622,"BLK":0.2485236233,"TOV":-0.161679937,"3P":0.0311963562,"PTS":0.2272118717,"Avg $":0.1049837505},"FT%":{"d_FG%":0.0001264329,"d_FT%":0.3533690963,"FG%":0.1644196818,"FT%":1.0,"TRB":0.2836732941,"AST":0.3324789938,"STL":0.4006550241,"BLK":0.1315766821,"TOV":-0.3587879582,"3P":0.4168706655,"PTS":0.4516305962,"Avg $":0.1635477634},"TRB":{"d_FG%":0.4959404748,"d_FT%":0.002318485,"FG%":0.3099475726,"FT%":0.2836732941,"TRB":1.0,"AST":0.4697406986,"STL":0.5038887295,"BLK":0.663495662,"TOV":-0.6145686531,"3P":0.277135851,"PTS":0.6777668973,"Avg $":0.5126081599},"AST":{"d_FG%":0.0114943672,"d_FT%":0.3932732188,"FG%":0.0879883977,"FT%":0.3324789938,"TRB":0.4697406986,"AST":1.0,"STL":0.6658886433,"BLK":0.1580457384,"TOV":-0.8497204346,"3P":0.5538066427,"PTS":0.7534076272,"Avg $":0.595527553},"STL":{"d_FG%":0.0600679794,"d_FT%":0.234231333,"FG%":0.1441766622,"FT%":0.4006550241,"TRB":0.5038887295,"AST":0.6658886433,"STL":1.0,"BLK":0.3503021463,"TOV":-0.6378361021,"3P":0.5305376506,"PTS":0.6632114557,"Avg $":0.3919479424},"BLK":{"d_FG%":0.4076588074,"d_FT%":-0.0993105971,"FG%":0.2485236233,"FT%":0.1315766821,"TRB":0.663495662,"AST":0.1580457384,"STL":0.3503021463,"BLK":1.0,"TOV":-0.2840437372,"3P":0.1018007461,"PTS":0.3668042233,"Avg $":0.3167771542},"TOV":{"d_FG%":-0.104728675,"d_FT%":-0.3468991169,"FG%":-0.161679937,"FT%":-0.3587879582,"TRB":-0.6145686531,"AST":-0.8497204346,"STL":-0.6378361021,"BLK":-0.2840437372,"TOV":1.0,"3P":-0.5681139554,"PTS":-0.8354961632,"Avg $":-0.6389979596},"3P":{"d_FG%":-0.2238241949,"d_FT%":0.4372889598,"FG%":0.0311963562,"FT%":0.4168706655,"TRB":0.277135851,"AST":0.5538066427,"STL":0.5305376506,"BLK":0.1018007461,"TOV":-0.5681139554,"3P":1.0,"PTS":0.7417743844,"Avg $":0.3686084845},"PTS":{"d_FG%":0.2264953588,"d_FT%":0.4438701962,"FG%":0.2272118717,"FT%":0.4516305962,"TRB":0.6777668973,"AST":0.7534076272,"STL":0.6632114557,"BLK":0.3668042233,"TOV":-0.8354961632,"3P":0.7417743844,"PTS":1.0,"Avg $":0.6628408064},"Avg $":{"d_FG%":0.2724432436,"d_FT%":0.3151010781,"FG%":0.1049837505,"FT%":0.1635477634,"TRB":0.5126081599,"AST":0.595527553,"STL":0.3919479424,"BLK":0.3167771542,"TOV":-0.6389979596,"3P":0.3686084845,"PTS":0.6628408064,"Avg $":1.0}}