{"d_FG%":{"d_FG%":1.0,"d_FT%":-0.1013605349,"FG%":0.4249578914,"FT%":0.0406751638,"TRB":0.6138793659,"AST":0.1447386452,"STL":0.151201002,"BLK":0.5223293833,"TOV":-0.2481785467,"3P":-0.1560103453,"PTS":0.3441053395,"Avg $":0.3571620509},"d_FT%":{"d_FG%":-0.1013605349,"d_FT%":1.0,"FG%":-0.0357872482,"FT%":0.3208728053,"TRB":0.0601670433,"AST":0.4713666505,"STL":0.2597885985,"BLK":-0.0545564894,"TOV":-0.4228764405,"3P":0.5129713709,"PTS":0.5228686959,"Avg $":0.4222793997},"FG%":{"d_FG%":0.4249578914,"d_FT%":-0.0357872482,"FG%":1.0,"FT%":0.2841752513,"TRB":0.3953821042,"AST":0.1154096112,"STL":0.1649254505,"BLK":0.355501039,"TOV":-0.1914001433,"3P":0.0469152727,"PTS":0.2989910529,"Avg $":0.1230985085},"FT%":{"d_FG%":0.0406751638,"d_FT%":0.3208728053,"FG%":0.2841752513,"FT%":1.0,"TRB":0.3032716692,"AST":0.3527726862,"STL":0.3419368149,"BLK":0.1540495634,"TOV":-0.3466743448,"3P":0.4335793262,"PTS":0.4642225904,"Avg $":0.1646286359},"TRB":{"d_FG%":0.6138793659,"d_FT%":0.0601670433,"FG%":0.3953821042,"FT%":0.3032716692,"TRB":1.0,"AST":0.462277372,"STL":0.498638363,"BLK":0.6744083629,"TOV":-0.615755212,"3P":0.2712069073,"PTS":0.6817423232,"Avg $":0.5227231522},"AST":{"d_FG%":0.1447386452,"d_FT%":0.4713666505,"FG%":0.1154096112,"FT%":0.3527726862,"TRB":0.462277372,"AST":1.0,"STL":0.6694132967,"BLK":0.1748684393,"TOV":-0.8632918169,"3P":0.5676667042,"PTS":0.7583366159,"Avg $":0.5856150989},"STL":{"d_FG%":0.151201002,"d_FT%":0.2597885985,"FG%":0.1649254505,"FT%":0.3419368149,"TRB":0.498638363,"AST":0.6694132967,"STL":1.0,"BLK":0.3537511727,"TOV":-0.6503925333,"3P":0.5141479795,"PTS":0.6333771237,"Avg $":0.3844830108},"BLK":{"d_FG%":0.5223293833,"d_FT%":-0.0545564894,"FG%":0.355501039,"FT%":0.1540495634,"TRB":0.6744083629,"AST":0.1748684393,"STL":0.3537511727,"BLK":1.0,"TOV":-0.3171668925,"3P":0.0827203036,"PTS":0.3960029379,"Avg $":0.3269933252},"TOV":{"d_FG%":-0.2481785467,"d_FT%":-0.4228764405,"FG%":-0.1914001433,"FT%":-0.3466743448,"TRB":-0.615755212,"AST":-0.8632918169,"STL":-0.6503925333,"BLK":-0.3171668925,"TOV":1.0,"3P":-0.5604933773,"PTS":-0.8354122657,"Avg $":-0.6429022313},"3P":{"d_FG%":-0.1560103453,"d_FT%":0.5129713709,"FG%":0.0469152727,"FT%":0.4335793262,"TRB":0.2712069073,"AST":0.5676667042,"STL":0.5141479795,"BLK":0.0827203036,"TOV":-0.5604933773,"3P":1.0,"PTS":0.7347707143,"Avg $":0.3580031764},"PTS":{"d_FG%":0.3441053395,"d_FT%":0.5228686959,"FG%":0.2989910529,"FT%":0.4642225904,"TRB":0.6817423232,"AST":0.7583366159,"STL":0.6333771237,"BLK":0.3960029379,"TOV":-0.8354122657,"3P":0.7347707143,"PTS":1.0,"Avg $":0.6696451954},"Avg $":{"d_FG%":0.3571620509,"d_FT%":0.4222793997,"FG%":0.1230985085,"FT%":0.1646286359,"TRB":0.5227231522,"AST":0.5856150989,"STL":0.3844830108,"BLK":0.3269933252,"TOV":-0.6429022313,"3P":0.3580031764,"PTS":0.6696451954,"Avg $":1.0}}