{"d_FG%":{"d_FG%":1.0,"d_FT%":-0.1118187747,"FG%":0.3989887789,"FT%":0.0296994533,"TRB":0.5430498151,"AST":0.0903658201,"STL":0.0792672137,"BLK":0.4505976745,"TOV":-0.1940201108,"3P":-0.1746925896,"PTS":0.289170437,"Avg $":0.3166144999},"d_FT%":{"d_FG%":-0.1118187747,"d_FT%":1.0,"FG%":-0.0323611112,"FT%":0.339139762,"TRB":0.0509823074,"AST":0.4281462547,"STL":0.2207538054,"BLK":-0.0543112223,"TOV":-0.3995970299,"3P":0.4949607179,"PTS":0.5137118707,"Avg $":0.3903509899},"FG%":{"d_FG%":0.3989887789,"d_FT%":-0.0323611112,"FG%":1.0,"FT%":0.1732211424,"TRB":0.340656622,"AST":0.0844084074,"STL":0.1608202138,"BLK":0.2989131036,"TOV":-0.1518265003,"3P":0.0514026268,"PTS":0.2716563258,"Avg $":0.1142805459},"FT%":{"d_FG%":0.0296994533,"d_FT%":0.339139762,"FG%":0.1732211424,"FT%":1.0,"TRB":0.2792846811,"AST":0.3076594353,"STL":0.3093856921,"BLK":0.0947008482,"TOV":-0.3249205378,"3P":0.3827403916,"PTS":0.4442254813,"Avg $":0.162378791},"TRB":{"d_FG%":0.5430498151,"d_FT%":0.0509823074,"FG%":0.340656622,"FT%":0.2792846811,"TRB":1.0,"AST":0.4668185939,"STL":0.4613190298,"BLK":0.6528871639,"TOV":-0.597047459,"3P":0.2574569597,"PTS":0.6675214323,"Avg $":0.5120423816},"AST":{"d_FG%":0.0903658201,"d_FT%":0.4281462547,"FG%":0.0844084074,"FT%":0.3076594353,"TRB":0.4668185939,"AST":1.0,"STL":0.6224810722,"BLK":0.1718927673,"TOV":-0.8548277344,"3P":0.5394543332,"PTS":0.7386779424,"Avg $":0.5690409112},"STL":{"d_FG%":0.0792672137,"d_FT%":0.2207538054,"FG%":0.1608202138,"FT%":0.3093856921,"TRB":0.4613190298,"AST":0.6224810722,"STL":1.0,"BLK":0.3262190398,"TOV":-0.6027283161,"3P":0.4497149099,"PTS":0.587468805,"Avg $":0.3200952827},"BLK":{"d_FG%":0.4505976745,"d_FT%":-0.0543112223,"FG%":0.2989131036,"FT%":0.0947008482,"TRB":0.6528871639,"AST":0.1718927673,"STL":0.3262190398,"BLK":1.0,"TOV":-0.2866145299,"3P":0.0629489766,"PTS":0.3527050021,"Avg $":0.2926252357},"TOV":{"d_FG%":-0.1940201108,"d_FT%":-0.3995970299,"FG%":-0.1518265003,"FT%":-0.3249205378,"TRB":-0.597047459,"AST":-0.8548277344,"STL":-0.6027283161,"BLK":-0.2866145299,"TOV":1.0,"3P":-0.5498720086,"PTS":-0.8200303445,"Avg $":-0.6291335073},"3P":{"d_FG%":-0.1746925896,"d_FT%":0.4949607179,"FG%":0.0514026268,"FT%":0.3827403916,"TRB":0.2574569597,"AST":0.5394543332,"STL":0.4497149099,"BLK":0.0629489766,"TOV":-0.5498720086,"3P":1.0,"PTS":0.7295984865,"Avg $":0.3600095739},"PTS":{"d_FG%":0.289170437,"d_FT%":0.5137118707,"FG%":0.2716563258,"FT%":0.4442254813,"TRB":0.6675214323,"AST":0.7386779424,"STL":0.587468805,"BLK":0.3527050021,"TOV":-0.8200303445,"3P":0.7295984865,"PTS":1.0,"Avg $":0.6673999016},"Avg $":{"d_FG%":0.3166144999,"d_FT%":0.3903509899,"FG%":0.1142805459,"FT%":0.162378791,"TRB":0.5120423816,"AST":0.5690409112,"STL":0.3200952827,"BLK":0.2926252357,"TOV":-0.6291335073,"3P":0.3600095739,"PTS":0.6673999016,"Avg $":1.0}}