{"d_FG%":{"d_FG%":1.0,"d_FT%":-0.0729483062,"FG%":0.5301453416,"FT%":-0.027566562,"TRB":0.6142257445,"AST":0.1519170755,"STL":0.141508562,"BLK":0.5042990692,"TOV":-0.2803039291,"3P":-0.1422024,"PTS":0.3642468411,"Avg $":0.4201365889},"d_FT%":{"d_FG%":-0.0729483062,"d_FT%":1.0,"FG%":-0.0582986591,"FT%":0.3603276742,"TRB":0.0061698155,"AST":0.4175416611,"STL":0.2456401972,"BLK":-0.1376634732,"TOV":-0.3404320104,"3P":0.5158668101,"PTS":0.4993400102,"Avg $":0.4500272885},"FG%":{"d_FG%":0.5301453416,"d_FT%":-0.0582986591,"FG%":1.0,"FT%":0.2019857503,"TRB":0.4468127093,"AST":0.0969018443,"STL":0.2058870919,"BLK":0.4250311111,"TOV":-0.1324605498,"3P":-0.0143525262,"PTS":0.2813190522,"Avg $":0.1652998324},"FT%":{"d_FG%":-0.027566562,"d_FT%":0.3603276742,"FG%":0.2019857503,"FT%":1.0,"TRB":0.1541070917,"AST":0.2838717801,"STL":0.3085163655,"BLK":0.0203697966,"TOV":-0.2027049266,"3P":0.4075725311,"PTS":0.3626685365,"Avg $":0.1482264833},"TRB":{"d_FG%":0.6142257445,"d_FT%":0.0061698155,"FG%":0.4468127093,"FT%":0.1541070917,"TRB":1.0,"AST":0.417477979,"STL":0.4592194397,"BLK":0.6524537207,"TOV":-0.5679661005,"3P":0.2175952886,"PTS":0.6356753755,"Avg $":0.5164506757},"AST":{"d_FG%":0.1519170755,"d_FT%":0.4175416611,"FG%":0.0969018443,"FT%":0.2838717801,"TRB":0.417477979,"AST":1.0,"STL":0.6642074017,"BLK":0.0759581587,"TOV":-0.8392317321,"3P":0.5287072066,"PTS":0.7397170427,"Avg $":0.6220596094},"STL":{"d_FG%":0.141508562,"d_FT%":0.2456401972,"FG%":0.2058870919,"FT%":0.3085163655,"TRB":0.4592194397,"AST":0.6642074017,"STL":1.0,"BLK":0.2905538491,"TOV":-0.5891624961,"3P":0.4978504998,"PTS":0.6458054678,"Avg $":0.3918628989},"BLK":{"d_FG%":0.5042990692,"d_FT%":-0.1376634732,"FG%":0.4250311111,"FT%":0.0203697966,"TRB":0.6524537207,"AST":0.0759581587,"STL":0.2905538491,"BLK":1.0,"TOV":-0.2506102204,"3P":0.0044400856,"PTS":0.320896849,"Avg $":0.2854181749},"TOV":{"d_FG%":-0.2803039291,"d_FT%":-0.3404320104,"FG%":-0.1324605498,"FT%":-0.2027049266,"TRB":-0.5679661005,"AST":-0.8392317321,"STL":-0.5891624961,"BLK":-0.2506102204,"TOV":1.0,"3P":-0.5062549657,"PTS":-0.8140188694,"Avg $":-0.676210056},"3P":{"d_FG%":-0.1422024,"d_FT%":0.5158668101,"FG%":-0.0143525262,"FT%":0.4075725311,"TRB":0.2175952886,"AST":0.5287072066,"STL":0.4978504998,"BLK":0.0044400856,"TOV":-0.5062549657,"3P":1.0,"PTS":0.7228310081,"Avg $":0.3843654212},"PTS":{"d_FG%":0.3642468411,"d_FT%":0.4993400102,"FG%":0.2813190522,"FT%":0.3626685365,"TRB":0.6356753755,"AST":0.7397170427,"STL":0.6458054678,"BLK":0.320896849,"TOV":-0.8140188694,"3P":0.7228310081,"PTS":1.0,"Avg $":0.7174817036},"Avg $":{"d_FG%":0.4201365889,"d_FT%":0.4500272885,"FG%":0.1652998324,"FT%":0.1482264833,"TRB":0.5164506757,"AST":0.6220596094,"STL":0.3918628989,"BLK":0.2854181749,"TOV":-0.676210056,"3P":0.3843654212,"PTS":0.7174817036,"Avg $":1.0}}