{"d_FG%":{"d_FG%":1.0,"d_FT%":-0.0833459258,"FG%":0.4244025558,"FT%":0.0368628956,"TRB":0.6264308272,"AST":0.122401978,"STL":0.125130662,"BLK":0.5516034857,"TOV":-0.2428343132,"3P":-0.1705629027,"PTS":0.3327671997,"Avg $":0.3635104886},"d_FT%":{"d_FG%":-0.0833459258,"d_FT%":1.0,"FG%":-0.0317935394,"FT%":0.3184590633,"TRB":0.0879489017,"AST":0.4742392367,"STL":0.2660338906,"BLK":-0.0447419046,"TOV":-0.4347392885,"3P":0.5173108988,"PTS":0.5378394461,"Avg $":0.4377714302},"FG%":{"d_FG%":0.4244025558,"d_FT%":-0.0317935394,"FG%":1.0,"FT%":0.2788740068,"TRB":0.4001790916,"AST":0.1028192052,"STL":0.1479489813,"BLK":0.3915641017,"TOV":-0.1858335788,"3P":0.0320435535,"PTS":0.2869376061,"Avg $":0.1237587816},"FT%":{"d_FG%":0.0368628956,"d_FT%":0.3184590633,"FG%":0.2788740068,"FT%":1.0,"TRB":0.3121896153,"AST":0.361773666,"STL":0.3708684548,"BLK":0.1935076448,"TOV":-0.3594092734,"3P":0.4443322952,"PTS":0.4694147136,"Avg $":0.167084779},"TRB":{"d_FG%":0.6264308272,"d_FT%":0.0879489017,"FG%":0.4001790916,"FT%":0.3121896153,"TRB":1.0,"AST":0.4512520462,"STL":0.4818027981,"BLK":0.7027666679,"TOV":-0.6200408596,"3P":0.2636983563,"PTS":0.6785272491,"Avg $":0.5232697908},"AST":{"d_FG%":0.122401978,"d_FT%":0.4742392367,"FG%":0.1028192052,"FT%":0.361773666,"TRB":0.4512520462,"AST":1.0,"STL":0.6837705281,"BLK":0.1759213193,"TOV":-0.868504263,"3P":0.5668405193,"PTS":0.7539800777,"Avg $":0.5726723675},"STL":{"d_FG%":0.125130662,"d_FT%":0.2660338906,"FG%":0.1479489813,"FT%":0.3708684548,"TRB":0.4818027981,"AST":0.6837705281,"STL":1.0,"BLK":0.3354803998,"TOV":-0.6541513635,"3P":0.5076597026,"PTS":0.6278298503,"Avg $":0.3700335791},"BLK":{"d_FG%":0.5516034857,"d_FT%":-0.0447419046,"FG%":0.3915641017,"FT%":0.1935076448,"TRB":0.7027666679,"AST":0.1759213193,"STL":0.3354803998,"BLK":1.0,"TOV":-0.3348268999,"3P":0.0639498979,"PTS":0.4049879308,"Avg $":0.3371018371},"TOV":{"d_FG%":-0.2428343132,"d_FT%":-0.4347392885,"FG%":-0.1858335788,"FT%":-0.3594092734,"TRB":-0.6200408596,"AST":-0.868504263,"STL":-0.6541513635,"BLK":-0.3348268999,"TOV":1.0,"3P":-0.5586436219,"PTS":-0.8405542131,"Avg $":-0.6376261919},"3P":{"d_FG%":-0.1705629027,"d_FT%":0.5173108988,"FG%":0.0320435535,"FT%":0.4443322952,"TRB":0.2636983563,"AST":0.5668405193,"STL":0.5076597026,"BLK":0.0639498979,"TOV":-0.5586436219,"3P":1.0,"PTS":0.7359739492,"Avg $":0.358353629},"PTS":{"d_FG%":0.3327671997,"d_FT%":0.5378394461,"FG%":0.2869376061,"FT%":0.4694147136,"TRB":0.6785272491,"AST":0.7539800777,"STL":0.6278298503,"BLK":0.4049879308,"TOV":-0.8405542131,"3P":0.7359739492,"PTS":1.0,"Avg $":0.6691159386},"Avg $":{"d_FG%":0.3635104886,"d_FT%":0.4377714302,"FG%":0.1237587816,"FT%":0.167084779,"TRB":0.5232697908,"AST":0.5726723675,"STL":0.3700335791,"BLK":0.3371018371,"TOV":-0.6376261919,"3P":0.358353629,"PTS":0.6691159386,"Avg $":1.0}}