{"d_FG%":{"d_FG%":1.0,"d_FT%":-0.0845462326,"FG%":0.4290656348,"FT%":0.0448474142,"TRB":0.6220693976,"AST":0.1488665586,"STL":0.145616742,"BLK":0.5186956581,"TOV":-0.2561117225,"3P":-0.1578988254,"PTS":0.3470585684,"Avg $":0.3553723778},"d_FT%":{"d_FG%":-0.0845462326,"d_FT%":1.0,"FG%":-0.0308308557,"FT%":0.3236261009,"TRB":0.0750573764,"AST":0.4792611013,"STL":0.2667479558,"BLK":-0.0464116432,"TOV":-0.4343611053,"3P":0.5200804671,"PTS":0.5399468959,"Avg $":0.4344265514},"FG%":{"d_FG%":0.4290656348,"d_FT%":-0.0308308557,"FG%":1.0,"FT%":0.2987818167,"TRB":0.4004534711,"AST":0.1145637322,"STL":0.1586587558,"BLK":0.3605046703,"TOV":-0.193978426,"3P":0.042068115,"PTS":0.298429828,"Avg $":0.1232899746},"FT%":{"d_FG%":0.0448474142,"d_FT%":0.3236261009,"FG%":0.2987818167,"FT%":1.0,"TRB":0.3033420574,"AST":0.3561464395,"STL":0.3486162662,"BLK":0.1515018205,"TOV":-0.349291695,"3P":0.4371028423,"PTS":0.4672368669,"Avg $":0.164030136},"TRB":{"d_FG%":0.6220693976,"d_FT%":0.0750573764,"FG%":0.4004534711,"FT%":0.3033420574,"TRB":1.0,"AST":0.4632318288,"STL":0.4948467252,"BLK":0.6779132304,"TOV":-0.6178727088,"3P":0.2665978925,"PTS":0.6792947917,"Avg $":0.5245305657},"AST":{"d_FG%":0.1488665586,"d_FT%":0.4792611013,"FG%":0.1145637322,"FT%":0.3561464395,"TRB":0.4632318288,"AST":1.0,"STL":0.6678988285,"BLK":0.173033314,"TOV":-0.8660982936,"3P":0.5687305412,"PTS":0.759038992,"Avg $":0.5849446185},"STL":{"d_FG%":0.145616742,"d_FT%":0.2667479558,"FG%":0.1586587558,"FT%":0.3486162662,"TRB":0.4948467252,"AST":0.6678988285,"STL":1.0,"BLK":0.356628579,"TOV":-0.6479101814,"3P":0.5112181401,"PTS":0.6284494366,"Avg $":0.3796002628},"BLK":{"d_FG%":0.5186956581,"d_FT%":-0.0464116432,"FG%":0.3605046703,"FT%":0.1515018205,"TRB":0.6779132304,"AST":0.173033314,"STL":0.356628579,"BLK":1.0,"TOV":-0.3180086678,"3P":0.0750812258,"PTS":0.3903221592,"Avg $":0.3283152743},"TOV":{"d_FG%":-0.2561117225,"d_FT%":-0.4343611053,"FG%":-0.193978426,"FT%":-0.349291695,"TRB":-0.6178727088,"AST":-0.8660982936,"STL":-0.6479101814,"BLK":-0.3180086678,"TOV":1.0,"3P":-0.5558432366,"PTS":-0.8351614025,"Avg $":-0.6415924794},"3P":{"d_FG%":-0.1578988254,"d_FT%":0.5200804671,"FG%":0.042068115,"FT%":0.4371028423,"TRB":0.2665978925,"AST":0.5687305412,"STL":0.5112181401,"BLK":0.0750812258,"TOV":-0.5558432366,"3P":1.0,"PTS":0.7333326651,"Avg $":0.3592973882},"PTS":{"d_FG%":0.3470585684,"d_FT%":0.5399468959,"FG%":0.298429828,"FT%":0.4672368669,"TRB":0.6792947917,"AST":0.759038992,"STL":0.6284494366,"BLK":0.3903221592,"TOV":-0.8351614025,"3P":0.7333326651,"PTS":1.0,"Avg $":0.670504214},"Avg $":{"d_FG%":0.3553723778,"d_FT%":0.4344265514,"FG%":0.1232899746,"FT%":0.164030136,"TRB":0.5245305657,"AST":0.5849446185,"STL":0.3796002628,"BLK":0.3283152743,"TOV":-0.6415924794,"3P":0.3592973882,"PTS":0.670504214,"Avg $":1.0}}