{"d_FG%":{"d_FG%":1.0,"d_FT%":-0.0693498647,"FG%":0.5346117151,"FT%":-0.0280239651,"TRB":0.6124888343,"AST":0.1505823767,"STL":0.1419240488,"BLK":0.5049201102,"TOV":-0.2774544616,"3P":-0.1434173292,"PTS":0.3630976819,"Avg $":0.4190523985},"d_FT%":{"d_FG%":-0.0693498647,"d_FT%":1.0,"FG%":-0.0569555425,"FT%":0.36304303,"TRB":0.0054573425,"AST":0.4174019279,"STL":0.2470153174,"BLK":-0.1368004178,"TOV":-0.3402836887,"3P":0.5148060964,"PTS":0.5003157548,"Avg $":0.4534851927},"FG%":{"d_FG%":0.5346117151,"d_FT%":-0.0569555425,"FG%":1.0,"FT%":0.215769314,"TRB":0.4468481869,"AST":0.0980135196,"STL":0.2060765859,"BLK":0.4347231105,"TOV":-0.1308485409,"3P":-0.0143570903,"PTS":0.2815158554,"Avg $":0.1659455454},"FT%":{"d_FG%":-0.0280239651,"d_FT%":0.36304303,"FG%":0.215769314,"FT%":1.0,"TRB":0.1429959073,"AST":0.2795977322,"STL":0.3056801713,"BLK":0.0166704699,"TOV":-0.1949141716,"3P":0.4031896135,"PTS":0.3579737457,"Avg $":0.1477543425},"TRB":{"d_FG%":0.6124888343,"d_FT%":0.0054573425,"FG%":0.4468481869,"FT%":0.1429959073,"TRB":1.0,"AST":0.4150483968,"STL":0.4579310501,"BLK":0.6510236275,"TOV":-0.5651890229,"3P":0.2131677458,"PTS":0.6330136688,"Avg $":0.5155219716},"AST":{"d_FG%":0.1505823767,"d_FT%":0.4174019279,"FG%":0.0980135196,"FT%":0.2795977322,"TRB":0.4150483968,"AST":1.0,"STL":0.6645617008,"BLK":0.0724560852,"TOV":-0.8396641165,"3P":0.5285052859,"PTS":0.7396552481,"Avg $":0.6213354919},"STL":{"d_FG%":0.1419240488,"d_FT%":0.2470153174,"FG%":0.2060765859,"FT%":0.3056801713,"TRB":0.4579310501,"AST":0.6645617008,"STL":1.0,"BLK":0.2909786579,"TOV":-0.5874540849,"3P":0.498349383,"PTS":0.6465521039,"Avg $":0.3943783915},"BLK":{"d_FG%":0.5049201102,"d_FT%":-0.1368004178,"FG%":0.4347231105,"FT%":0.0166704699,"TRB":0.6510236275,"AST":0.0724560852,"STL":0.2909786579,"BLK":1.0,"TOV":-0.2483520476,"3P":0.0030504643,"PTS":0.320856982,"Avg $":0.2858944219},"TOV":{"d_FG%":-0.2774544616,"d_FT%":-0.3402836887,"FG%":-0.1308485409,"FT%":-0.1949141716,"TRB":-0.5651890229,"AST":-0.8396641165,"STL":-0.5874540849,"BLK":-0.2483520476,"TOV":1.0,"3P":-0.5045202002,"PTS":-0.8124557084,"Avg $":-0.6751459357},"3P":{"d_FG%":-0.1434173292,"d_FT%":0.5148060964,"FG%":-0.0143570903,"FT%":0.4031896135,"TRB":0.2131677458,"AST":0.5285052859,"STL":0.498349383,"BLK":0.0030504643,"TOV":-0.5045202002,"3P":1.0,"PTS":0.7222827746,"Avg $":0.3829906392},"PTS":{"d_FG%":0.3630976819,"d_FT%":0.5003157548,"FG%":0.2815158554,"FT%":0.3579737457,"TRB":0.6330136688,"AST":0.7396552481,"STL":0.6465521039,"BLK":0.320856982,"TOV":-0.8124557084,"3P":0.7222827746,"PTS":1.0,"Avg $":0.7180717921},"Avg $":{"d_FG%":0.4190523985,"d_FT%":0.4534851927,"FG%":0.1659455454,"FT%":0.1477543425,"TRB":0.5155219716,"AST":0.6213354919,"STL":0.3943783915,"BLK":0.2858944219,"TOV":-0.6751459357,"3P":0.3829906392,"PTS":0.7180717921,"Avg $":1.0}}