{"d_FG%":{"d_FG%":1.0,"d_FT%":-0.0712297395,"FG%":0.5248496735,"FT%":-0.0364921818,"TRB":0.6007259177,"AST":0.1335479466,"STL":0.1325120262,"BLK":0.4975450773,"TOV":-0.253343187,"3P":-0.169962014,"PTS":0.3389478995,"Avg $":0.4073130687},"d_FT%":{"d_FG%":-0.0712297395,"d_FT%":1.0,"FG%":-0.0586040515,"FT%":0.3684221128,"TRB":0.0055655641,"AST":0.414843788,"STL":0.2593252846,"BLK":-0.1374950193,"TOV":-0.3446405336,"3P":0.5144620722,"PTS":0.505214446,"Avg $":0.4581212824},"FG%":{"d_FG%":0.5248496735,"d_FT%":-0.0586040515,"FG%":1.0,"FT%":0.1437989637,"TRB":0.4220926908,"AST":0.073691681,"STL":0.1624673687,"BLK":0.3972300784,"TOV":-0.1027890967,"3P":-0.0437793112,"PTS":0.2548199011,"Avg $":0.1551826969},"FT%":{"d_FG%":-0.0364921818,"d_FT%":0.3684221128,"FG%":0.1437989637,"FT%":1.0,"TRB":0.1459685395,"AST":0.2878928418,"STL":0.3107374263,"BLK":0.0151900054,"TOV":-0.2045438981,"3P":0.3948600657,"PTS":0.3547603251,"Avg $":0.1489176707},"TRB":{"d_FG%":0.6007259177,"d_FT%":0.0055655641,"FG%":0.4220926908,"FT%":0.1459685395,"TRB":1.0,"AST":0.4139468326,"STL":0.4761439633,"BLK":0.6490860353,"TOV":-0.5617721529,"3P":0.2049883652,"PTS":0.629233325,"Avg $":0.5153243284},"AST":{"d_FG%":0.1335479466,"d_FT%":0.414843788,"FG%":0.073691681,"FT%":0.2878928418,"TRB":0.4139468326,"AST":1.0,"STL":0.7027972946,"BLK":0.0789165289,"TOV":-0.8324297757,"3P":0.5262337521,"PTS":0.7401558737,"Avg $":0.6162358243},"STL":{"d_FG%":0.1325120262,"d_FT%":0.2593252846,"FG%":0.1624673687,"FT%":0.3107374263,"TRB":0.4761439633,"AST":0.7027972946,"STL":1.0,"BLK":0.2739714204,"TOV":-0.6197429968,"3P":0.4966929831,"PTS":0.6553712021,"Avg $":0.414356612},"BLK":{"d_FG%":0.4975450773,"d_FT%":-0.1374950193,"FG%":0.3972300784,"FT%":0.0151900054,"TRB":0.6490860353,"AST":0.0789165289,"STL":0.2739714204,"BLK":1.0,"TOV":-0.244569083,"3P":-0.0136700839,"PTS":0.3079886927,"Avg $":0.2823246902},"TOV":{"d_FG%":-0.253343187,"d_FT%":-0.3446405336,"FG%":-0.1027890967,"FT%":-0.2045438981,"TRB":-0.5617721529,"AST":-0.8324297757,"STL":-0.6197429968,"BLK":-0.244569083,"TOV":1.0,"3P":-0.5006538517,"PTS":-0.8120813065,"Avg $":-0.6693849897},"3P":{"d_FG%":-0.169962014,"d_FT%":0.5144620722,"FG%":-0.0437793112,"FT%":0.3948600657,"TRB":0.2049883652,"AST":0.5262337521,"STL":0.4966929831,"BLK":-0.0136700839,"TOV":-0.5006538517,"3P":1.0,"PTS":0.7171755433,"Avg $":0.3792687031},"PTS":{"d_FG%":0.3389478995,"d_FT%":0.505214446,"FG%":0.2548199011,"FT%":0.3547603251,"TRB":0.629233325,"AST":0.7401558737,"STL":0.6553712021,"BLK":0.3079886927,"TOV":-0.8120813065,"3P":0.7171755433,"PTS":1.0,"Avg $":0.7182826498},"Avg $":{"d_FG%":0.4073130687,"d_FT%":0.4581212824,"FG%":0.1551826969,"FT%":0.1489176707,"TRB":0.5153243284,"AST":0.6162358243,"STL":0.414356612,"BLK":0.2823246902,"TOV":-0.6693849897,"3P":0.3792687031,"PTS":0.7182826498,"Avg $":1.0}}