{"d_FG%":{"d_FG%":1.0,"d_FT%":-0.0783063249,"FG%":0.4414444184,"FT%":0.0291974596,"TRB":0.6290994821,"AST":0.1216877297,"STL":0.1315452872,"BLK":0.5483312636,"TOV":-0.2478381494,"3P":-0.1720998333,"PTS":0.341498671,"Avg $":0.3758874148},"d_FT%":{"d_FG%":-0.0783063249,"d_FT%":1.0,"FG%":-0.0397660787,"FT%":0.3131474,"TRB":0.0660402784,"AST":0.465844034,"STL":0.2615565527,"BLK":-0.057755749,"TOV":-0.4240156598,"3P":0.5103681058,"PTS":0.5261264867,"Avg $":0.4261239998},"FG%":{"d_FG%":0.4414444184,"d_FT%":-0.0397660787,"FG%":1.0,"FT%":0.2796647669,"TRB":0.4214164746,"AST":0.098601171,"STL":0.1398316582,"BLK":0.4120712253,"TOV":-0.1762317706,"3P":0.0223183299,"PTS":0.292485622,"Avg $":0.1278611561},"FT%":{"d_FG%":0.0291974596,"d_FT%":0.3131474,"FG%":0.2796647669,"FT%":1.0,"TRB":0.2863484184,"AST":0.3496163491,"STL":0.3303997196,"BLK":0.1813259664,"TOV":-0.3505932702,"3P":0.4320844094,"PTS":0.4542677864,"Avg $":0.1571523377},"TRB":{"d_FG%":0.6290994821,"d_FT%":0.0660402784,"FG%":0.4214164746,"FT%":0.2863484184,"TRB":1.0,"AST":0.4264526725,"STL":0.459000246,"BLK":0.6973680852,"TOV":-0.6050980578,"3P":0.2372584419,"PTS":0.668393365,"Avg $":0.5132045584},"AST":{"d_FG%":0.1216877297,"d_FT%":0.465844034,"FG%":0.098601171,"FT%":0.3496163491,"TRB":0.4264526725,"AST":1.0,"STL":0.6835645263,"BLK":0.166243405,"TOV":-0.8651721253,"3P":0.5489078862,"PTS":0.740398655,"Avg $":0.5608073731},"STL":{"d_FG%":0.1315452872,"d_FT%":0.2615565527,"FG%":0.1398316582,"FT%":0.3303997196,"TRB":0.459000246,"AST":0.6835645263,"STL":1.0,"BLK":0.3352317826,"TOV":-0.6512853245,"3P":0.501311253,"PTS":0.6198847136,"Avg $":0.3700936019},"BLK":{"d_FG%":0.5483312636,"d_FT%":-0.057755749,"FG%":0.4120712253,"FT%":0.1813259664,"TRB":0.6973680852,"AST":0.166243405,"STL":0.3352317826,"BLK":1.0,"TOV":-0.3305578143,"3P":0.0478601792,"PTS":0.3937141285,"Avg $":0.324275437},"TOV":{"d_FG%":-0.2478381494,"d_FT%":-0.4240156598,"FG%":-0.1762317706,"FT%":-0.3505932702,"TRB":-0.6050980578,"AST":-0.8651721253,"STL":-0.6512853245,"BLK":-0.3305578143,"TOV":1.0,"3P":-0.5449801226,"PTS":-0.8370404582,"Avg $":-0.6360814831},"3P":{"d_FG%":-0.1720998333,"d_FT%":0.5103681058,"FG%":0.0223183299,"FT%":0.4320844094,"TRB":0.2372584419,"AST":0.5489078862,"STL":0.501311253,"BLK":0.0478601792,"TOV":-0.5449801226,"3P":1.0,"PTS":0.72385039,"Avg $":0.354403222},"PTS":{"d_FG%":0.341498671,"d_FT%":0.5261264867,"FG%":0.292485622,"FT%":0.4542677864,"TRB":0.668393365,"AST":0.740398655,"STL":0.6198847136,"BLK":0.3937141285,"TOV":-0.8370404582,"3P":0.72385039,"PTS":1.0,"Avg $":0.6685374191},"Avg $":{"d_FG%":0.3758874148,"d_FT%":0.4261239998,"FG%":0.1278611561,"FT%":0.1571523377,"TRB":0.5132045584,"AST":0.5608073731,"STL":0.3700936019,"BLK":0.324275437,"TOV":-0.6360814831,"3P":0.354403222,"PTS":0.6685374191,"Avg $":1.0}}