{"d_FG%":{"d_FG%":1.0,"d_FT%":-0.0343988062,"FG%":0.5235763832,"FT%":0.0084360293,"TRB":0.6069261444,"AST":0.1857880704,"STL":0.1713916147,"BLK":0.5051580552,"TOV":-0.3067942663,"3P":-0.1085884576,"PTS":0.4025321907,"Avg $":0.4344823558},"d_FT%":{"d_FG%":-0.0343988062,"d_FT%":1.0,"FG%":-0.0307511189,"FT%":0.3649618229,"TRB":0.04546622,"AST":0.4456477767,"STL":0.2916506002,"BLK":-0.1137202186,"TOV":-0.3689654795,"3P":0.5326561805,"PTS":0.5247840294,"Avg $":0.4699596182},"FG%":{"d_FG%":0.5235763832,"d_FT%":-0.0307511189,"FG%":1.0,"FT%":0.2291783664,"TRB":0.4452294989,"AST":0.1069792253,"STL":0.2064258725,"BLK":0.4038142816,"TOV":-0.1419969596,"3P":0.0098667604,"PTS":0.3014364655,"Avg $":0.1701732779},"FT%":{"d_FG%":0.0084360293,"d_FT%":0.3649618229,"FG%":0.2291783664,"FT%":1.0,"TRB":0.1874452348,"AST":0.2771054221,"STL":0.3244381112,"BLK":0.0085771778,"TOV":-0.2047727988,"3P":0.4231552351,"PTS":0.3861297433,"Avg $":0.1656149309},"TRB":{"d_FG%":0.6069261444,"d_FT%":0.04546622,"FG%":0.4452294989,"FT%":0.1874452348,"TRB":1.0,"AST":0.4134462689,"STL":0.4822479157,"BLK":0.6502513734,"TOV":-0.5677825685,"3P":0.20235579,"PTS":0.6378623728,"Avg $":0.5179257832},"AST":{"d_FG%":0.1857880704,"d_FT%":0.4456477767,"FG%":0.1069792253,"FT%":0.2771054221,"TRB":0.4134462689,"AST":1.0,"STL":0.7006882069,"BLK":0.0856193195,"TOV":-0.8289098812,"3P":0.5253216502,"PTS":0.7444775695,"Avg $":0.6343188},"STL":{"d_FG%":0.1713916147,"d_FT%":0.2916506002,"FG%":0.2064258725,"FT%":0.3244381112,"TRB":0.4822479157,"AST":0.7006882069,"STL":1.0,"BLK":0.2549392138,"TOV":-0.6304372672,"3P":0.5134678444,"PTS":0.6737340846,"Avg $":0.4271211578},"BLK":{"d_FG%":0.5051580552,"d_FT%":-0.1137202186,"FG%":0.4038142816,"FT%":0.0085771778,"TRB":0.6502513734,"AST":0.0856193195,"STL":0.2549392138,"BLK":1.0,"TOV":-0.2705790489,"3P":-0.0047634877,"PTS":0.3249380395,"Avg $":0.3033725145},"TOV":{"d_FG%":-0.3067942663,"d_FT%":-0.3689654795,"FG%":-0.1419969596,"FT%":-0.2047727988,"TRB":-0.5677825685,"AST":-0.8289098812,"STL":-0.6304372672,"BLK":-0.2705790489,"TOV":1.0,"3P":-0.4905694699,"PTS":-0.810911823,"Avg $":-0.6775054525},"3P":{"d_FG%":-0.1085884576,"d_FT%":0.5326561805,"FG%":0.0098667604,"FT%":0.4231552351,"TRB":0.20235579,"AST":0.5253216502,"STL":0.5134678444,"BLK":-0.0047634877,"TOV":-0.4905694699,"3P":1.0,"PTS":0.7116806281,"Avg $":0.3869832835},"PTS":{"d_FG%":0.4025321907,"d_FT%":0.5247840294,"FG%":0.3014364655,"FT%":0.3861297433,"TRB":0.6378623728,"AST":0.7444775695,"STL":0.6737340846,"BLK":0.3249380395,"TOV":-0.810911823,"3P":0.7116806281,"PTS":1.0,"Avg $":0.7255709978},"Avg $":{"d_FG%":0.4344823558,"d_FT%":0.4699596182,"FG%":0.1701732779,"FT%":0.1656149309,"TRB":0.5179257832,"AST":0.6343188,"STL":0.4271211578,"BLK":0.3033725145,"TOV":-0.6775054525,"3P":0.3869832835,"PTS":0.7255709978,"Avg $":1.0}}