{"d_FG%":{"d_FG%":1.0,"d_FT%":-0.0920415696,"FG%":0.4269931389,"FT%":0.0414199068,"TRB":0.6284493569,"AST":0.1386667354,"STL":0.1443899543,"BLK":0.5286189265,"TOV":-0.2533936996,"3P":-0.1624705117,"PTS":0.340780749,"Avg $":0.3629756741},"d_FT%":{"d_FG%":-0.0920415696,"d_FT%":1.0,"FG%":-0.0335237028,"FT%":0.3250271882,"TRB":0.080969551,"AST":0.475450437,"STL":0.2702915053,"BLK":-0.0437808306,"TOV":-0.4346679426,"3P":0.5226454405,"PTS":0.5381638104,"Avg $":0.4298874478},"FG%":{"d_FG%":0.4269931389,"d_FT%":-0.0335237028,"FG%":1.0,"FT%":0.2928737416,"TRB":0.4008357329,"AST":0.1097112642,"STL":0.1547263382,"BLK":0.3752770152,"TOV":-0.1939855032,"3P":0.0341922577,"PTS":0.2926878285,"Avg $":0.1242917316},"FT%":{"d_FG%":0.0414199068,"d_FT%":0.3250271882,"FG%":0.2928737416,"FT%":1.0,"TRB":0.3083976152,"AST":0.3629137976,"STL":0.3642183554,"BLK":0.1611262579,"TOV":-0.3654285849,"3P":0.4395407598,"PTS":0.4722976288,"Avg $":0.166446623},"TRB":{"d_FG%":0.6284493569,"d_FT%":0.080969551,"FG%":0.4008357329,"FT%":0.3083976152,"TRB":1.0,"AST":0.4576989275,"STL":0.4982812534,"BLK":0.6881359056,"TOV":-0.6214364259,"3P":0.2631628432,"PTS":0.6780673689,"Avg $":0.5255025156},"AST":{"d_FG%":0.1386667354,"d_FT%":0.475450437,"FG%":0.1097112642,"FT%":0.3629137976,"TRB":0.4576989275,"AST":1.0,"STL":0.6772930164,"BLK":0.173848342,"TOV":-0.8660340513,"3P":0.5679556669,"PTS":0.7589539339,"Avg $":0.5801369311},"STL":{"d_FG%":0.1443899543,"d_FT%":0.2702915053,"FG%":0.1547263382,"FT%":0.3642183554,"TRB":0.4982812534,"AST":0.6772930164,"STL":1.0,"BLK":0.3551223217,"TOV":-0.6544635611,"3P":0.5199462613,"PTS":0.6394628876,"Avg $":0.3813462962},"BLK":{"d_FG%":0.5286189265,"d_FT%":-0.0437808306,"FG%":0.3752770152,"FT%":0.1611262579,"TRB":0.6881359056,"AST":0.173848342,"STL":0.3551223217,"BLK":1.0,"TOV":-0.3196650382,"3P":0.0795647891,"PTS":0.394476339,"Avg $":0.3327590436},"TOV":{"d_FG%":-0.2533936996,"d_FT%":-0.4346679426,"FG%":-0.1939855032,"FT%":-0.3654285849,"TRB":-0.6214364259,"AST":-0.8660340513,"STL":-0.6544635611,"BLK":-0.3196650382,"TOV":1.0,"3P":-0.5588904666,"PTS":-0.8429282718,"Avg $":-0.6390649429},"3P":{"d_FG%":-0.1624705117,"d_FT%":0.5226454405,"FG%":0.0341922577,"FT%":0.4395407598,"TRB":0.2631628432,"AST":0.5679556669,"STL":0.5199462613,"BLK":0.0795647891,"TOV":-0.5588904666,"3P":1.0,"PTS":0.7330791986,"Avg $":0.3570307265},"PTS":{"d_FG%":0.340780749,"d_FT%":0.5381638104,"FG%":0.2926878285,"FT%":0.4722976288,"TRB":0.6780673689,"AST":0.7589539339,"STL":0.6394628876,"BLK":0.394476339,"TOV":-0.8429282718,"3P":0.7330791986,"PTS":1.0,"Avg $":0.6693596929},"Avg $":{"d_FG%":0.3629756741,"d_FT%":0.4298874478,"FG%":0.1242917316,"FT%":0.166446623,"TRB":0.5255025156,"AST":0.5801369311,"STL":0.3813462962,"BLK":0.3327590436,"TOV":-0.6390649429,"3P":0.3570307265,"PTS":0.6693596929,"Avg $":1.0}}