{"d_FG%":{"d_FG%":1.0,"d_FT%":-0.1433764227,"FG%":0.4408496136,"FT%":-0.01222137,"TRB":0.5131441125,"AST":0.0223887577,"STL":0.0449178302,"BLK":0.4531238715,"TOV":-0.1216593141,"3P":-0.2488232624,"PTS":0.217902546,"Avg $":0.2606955908},"d_FT%":{"d_FG%":-0.1433764227,"d_FT%":1.0,"FG%":-0.0477170016,"FT%":0.3637821015,"TRB":0.0357721402,"AST":0.4348700315,"STL":0.2492547709,"BLK":-0.0889954468,"TOV":-0.4056054101,"3P":0.4751362661,"PTS":0.497734235,"Avg $":0.3537249123},"FG%":{"d_FG%":0.4408496136,"d_FT%":-0.0477170016,"FG%":1.0,"FT%":0.1531423559,"TRB":0.3381658555,"AST":0.0730805547,"STL":0.1261961926,"BLK":0.3017453472,"TOV":-0.1606055432,"3P":-0.0020563593,"PTS":0.2153617994,"Avg $":0.1055547399},"FT%":{"d_FG%":-0.01222137,"d_FT%":0.3637821015,"FG%":0.1531423559,"FT%":1.0,"TRB":0.2708129594,"AST":0.3195851545,"STL":0.3770661956,"BLK":0.1055478584,"TOV":-0.3525905828,"3P":0.3858402549,"PTS":0.4259168681,"Avg $":0.154687422},"TRB":{"d_FG%":0.5131441125,"d_FT%":0.0357721402,"FG%":0.3381658555,"FT%":0.2708129594,"TRB":1.0,"AST":0.4661185557,"STL":0.5010575768,"BLK":0.6709775923,"TOV":-0.6140385204,"3P":0.2533294447,"PTS":0.674290735,"Avg $":0.5221968418},"AST":{"d_FG%":0.0223887577,"d_FT%":0.4348700315,"FG%":0.0730805547,"FT%":0.3195851545,"TRB":0.4661185557,"AST":1.0,"STL":0.6700874439,"BLK":0.1603416278,"TOV":-0.8612098689,"3P":0.5482361369,"PTS":0.7553756392,"Avg $":0.596053957},"STL":{"d_FG%":0.0449178302,"d_FT%":0.2492547709,"FG%":0.1261961926,"FT%":0.3770661956,"TRB":0.5010575768,"AST":0.6700874439,"STL":1.0,"BLK":0.3386521264,"TOV":-0.6449528746,"3P":0.5258008285,"PTS":0.6570687778,"Avg $":0.3814094003},"BLK":{"d_FG%":0.4531238715,"d_FT%":-0.0889954468,"FG%":0.3017453472,"FT%":0.1055478584,"TRB":0.6709775923,"AST":0.1603416278,"STL":0.3386521264,"BLK":1.0,"TOV":-0.2890293675,"3P":0.0898873399,"PTS":0.3773888561,"Avg $":0.3100040623},"TOV":{"d_FG%":-0.1216593141,"d_FT%":-0.4056054101,"FG%":-0.1606055432,"FT%":-0.3525905828,"TRB":-0.6140385204,"AST":-0.8612098689,"STL":-0.6449528746,"BLK":-0.2890293675,"TOV":1.0,"3P":-0.5725864216,"PTS":-0.847002488,"Avg $":-0.650521791},"3P":{"d_FG%":-0.2488232624,"d_FT%":0.4751362661,"FG%":-0.0020563593,"FT%":0.3858402549,"TRB":0.2533294447,"AST":0.5482361369,"STL":0.5258008285,"BLK":0.0898873399,"TOV":-0.5725864216,"3P":1.0,"PTS":0.7293172032,"Avg $":0.3562639689},"PTS":{"d_FG%":0.217902546,"d_FT%":0.497734235,"FG%":0.2153617994,"FT%":0.4259168681,"TRB":0.674290735,"AST":0.7553756392,"STL":0.6570687778,"BLK":0.3773888561,"TOV":-0.847002488,"3P":0.7293172032,"PTS":1.0,"Avg $":0.6699572253},"Avg $":{"d_FG%":0.2606955908,"d_FT%":0.3537249123,"FG%":0.1055547399,"FT%":0.154687422,"TRB":0.5221968418,"AST":0.596053957,"STL":0.3814094003,"BLK":0.3100040623,"TOV":-0.650521791,"3P":0.3562639689,"PTS":0.6699572253,"Avg $":1.0}}