{"d_FG%":{"d_FG%":1.0,"d_FT%":-0.1256745155,"FG%":0.4207836216,"FT%":-0.0108617584,"TRB":0.4880117982,"AST":-0.0062090944,"STL":0.038829637,"BLK":0.4222826868,"TOV":-0.0923993365,"3P":-0.2423115337,"PTS":0.2045627738,"Avg $":0.2452001542},"d_FT%":{"d_FG%":-0.1256745155,"d_FT%":1.0,"FG%":-0.0428383871,"FT%":0.3619016614,"TRB":0.0340080266,"AST":0.4142354326,"STL":0.2470323789,"BLK":-0.0990881342,"TOV":-0.3683338779,"3P":0.4494044817,"PTS":0.4746056417,"Avg $":0.333964084},"FG%":{"d_FG%":0.4207836216,"d_FT%":-0.0428383871,"FG%":1.0,"FT%":0.1270622191,"TRB":0.298315847,"AST":0.0685768065,"STL":0.1310691135,"BLK":0.272037768,"TOV":-0.1524204289,"3P":0.0191785275,"PTS":0.2056361683,"Avg $":0.095235862},"FT%":{"d_FG%":-0.0108617584,"d_FT%":0.3619016614,"FG%":0.1270622191,"FT%":1.0,"TRB":0.2919609059,"AST":0.3236377967,"STL":0.3782982215,"BLK":0.1268513376,"TOV":-0.3507319221,"3P":0.3946914666,"PTS":0.446346272,"Avg $":0.1613943878},"TRB":{"d_FG%":0.4880117982,"d_FT%":0.0340080266,"FG%":0.298315847,"FT%":0.2919609059,"TRB":1.0,"AST":0.4682894079,"STL":0.4874782699,"BLK":0.6571160505,"TOV":-0.6130586724,"3P":0.2640930448,"PTS":0.6786795583,"Avg $":0.5178910122},"AST":{"d_FG%":-0.0062090944,"d_FT%":0.4142354326,"FG%":0.0685768065,"FT%":0.3236377967,"TRB":0.4682894079,"AST":1.0,"STL":0.6593271475,"BLK":0.1593705151,"TOV":-0.852626176,"3P":0.5481792238,"PTS":0.7512275164,"Avg $":0.5905127243},"STL":{"d_FG%":0.038829637,"d_FT%":0.2470323789,"FG%":0.1310691135,"FT%":0.3782982215,"TRB":0.4874782699,"AST":0.6593271475,"STL":1.0,"BLK":0.3530363158,"TOV":-0.6297843079,"3P":0.5349079468,"PTS":0.6555067964,"Avg $":0.3806344317},"BLK":{"d_FG%":0.4222826868,"d_FT%":-0.0990881342,"FG%":0.272037768,"FT%":0.1268513376,"TRB":0.6571160505,"AST":0.1593705151,"STL":0.3530363158,"BLK":1.0,"TOV":-0.281598498,"3P":0.1058708838,"PTS":0.3703265765,"Avg $":0.3088085816},"TOV":{"d_FG%":-0.0923993365,"d_FT%":-0.3683338779,"FG%":-0.1524204289,"FT%":-0.3507319221,"TRB":-0.6130586724,"AST":-0.852626176,"STL":-0.6297843079,"BLK":-0.281598498,"TOV":1.0,"3P":-0.5623266829,"PTS":-0.8373146472,"Avg $":-0.6365864799},"3P":{"d_FG%":-0.2423115337,"d_FT%":0.4494044817,"FG%":0.0191785275,"FT%":0.3946914666,"TRB":0.2640930448,"AST":0.5481792238,"STL":0.5349079468,"BLK":0.1058708838,"TOV":-0.5623266829,"3P":1.0,"PTS":0.7312217727,"Avg $":0.3548312637},"PTS":{"d_FG%":0.2045627738,"d_FT%":0.4746056417,"FG%":0.2056361683,"FT%":0.446346272,"TRB":0.6786795583,"AST":0.7512275164,"STL":0.6555067964,"BLK":0.3703265765,"TOV":-0.8373146472,"3P":0.7312217727,"PTS":1.0,"Avg $":0.6640339997},"Avg $":{"d_FG%":0.2452001542,"d_FT%":0.333964084,"FG%":0.095235862,"FT%":0.1613943878,"TRB":0.5178910122,"AST":0.5905127243,"STL":0.3806344317,"BLK":0.3088085816,"TOV":-0.6365864799,"3P":0.3548312637,"PTS":0.6640339997,"Avg $":1.0}}