{"d_FG%":{"d_FG%":1.0,"d_FT%":-0.0957524564,"FG%":0.4272536983,"FT%":0.0407999235,"TRB":0.6177728562,"AST":0.1470566815,"STL":0.1442593087,"BLK":0.5189908896,"TOV":-0.2568127845,"3P":-0.1571201612,"PTS":0.3458292872,"Avg $":0.3569178921},"d_FT%":{"d_FG%":-0.0957524564,"d_FT%":1.0,"FG%":-0.0366922333,"FT%":0.3196937916,"TRB":0.0648810886,"AST":0.4680492908,"STL":0.2568128682,"BLK":-0.0540984316,"TOV":-0.4251099405,"3P":0.5130470411,"PTS":0.5258988327,"Avg $":0.4266823744},"FG%":{"d_FG%":0.4272536983,"d_FT%":-0.0366922333,"FG%":1.0,"FT%":0.2955253812,"TRB":0.4000263152,"AST":0.117352491,"STL":0.1636970554,"BLK":0.3566418919,"TOV":-0.1959649956,"3P":0.0461523234,"PTS":0.3012404244,"Avg $":0.1240080591},"FT%":{"d_FG%":0.0407999235,"d_FT%":0.3196937916,"FG%":0.2955253812,"FT%":1.0,"TRB":0.3006843344,"AST":0.351347631,"STL":0.3423336144,"BLK":0.1533278449,"TOV":-0.3486542656,"3P":0.4331956582,"PTS":0.4635789168,"Avg $":0.1639959534},"TRB":{"d_FG%":0.6177728562,"d_FT%":0.0648810886,"FG%":0.4000263152,"FT%":0.3006843344,"TRB":1.0,"AST":0.4628866899,"STL":0.4949536989,"BLK":0.675562216,"TOV":-0.6180724403,"3P":0.2701708084,"PTS":0.6820962663,"Avg $":0.525689988},"AST":{"d_FG%":0.1470566815,"d_FT%":0.4680492908,"FG%":0.117352491,"FT%":0.351347631,"TRB":0.4628866899,"AST":1.0,"STL":0.6663992534,"BLK":0.1733796376,"TOV":-0.8633563051,"3P":0.5665946158,"PTS":0.7583007481,"Avg $":0.5847545039},"STL":{"d_FG%":0.1442593087,"d_FT%":0.2568128682,"FG%":0.1636970554,"FT%":0.3423336144,"TRB":0.4949536989,"AST":0.6663992534,"STL":1.0,"BLK":0.3555466609,"TOV":-0.6459404696,"3P":0.5119899621,"PTS":0.6285919428,"Avg $":0.3782482297},"BLK":{"d_FG%":0.5189908896,"d_FT%":-0.0540984316,"FG%":0.3566418919,"FT%":0.1533278449,"TRB":0.675562216,"AST":0.1733796376,"STL":0.3555466609,"BLK":1.0,"TOV":-0.3189592004,"3P":0.0819455154,"PTS":0.3932775743,"Avg $":0.3268271419},"TOV":{"d_FG%":-0.2568127845,"d_FT%":-0.4251099405,"FG%":-0.1959649956,"FT%":-0.3486542656,"TRB":-0.6180724403,"AST":-0.8633563051,"STL":-0.6459404696,"BLK":-0.3189592004,"TOV":1.0,"3P":-0.5580717917,"PTS":-0.8365733743,"Avg $":-0.6439658188},"3P":{"d_FG%":-0.1571201612,"d_FT%":0.5130470411,"FG%":0.0461523234,"FT%":0.4331956582,"TRB":0.2701708084,"AST":0.5665946158,"STL":0.5119899621,"BLK":0.0819455154,"TOV":-0.5580717917,"3P":1.0,"PTS":0.7341130853,"Avg $":0.3592124837},"PTS":{"d_FG%":0.3458292872,"d_FT%":0.5258988327,"FG%":0.3012404244,"FT%":0.4635789168,"TRB":0.6820962663,"AST":0.7583007481,"STL":0.6285919428,"BLK":0.3932775743,"TOV":-0.8365733743,"3P":0.7341130853,"PTS":1.0,"Avg $":0.6710042245},"Avg $":{"d_FG%":0.3569178921,"d_FT%":0.4266823744,"FG%":0.1240080591,"FT%":0.1639959534,"TRB":0.525689988,"AST":0.5847545039,"STL":0.3782482297,"BLK":0.3268271419,"TOV":-0.6439658188,"3P":0.3592124837,"PTS":0.6710042245,"Avg $":1.0}}