{"d_FG%":{"d_FG%":1.0,"d_FT%":-0.1163013981,"FG%":0.4348158896,"FT%":0.0009455024,"TRB":0.4880885677,"AST":0.0069140528,"STL":0.057553846,"BLK":0.4186493786,"TOV":-0.0960118698,"3P":-0.2232076607,"PTS":0.2207782011,"Avg $":0.2718433606},"d_FT%":{"d_FG%":-0.1163013981,"d_FT%":1.0,"FG%":-0.0430839164,"FT%":0.3596650942,"TRB":-0.0011461723,"AST":0.3841310889,"STL":0.2194642024,"BLK":-0.1082791868,"TOV":-0.3404091623,"3P":0.4317197836,"PTS":0.4355376881,"Avg $":0.3122819844},"FG%":{"d_FG%":0.4348158896,"d_FT%":-0.0430839164,"FG%":1.0,"FT%":0.1732141153,"TRB":0.3110860427,"AST":0.0815866724,"STL":0.1311732948,"BLK":0.2737342862,"TOV":-0.1645171029,"3P":0.0266027399,"PTS":0.2224751821,"Avg $":0.1041339929},"FT%":{"d_FG%":0.0009455024,"d_FT%":0.3596650942,"FG%":0.1732141153,"FT%":1.0,"TRB":0.2950800122,"AST":0.3271202715,"STL":0.3896678484,"BLK":0.1555229375,"TOV":-0.3638278295,"3P":0.404464857,"PTS":0.4470963727,"Avg $":0.1640811801},"TRB":{"d_FG%":0.4880885677,"d_FT%":-0.0011461723,"FG%":0.3110860427,"FT%":0.2950800122,"TRB":1.0,"AST":0.4636110568,"STL":0.5031382316,"BLK":0.660750084,"TOV":-0.6165909573,"3P":0.2753657212,"PTS":0.6767534256,"Avg $":0.5141885207},"AST":{"d_FG%":0.0069140528,"d_FT%":0.3841310889,"FG%":0.0815866724,"FT%":0.3271202715,"TRB":0.4636110568,"AST":1.0,"STL":0.6457725586,"BLK":0.1614372866,"TOV":-0.8515300659,"3P":0.5492646803,"PTS":0.7499178961,"Avg $":0.5956477257},"STL":{"d_FG%":0.057553846,"d_FT%":0.2194642024,"FG%":0.1311732948,"FT%":0.3896678484,"TRB":0.5031382316,"AST":0.6457725586,"STL":1.0,"BLK":0.3633463381,"TOV":-0.6227713828,"3P":0.5285817808,"PTS":0.6483460729,"Avg $":0.3857975212},"BLK":{"d_FG%":0.4186493786,"d_FT%":-0.1082791868,"FG%":0.2737342862,"FT%":0.1555229375,"TRB":0.660750084,"AST":0.1614372866,"STL":0.3633463381,"BLK":1.0,"TOV":-0.2848823349,"3P":0.098537419,"PTS":0.3701926649,"Avg $":0.3235428501},"TOV":{"d_FG%":-0.0960118698,"d_FT%":-0.3404091623,"FG%":-0.1645171029,"FT%":-0.3638278295,"TRB":-0.6165909573,"AST":-0.8515300659,"STL":-0.6227713828,"BLK":-0.2848823349,"TOV":1.0,"3P":-0.5681580193,"PTS":-0.8367469971,"Avg $":-0.6404624244},"3P":{"d_FG%":-0.2232076607,"d_FT%":0.4317197836,"FG%":0.0266027399,"FT%":0.404464857,"TRB":0.2753657212,"AST":0.5492646803,"STL":0.5285817808,"BLK":0.098537419,"TOV":-0.5681580193,"3P":1.0,"PTS":0.7420832555,"Avg $":0.3685910903},"PTS":{"d_FG%":0.2207782011,"d_FT%":0.4355376881,"FG%":0.2224751821,"FT%":0.4470963727,"TRB":0.6767534256,"AST":0.7499178961,"STL":0.6483460729,"BLK":0.3701926649,"TOV":-0.8367469971,"3P":0.7420832555,"PTS":1.0,"Avg $":0.6627147836},"Avg $":{"d_FG%":0.2718433606,"d_FT%":0.3122819844,"FG%":0.1041339929,"FT%":0.1640811801,"TRB":0.5141885207,"AST":0.5956477257,"STL":0.3857975212,"BLK":0.3235428501,"TOV":-0.6404624244,"3P":0.3685910903,"PTS":0.6627147836,"Avg $":1.0}}