{"d_FG%":{"d_FG%":1.0,"d_FT%":-0.0783063249,"FG%":0.4414444184,"FT%":0.0291974596,"TRB":0.6290588464,"AST":0.1214898356,"STL":0.1312153883,"BLK":0.5483666808,"TOV":-0.2476234852,"3P":-0.1721045141,"PTS":0.3414598488,"Avg $":0.3758874148},"d_FT%":{"d_FG%":-0.0783063249,"d_FT%":1.0,"FG%":-0.0397660787,"FT%":0.3131474,"TRB":0.0660481213,"AST":0.465556095,"STL":0.2614904602,"BLK":-0.0576929627,"TOV":-0.4238481615,"3P":0.5103732787,"PTS":0.5261452285,"Avg $":0.4261239998},"FG%":{"d_FG%":0.4414444184,"d_FT%":-0.0397660787,"FG%":1.0,"FT%":0.2796647669,"TRB":0.4214204704,"AST":0.098534132,"STL":0.1394932698,"BLK":0.4120965199,"TOV":-0.1761525751,"3P":0.0223184933,"PTS":0.2924906855,"Avg $":0.1278611561},"FT%":{"d_FG%":0.0291974596,"d_FT%":0.3131474,"FG%":0.2796647669,"FT%":1.0,"TRB":0.2865107377,"AST":0.349731843,"STL":0.3305214673,"BLK":0.1814135402,"TOV":-0.3507512633,"3P":0.4320976406,"PTS":0.4544116962,"Avg $":0.1571523377},"TRB":{"d_FG%":0.6290588464,"d_FT%":0.0660481213,"FG%":0.4214204704,"FT%":0.2865107377,"TRB":1.0,"AST":0.4265072404,"STL":0.4590716173,"BLK":0.6973172569,"TOV":-0.6050775081,"3P":0.2370872157,"PTS":0.6683830695,"Avg $":0.5131560684},"AST":{"d_FG%":0.1214898356,"d_FT%":0.465556095,"FG%":0.098534132,"FT%":0.349731843,"TRB":0.4265072404,"AST":1.0,"STL":0.6840097218,"BLK":0.16609455,"TOV":-0.8653039437,"3P":0.5482316704,"PTS":0.7401288254,"Avg $":0.5603168347},"STL":{"d_FG%":0.1312153883,"d_FT%":0.2614904602,"FG%":0.1394932698,"FT%":0.3305214673,"TRB":0.4590716173,"AST":0.6840097218,"STL":1.0,"BLK":0.3348638871,"TOV":-0.6520130461,"3P":0.5009992404,"PTS":0.619792635,"Avg $":0.3697007933},"BLK":{"d_FG%":0.5483666808,"d_FT%":-0.0576929627,"FG%":0.4120965199,"FT%":0.1814135402,"TRB":0.6973172569,"AST":0.16609455,"STL":0.3348638871,"BLK":1.0,"TOV":-0.330395035,"3P":0.0478276396,"PTS":0.3936926433,"Avg $":0.3242880523},"TOV":{"d_FG%":-0.2476234852,"d_FT%":-0.4238481615,"FG%":-0.1761525751,"FT%":-0.3507512633,"TRB":-0.6050775081,"AST":-0.8653039437,"STL":-0.6520130461,"BLK":-0.330395035,"TOV":1.0,"3P":-0.5444574706,"PTS":-0.836832881,"Avg $":-0.6356949195},"3P":{"d_FG%":-0.1721045141,"d_FT%":0.5103732787,"FG%":0.0223184933,"FT%":0.4320976406,"TRB":0.2370872157,"AST":0.5482316704,"STL":0.5009992404,"BLK":0.0478276396,"TOV":-0.5444574706,"3P":1.0,"PTS":0.7237399859,"Avg $":0.3544032539},"PTS":{"d_FG%":0.3414598488,"d_FT%":0.5261452285,"FG%":0.2924906855,"FT%":0.4544116962,"TRB":0.6683830695,"AST":0.7401288254,"STL":0.619792635,"BLK":0.3936926433,"TOV":-0.836832881,"3P":0.7237399859,"PTS":1.0,"Avg $":0.6685047973},"Avg $":{"d_FG%":0.3758874148,"d_FT%":0.4261239998,"FG%":0.1278611561,"FT%":0.1571523377,"TRB":0.5131560684,"AST":0.5603168347,"STL":0.3697007933,"BLK":0.3242880523,"TOV":-0.6356949195,"3P":0.3544032539,"PTS":0.6685047973,"Avg $":1.0}}