{"d_FG%":{"d_FG%":1.0,"d_FT%":-0.0900144439,"FG%":0.4268157318,"FT%":0.0413668798,"TRB":0.6199635426,"AST":0.1480758634,"STL":0.1449816597,"BLK":0.5181781048,"TOV":-0.2577120197,"3P":-0.1577656405,"PTS":0.3471891086,"Avg $":0.3591710555},"d_FT%":{"d_FG%":-0.0900144439,"d_FT%":1.0,"FG%":-0.036185621,"FT%":0.3206984727,"TRB":0.0677226621,"AST":0.4726315585,"STL":0.2625060413,"BLK":-0.0544727854,"TOV":-0.4309494855,"3P":0.5154250294,"PTS":0.531828096,"Avg $":0.4320006996},"FG%":{"d_FG%":0.4268157318,"d_FT%":-0.036185621,"FG%":1.0,"FT%":0.2800823719,"TRB":0.3952753545,"AST":0.1121820432,"STL":0.1556639435,"BLK":0.3536168408,"TOV":-0.1894502365,"3P":0.0409902533,"PTS":0.296300829,"Avg $":0.1228396909},"FT%":{"d_FG%":0.0413668798,"d_FT%":0.3206984727,"FG%":0.2800823719,"FT%":1.0,"TRB":0.3012259448,"AST":0.3525903261,"STL":0.3449204172,"BLK":0.1536058307,"TOV":-0.3491264022,"3P":0.4323069554,"PTS":0.4635787341,"Avg $":0.1641416952},"TRB":{"d_FG%":0.6199635426,"d_FT%":0.0677226621,"FG%":0.3952753545,"FT%":0.3012259448,"TRB":1.0,"AST":0.4631130333,"STL":0.4928840755,"BLK":0.6757642372,"TOV":-0.6183451029,"3P":0.2684136125,"PTS":0.6808583334,"Avg $":0.5242356638},"AST":{"d_FG%":0.1480758634,"d_FT%":0.4726315585,"FG%":0.1121820432,"FT%":0.3525903261,"TRB":0.4631130333,"AST":1.0,"STL":0.6669378573,"BLK":0.1721109234,"TOV":-0.8649411465,"3P":0.5671970156,"PTS":0.758932906,"Avg $":0.5842992362},"STL":{"d_FG%":0.1449816597,"d_FT%":0.2625060413,"FG%":0.1556639435,"FT%":0.3449204172,"TRB":0.4928840755,"AST":0.6669378573,"STL":1.0,"BLK":0.3540263343,"TOV":-0.646734619,"3P":0.5120291564,"PTS":0.6290345063,"Avg $":0.3782729305},"BLK":{"d_FG%":0.5181781048,"d_FT%":-0.0544727854,"FG%":0.3536168408,"FT%":0.1536058307,"TRB":0.6757642372,"AST":0.1721109234,"STL":0.3540263343,"BLK":1.0,"TOV":-0.3165640048,"3P":0.0792898036,"PTS":0.3903866228,"Avg $":0.324974102},"TOV":{"d_FG%":-0.2577120197,"d_FT%":-0.4309494855,"FG%":-0.1894502365,"FT%":-0.3491264022,"TRB":-0.6183451029,"AST":-0.8649411465,"STL":-0.646734619,"BLK":-0.3165640048,"TOV":1.0,"3P":-0.5577612086,"PTS":-0.8360653735,"Avg $":-0.6425511997},"3P":{"d_FG%":-0.1577656405,"d_FT%":0.5154250294,"FG%":0.0409902533,"FT%":0.4323069554,"TRB":0.2684136125,"AST":0.5671970156,"STL":0.5120291564,"BLK":0.0792898036,"TOV":-0.5577612086,"3P":1.0,"PTS":0.7336924654,"Avg $":0.3582055498},"PTS":{"d_FG%":0.3471891086,"d_FT%":0.531828096,"FG%":0.296300829,"FT%":0.4635787341,"TRB":0.6808583334,"AST":0.758932906,"STL":0.6290345063,"BLK":0.3903866228,"TOV":-0.8360653735,"3P":0.7336924654,"PTS":1.0,"Avg $":0.6702362828},"Avg $":{"d_FG%":0.3591710555,"d_FT%":0.4320006996,"FG%":0.1228396909,"FT%":0.1641416952,"TRB":0.5242356638,"AST":0.5842992362,"STL":0.3782729305,"BLK":0.324974102,"TOV":-0.6425511997,"3P":0.3582055498,"PTS":0.6702362828,"Avg $":1.0}}