{"d_FG%":{"d_FG%":1.0,"d_FT%":-0.0956980181,"FG%":0.4204652325,"FT%":0.0364936101,"TRB":0.618330272,"AST":0.1351170681,"STL":0.1389538222,"BLK":0.5238280747,"TOV":-0.2458509714,"3P":-0.168541095,"PTS":0.3320572802,"Avg $":0.3551261213},"d_FT%":{"d_FG%":-0.0956980181,"d_FT%":1.0,"FG%":-0.0356174455,"FT%":0.3240623994,"TRB":0.0823708166,"AST":0.4823671185,"STL":0.2718208662,"BLK":-0.0442678904,"TOV":-0.4379531824,"3P":0.5261848253,"PTS":0.5437029229,"Avg $":0.4381775899},"FG%":{"d_FG%":0.4204652325,"d_FT%":-0.0356174455,"FG%":1.0,"FT%":0.2759504648,"TRB":0.3884850379,"AST":0.106213196,"STL":0.1506941342,"BLK":0.3652918827,"TOV":-0.1899996692,"3P":0.0338922724,"PTS":0.2864727274,"Avg $":0.1207917519},"FT%":{"d_FG%":0.0364936101,"d_FT%":0.3240623994,"FG%":0.2759504648,"FT%":1.0,"TRB":0.308256545,"AST":0.3642062577,"STL":0.366812328,"BLK":0.1581119535,"TOV":-0.364665057,"3P":0.4425729123,"PTS":0.4733877164,"Avg $":0.1668051516},"TRB":{"d_FG%":0.618330272,"d_FT%":0.0823708166,"FG%":0.3884850379,"FT%":0.308256545,"TRB":1.0,"AST":0.4604875396,"STL":0.4995447072,"BLK":0.6868583197,"TOV":-0.6192131137,"3P":0.2626928298,"PTS":0.6762164539,"Avg $":0.5244460345},"AST":{"d_FG%":0.1351170681,"d_FT%":0.4823671185,"FG%":0.106213196,"FT%":0.3642062577,"TRB":0.4604875396,"AST":1.0,"STL":0.6777673119,"BLK":0.174653517,"TOV":-0.8686754854,"3P":0.5684562445,"PTS":0.7606131625,"Avg $":0.581341692},"STL":{"d_FG%":0.1389538222,"d_FT%":0.2718208662,"FG%":0.1506941342,"FT%":0.366812328,"TRB":0.4995447072,"AST":0.6777673119,"STL":1.0,"BLK":0.3558905235,"TOV":-0.6516192503,"3P":0.5190717413,"PTS":0.6373155134,"Avg $":0.3842638061},"BLK":{"d_FG%":0.5238280747,"d_FT%":-0.0442678904,"FG%":0.3652918827,"FT%":0.1581119535,"TRB":0.6868583197,"AST":0.174653517,"STL":0.3558905235,"BLK":1.0,"TOV":-0.3168890159,"3P":0.0754596381,"PTS":0.3922578475,"Avg $":0.3280563099},"TOV":{"d_FG%":-0.2458509714,"d_FT%":-0.4379531824,"FG%":-0.1899996692,"FT%":-0.364665057,"TRB":-0.6192131137,"AST":-0.8686754854,"STL":-0.6516192503,"BLK":-0.3168890159,"TOV":1.0,"3P":-0.5553049442,"PTS":-0.8402147857,"Avg $":-0.6403284126},"3P":{"d_FG%":-0.168541095,"d_FT%":0.5261848253,"FG%":0.0338922724,"FT%":0.4425729123,"TRB":0.2626928298,"AST":0.5684562445,"STL":0.5190717413,"BLK":0.0754596381,"TOV":-0.5553049442,"3P":1.0,"PTS":0.7324822386,"Avg $":0.3570626405},"PTS":{"d_FG%":0.3320572802,"d_FT%":0.5437029229,"FG%":0.2864727274,"FT%":0.4733877164,"TRB":0.6762164539,"AST":0.7606131625,"STL":0.6373155134,"BLK":0.3922578475,"TOV":-0.8402147857,"3P":0.7324822386,"PTS":1.0,"Avg $":0.6710765478},"Avg $":{"d_FG%":0.3551261213,"d_FT%":0.4381775899,"FG%":0.1207917519,"FT%":0.1668051516,"TRB":0.5244460345,"AST":0.581341692,"STL":0.3842638061,"BLK":0.3280563099,"TOV":-0.6403284126,"3P":0.3570626405,"PTS":0.6710765478,"Avg $":1.0}}