{"d_FG%":{"d_FG%":1.0,"d_FT%":-0.0608806781,"FG%":0.4217862323,"FT%":0.0302121537,"TRB":0.4681987177,"AST":0.0255651232,"STL":0.0637098449,"BLK":0.378898091,"TOV":-0.1061654248,"3P":-0.1961312807,"PTS":0.2299868524,"Avg $":0.2143393742},"d_FT%":{"d_FG%":-0.0608806781,"d_FT%":1.0,"FG%":-0.0273953733,"FT%":0.364388713,"TRB":0.0077308689,"AST":0.3262067009,"STL":0.1886355511,"BLK":-0.1042850866,"TOV":-0.2851584055,"3P":0.3955346756,"PTS":0.4041523167,"Avg $":0.2536802421},"FG%":{"d_FG%":0.4217862323,"d_FT%":-0.0273953733,"FG%":1.0,"FT%":0.2034676725,"TRB":0.3249502403,"AST":0.1000855149,"STL":0.1713464668,"BLK":0.2651707684,"TOV":-0.1700804977,"3P":0.0617133066,"PTS":0.2564190044,"Avg $":0.1002982527},"FT%":{"d_FG%":0.0302121537,"d_FT%":0.364388713,"FG%":0.2034676725,"FT%":1.0,"TRB":0.3405056423,"AST":0.3460271776,"STL":0.4186452434,"BLK":0.1903904234,"TOV":-0.3988748015,"3P":0.4264755638,"PTS":0.4906300872,"Avg $":0.1843971874},"TRB":{"d_FG%":0.4681987177,"d_FT%":0.0077308689,"FG%":0.3249502403,"FT%":0.3405056423,"TRB":1.0,"AST":0.4706833071,"STL":0.5082001782,"BLK":0.6389467684,"TOV":-0.6190274211,"3P":0.2896807699,"PTS":0.6865702878,"Avg $":0.5324632149},"AST":{"d_FG%":0.0255651232,"d_FT%":0.3262067009,"FG%":0.1000855149,"FT%":0.3460271776,"TRB":0.4706833071,"AST":1.0,"STL":0.6363725384,"BLK":0.179260169,"TOV":-0.8212687074,"3P":0.5498809511,"PTS":0.7375028209,"Avg $":0.587889881},"STL":{"d_FG%":0.0637098449,"d_FT%":0.1886355511,"FG%":0.1713464668,"FT%":0.4186452434,"TRB":0.5082001782,"AST":0.6363725384,"STL":1.0,"BLK":0.3717663825,"TOV":-0.6248924863,"3P":0.4888809748,"PTS":0.6261499351,"Avg $":0.3956944372},"BLK":{"d_FG%":0.378898091,"d_FT%":-0.1042850866,"FG%":0.2651707684,"FT%":0.1903904234,"TRB":0.6389467684,"AST":0.179260169,"STL":0.3717663825,"BLK":1.0,"TOV":-0.2979938323,"3P":0.1248709461,"PTS":0.3747434402,"Avg $":0.297764204},"TOV":{"d_FG%":-0.1061654248,"d_FT%":-0.2851584055,"FG%":-0.1700804977,"FT%":-0.3988748015,"TRB":-0.6190274211,"AST":-0.8212687074,"STL":-0.6248924863,"BLK":-0.2979938323,"TOV":1.0,"3P":-0.5578013847,"PTS":-0.8232418028,"Avg $":-0.6294743912},"3P":{"d_FG%":-0.1961312807,"d_FT%":0.3955346756,"FG%":0.0617133066,"FT%":0.4264755638,"TRB":0.2896807699,"AST":0.5498809511,"STL":0.4888809748,"BLK":0.1248709461,"TOV":-0.5578013847,"3P":1.0,"PTS":0.7394917247,"Avg $":0.3721186388},"PTS":{"d_FG%":0.2299868524,"d_FT%":0.4041523167,"FG%":0.2564190044,"FT%":0.4906300872,"TRB":0.6865702878,"AST":0.7375028209,"STL":0.6261499351,"BLK":0.3747434402,"TOV":-0.8232418028,"3P":0.7394917247,"PTS":1.0,"Avg $":0.6434051617},"Avg $":{"d_FG%":0.2143393742,"d_FT%":0.2536802421,"FG%":0.1002982527,"FT%":0.1843971874,"TRB":0.5324632149,"AST":0.587889881,"STL":0.3956944372,"BLK":0.297764204,"TOV":-0.6294743912,"3P":0.3721186388,"PTS":0.6434051617,"Avg $":1.0}}