{"d_FG%":{"d_FG%":1.0,"d_FT%":-0.1269989799,"FG%":0.4332729187,"FT%":0.0048244018,"TRB":0.535402093,"AST":0.0647098112,"STL":0.071498137,"BLK":0.4475134996,"TOV":-0.1654952519,"3P":-0.2112343047,"PTS":0.2590117675,"Avg $":0.2930239302},"d_FT%":{"d_FG%":-0.1269989799,"d_FT%":1.0,"FG%":-0.0450678918,"FT%":0.3555367529,"TRB":0.0438678255,"AST":0.4272510479,"STL":0.2408354679,"BLK":-0.0776497095,"TOV":-0.4046068713,"3P":0.4808588727,"PTS":0.499504432,"Avg $":0.3639161508},"FG%":{"d_FG%":0.4332729187,"d_FT%":-0.0450678918,"FG%":1.0,"FT%":0.174502927,"TRB":0.3337401275,"AST":0.0864844841,"STL":0.137434494,"BLK":0.2613400018,"TOV":-0.1717554564,"3P":0.0137418749,"PTS":0.2384798529,"Avg $":0.1096705694},"FT%":{"d_FG%":0.0048244018,"d_FT%":0.3555367529,"FG%":0.174502927,"FT%":1.0,"TRB":0.2617810566,"AST":0.3179227041,"STL":0.3634673836,"BLK":0.0710826396,"TOV":-0.3428818649,"3P":0.3808073506,"PTS":0.4281426808,"Avg $":0.1560280766},"TRB":{"d_FG%":0.535402093,"d_FT%":0.0438678255,"FG%":0.3337401275,"FT%":0.2617810566,"TRB":1.0,"AST":0.4645406476,"STL":0.4951251854,"BLK":0.6566544584,"TOV":-0.5990519734,"3P":0.2486843724,"PTS":0.6620038293,"Avg $":0.5158753441},"AST":{"d_FG%":0.0647098112,"d_FT%":0.4272510479,"FG%":0.0864844841,"FT%":0.3179227041,"TRB":0.4645406476,"AST":1.0,"STL":0.6600219374,"BLK":0.1472598455,"TOV":-0.8563758916,"3P":0.5442378166,"PTS":0.747800821,"Avg $":0.5887600962},"STL":{"d_FG%":0.071498137,"d_FT%":0.2408354679,"FG%":0.137434494,"FT%":0.3634673836,"TRB":0.4951251854,"AST":0.6600219374,"STL":1.0,"BLK":0.3245526193,"TOV":-0.6317496878,"3P":0.5173842348,"PTS":0.6382078139,"Avg $":0.3743179725},"BLK":{"d_FG%":0.4475134996,"d_FT%":-0.0776497095,"FG%":0.2613400018,"FT%":0.0710826396,"TRB":0.6566544584,"AST":0.1472598455,"STL":0.3245526193,"BLK":1.0,"TOV":-0.27276266,"3P":0.0813341096,"PTS":0.3541050192,"Avg $":0.2945269999},"TOV":{"d_FG%":-0.1654952519,"d_FT%":-0.4046068713,"FG%":-0.1717554564,"FT%":-0.3428818649,"TRB":-0.5990519734,"AST":-0.8563758916,"STL":-0.6317496878,"BLK":-0.27276266,"TOV":1.0,"3P":-0.5695501307,"PTS":-0.8433963205,"Avg $":-0.6485569839},"3P":{"d_FG%":-0.2112343047,"d_FT%":0.4808588727,"FG%":0.0137418749,"FT%":0.3808073506,"TRB":0.2486843724,"AST":0.5442378166,"STL":0.5173842348,"BLK":0.0813341096,"TOV":-0.5695501307,"3P":1.0,"PTS":0.7294941979,"Avg $":0.3542250343},"PTS":{"d_FG%":0.2590117675,"d_FT%":0.499504432,"FG%":0.2384798529,"FT%":0.4281426808,"TRB":0.6620038293,"AST":0.747800821,"STL":0.6382078139,"BLK":0.3541050192,"TOV":-0.8433963205,"3P":0.7294941979,"PTS":1.0,"Avg $":0.6651550246},"Avg $":{"d_FG%":0.2930239302,"d_FT%":0.3639161508,"FG%":0.1096705694,"FT%":0.1560280766,"TRB":0.5158753441,"AST":0.5887600962,"STL":0.3743179725,"BLK":0.2945269999,"TOV":-0.6485569839,"3P":0.3542250343,"PTS":0.6651550246,"Avg $":1.0}}