{"d_FG%":{"d_FG%":1.0,"d_FT%":-0.122839205,"FG%":0.4082989086,"FT%":0.0402315248,"TRB":0.5695002469,"AST":0.1160255449,"STL":0.1214275372,"BLK":0.4852658654,"TOV":-0.2246970261,"3P":-0.1421435126,"PTS":0.3170402736,"Avg $":0.3213771432},"d_FT%":{"d_FG%":-0.122839205,"d_FT%":1.0,"FG%":-0.030538778,"FT%":0.3266523797,"TRB":0.0500295441,"AST":0.4365001771,"STL":0.2344248059,"BLK":-0.0409939055,"TOV":-0.4114255342,"3P":0.5070439225,"PTS":0.5170735818,"Avg $":0.4160588718},"FG%":{"d_FG%":0.4082989086,"d_FT%":-0.030538778,"FG%":1.0,"FT%":0.2268342088,"TRB":0.353122154,"AST":0.0969609516,"STL":0.1571694378,"BLK":0.336656984,"TOV":-0.1726656102,"3P":0.0580495182,"PTS":0.2835523239,"Avg $":0.1135431584},"FT%":{"d_FG%":0.0402315248,"d_FT%":0.3266523797,"FG%":0.2268342088,"FT%":1.0,"TRB":0.2967591196,"AST":0.3324777613,"STL":0.3546903381,"BLK":0.1382951004,"TOV":-0.3340487805,"3P":0.4020322147,"PTS":0.44869472,"Avg $":0.1599063784},"TRB":{"d_FG%":0.5695002469,"d_FT%":0.0500295441,"FG%":0.353122154,"FT%":0.2967591196,"TRB":1.0,"AST":0.4589182771,"STL":0.4672423697,"BLK":0.6513934127,"TOV":-0.6032680262,"3P":0.2745692286,"PTS":0.6709935552,"Avg $":0.515722693},"AST":{"d_FG%":0.1160255449,"d_FT%":0.4365001771,"FG%":0.0969609516,"FT%":0.3324777613,"TRB":0.4589182771,"AST":1.0,"STL":0.6410994673,"BLK":0.181055897,"TOV":-0.8482317316,"3P":0.543418769,"PTS":0.7431908052,"Avg $":0.5753068777},"STL":{"d_FG%":0.1214275372,"d_FT%":0.2344248059,"FG%":0.1571694378,"FT%":0.3546903381,"TRB":0.4672423697,"AST":0.6410994673,"STL":1.0,"BLK":0.3704216397,"TOV":-0.6157367165,"3P":0.472880815,"PTS":0.6213347966,"Avg $":0.3706472503},"BLK":{"d_FG%":0.4852658654,"d_FT%":-0.0409939055,"FG%":0.336656984,"FT%":0.1382951004,"TRB":0.6513934127,"AST":0.181055897,"STL":0.3704216397,"BLK":1.0,"TOV":-0.3032877034,"3P":0.0907701253,"PTS":0.3883767733,"Avg $":0.3148650256},"TOV":{"d_FG%":-0.2246970261,"d_FT%":-0.4114255342,"FG%":-0.1726656102,"FT%":-0.3340487805,"TRB":-0.6032680262,"AST":-0.8482317316,"STL":-0.6157367165,"BLK":-0.3032877034,"TOV":1.0,"3P":-0.5614746855,"PTS":-0.8290922548,"Avg $":-0.6402139875},"3P":{"d_FG%":-0.1421435126,"d_FT%":0.5070439225,"FG%":0.0580495182,"FT%":0.4020322147,"TRB":0.2745692286,"AST":0.543418769,"STL":0.472880815,"BLK":0.0907701253,"TOV":-0.5614746855,"3P":1.0,"PTS":0.7323662252,"Avg $":0.3519503987},"PTS":{"d_FG%":0.3170402736,"d_FT%":0.5170735818,"FG%":0.2835523239,"FT%":0.44869472,"TRB":0.6709935552,"AST":0.7431908052,"STL":0.6213347966,"BLK":0.3883767733,"TOV":-0.8290922548,"3P":0.7323662252,"PTS":1.0,"Avg $":0.6680248708},"Avg $":{"d_FG%":0.3213771432,"d_FT%":0.4160588718,"FG%":0.1135431584,"FT%":0.1599063784,"TRB":0.515722693,"AST":0.5753068777,"STL":0.3706472503,"BLK":0.3148650256,"TOV":-0.6402139875,"3P":0.3519503987,"PTS":0.6680248708,"Avg $":1.0}}