{"d_FG%":{"d_FG%":1.0,"d_FT%":-0.0489067058,"FG%":0.4180817815,"FT%":0.0214074856,"TRB":0.4795308605,"AST":0.0150782331,"STL":0.0622639457,"BLK":0.396419672,"TOV":-0.0939141443,"3P":-0.1978940775,"PTS":0.2321972762,"Avg $":0.253949623},"d_FT%":{"d_FG%":-0.0489067058,"d_FT%":1.0,"FG%":-0.0159020477,"FT%":0.3626484673,"TRB":0.0382178756,"AST":0.3834335752,"STL":0.2116852987,"BLK":-0.0774567352,"TOV":-0.3546215446,"3P":0.4190491728,"PTS":0.4581727096,"Avg $":0.336048168},"FG%":{"d_FG%":0.4180817815,"d_FT%":-0.0159020477,"FG%":1.0,"FT%":0.232007466,"TRB":0.3196037276,"AST":0.0943697088,"STL":0.1587517607,"BLK":0.2684449099,"TOV":-0.1666852589,"3P":0.0536538517,"PTS":0.2390078259,"Avg $":0.100738927},"FT%":{"d_FG%":0.0214074856,"d_FT%":0.3626484673,"FG%":0.232007466,"FT%":1.0,"TRB":0.3239638586,"AST":0.3365727663,"STL":0.3951081381,"BLK":0.1899475405,"TOV":-0.3698682717,"3P":0.3927104783,"PTS":0.4602361741,"Avg $":0.1737732155},"TRB":{"d_FG%":0.4795308605,"d_FT%":0.0382178756,"FG%":0.3196037276,"FT%":0.3239638586,"TRB":1.0,"AST":0.4665423521,"STL":0.5039439237,"BLK":0.6544402764,"TOV":-0.6122214757,"3P":0.2954563729,"PTS":0.6818663047,"Avg $":0.5241439954},"AST":{"d_FG%":0.0150782331,"d_FT%":0.3834335752,"FG%":0.0943697088,"FT%":0.3365727663,"TRB":0.4665423521,"AST":1.0,"STL":0.6629840508,"BLK":0.1730247177,"TOV":-0.8402980995,"3P":0.5552168697,"PTS":0.7489275329,"Avg $":0.5885130094},"STL":{"d_FG%":0.0622639457,"d_FT%":0.2116852987,"FG%":0.1587517607,"FT%":0.3951081381,"TRB":0.5039439237,"AST":0.6629840508,"STL":1.0,"BLK":0.3782780342,"TOV":-0.6433117475,"3P":0.5031425296,"PTS":0.6446399737,"Avg $":0.3949362191},"BLK":{"d_FG%":0.396419672,"d_FT%":-0.0774567352,"FG%":0.2684449099,"FT%":0.1899475405,"TRB":0.6544402764,"AST":0.1730247177,"STL":0.3782780342,"BLK":1.0,"TOV":-0.2973641429,"3P":0.1117858466,"PTS":0.3718559218,"Avg $":0.3160968779},"TOV":{"d_FG%":-0.0939141443,"d_FT%":-0.3546215446,"FG%":-0.1666852589,"FT%":-0.3698682717,"TRB":-0.6122214757,"AST":-0.8402980995,"STL":-0.6433117475,"BLK":-0.2973641429,"TOV":1.0,"3P":-0.5836405984,"PTS":-0.8344583399,"Avg $":-0.6380461713},"3P":{"d_FG%":-0.1978940775,"d_FT%":0.4190491728,"FG%":0.0536538517,"FT%":0.3927104783,"TRB":0.2954563729,"AST":0.5552168697,"STL":0.5031425296,"BLK":0.1117858466,"TOV":-0.5836405984,"3P":1.0,"PTS":0.7470420476,"Avg $":0.379068857},"PTS":{"d_FG%":0.2321972762,"d_FT%":0.4581727096,"FG%":0.2390078259,"FT%":0.4602361741,"TRB":0.6818663047,"AST":0.7489275329,"STL":0.6446399737,"BLK":0.3718559218,"TOV":-0.8344583399,"3P":0.7470420476,"PTS":1.0,"Avg $":0.6572196578},"Avg $":{"d_FG%":0.253949623,"d_FT%":0.336048168,"FG%":0.100738927,"FT%":0.1737732155,"TRB":0.5241439954,"AST":0.5885130094,"STL":0.3949362191,"BLK":0.3160968779,"TOV":-0.6380461713,"3P":0.379068857,"PTS":0.6572196578,"Avg $":1.0}}