{"d_FG%":{"d_FG%":1.0,"d_FT%":-0.1182330625,"FG%":0.4025730511,"FT%":0.0468085767,"TRB":0.5711208345,"AST":0.1219968204,"STL":0.1205961374,"BLK":0.4888131807,"TOV":-0.2282514538,"3P":-0.1419925715,"PTS":0.3226432781,"Avg $":0.3356040791},"d_FT%":{"d_FG%":-0.1182330625,"d_FT%":1.0,"FG%":-0.0320934723,"FT%":0.3301683228,"TRB":0.0498166197,"AST":0.4295185933,"STL":0.2406107434,"BLK":-0.0515766607,"TOV":-0.3981484445,"3P":0.5016971354,"PTS":0.5125183178,"Avg $":0.3991350859},"FG%":{"d_FG%":0.4025730511,"d_FT%":-0.0320934723,"FG%":1.0,"FT%":0.2267046611,"TRB":0.3596273923,"AST":0.1041501729,"STL":0.167382435,"BLK":0.3242134666,"TOV":-0.1686465086,"3P":0.0608476796,"PTS":0.2819733833,"Avg $":0.1120650751},"FT%":{"d_FG%":0.0468085767,"d_FT%":0.3301683228,"FG%":0.2267046611,"FT%":1.0,"TRB":0.309589927,"AST":0.3293921814,"STL":0.3310237074,"BLK":0.1470222442,"TOV":-0.3165022736,"3P":0.4081230697,"PTS":0.4555926269,"Avg $":0.1607624963},"TRB":{"d_FG%":0.5711208345,"d_FT%":0.0498166197,"FG%":0.3596273923,"FT%":0.309589927,"TRB":1.0,"AST":0.4623392159,"STL":0.4613833943,"BLK":0.6594399845,"TOV":-0.5923371949,"3P":0.2752512809,"PTS":0.6754576937,"Avg $":0.5175867459},"AST":{"d_FG%":0.1219968204,"d_FT%":0.4295185933,"FG%":0.1041501729,"FT%":0.3293921814,"TRB":0.4623392159,"AST":1.0,"STL":0.6291106447,"BLK":0.1843933888,"TOV":-0.8435109913,"3P":0.5462952483,"PTS":0.7442562107,"Avg $":0.5735328208},"STL":{"d_FG%":0.1205961374,"d_FT%":0.2406107434,"FG%":0.167382435,"FT%":0.3310237074,"TRB":0.4613833943,"AST":0.6291106447,"STL":1.0,"BLK":0.346259059,"TOV":-0.6029330896,"3P":0.4824142864,"PTS":0.6129834549,"Avg $":0.3549006586},"BLK":{"d_FG%":0.4888131807,"d_FT%":-0.0515766607,"FG%":0.3242134666,"FT%":0.1470222442,"TRB":0.6594399845,"AST":0.1843933888,"STL":0.346259059,"BLK":1.0,"TOV":-0.294733561,"3P":0.0829150484,"PTS":0.3781837399,"Avg $":0.3073743541},"TOV":{"d_FG%":-0.2282514538,"d_FT%":-0.3981484445,"FG%":-0.1686465086,"FT%":-0.3165022736,"TRB":-0.5923371949,"AST":-0.8435109913,"STL":-0.6029330896,"BLK":-0.294733561,"TOV":1.0,"3P":-0.5546707253,"PTS":-0.8186709783,"Avg $":-0.6332154207},"3P":{"d_FG%":-0.1419925715,"d_FT%":0.5016971354,"FG%":0.0608476796,"FT%":0.4081230697,"TRB":0.2752512809,"AST":0.5462952483,"STL":0.4824142864,"BLK":0.0829150484,"TOV":-0.5546707253,"3P":1.0,"PTS":0.7368461405,"Avg $":0.361905842},"PTS":{"d_FG%":0.3226432781,"d_FT%":0.5125183178,"FG%":0.2819733833,"FT%":0.4555926269,"TRB":0.6754576937,"AST":0.7442562107,"STL":0.6129834549,"BLK":0.3781837399,"TOV":-0.8186709783,"3P":0.7368461405,"PTS":1.0,"Avg $":0.6645346808},"Avg $":{"d_FG%":0.3356040791,"d_FT%":0.3991350859,"FG%":0.1120650751,"FT%":0.1607624963,"TRB":0.5175867459,"AST":0.5735328208,"STL":0.3549006586,"BLK":0.3073743541,"TOV":-0.6332154207,"3P":0.361905842,"PTS":0.6645346808,"Avg $":1.0}}