{"d_FG%":{"d_FG%":1.0,"d_FT%":-0.0894199967,"FG%":0.4271188316,"FT%":0.0430429521,"TRB":0.6298769907,"AST":0.1434167747,"STL":0.1467187277,"BLK":0.527897207,"TOV":-0.2579664075,"3P":-0.1590659718,"PTS":0.3452246649,"Avg $":0.3665718784},"d_FT%":{"d_FG%":-0.0894199967,"d_FT%":1.0,"FG%":-0.032733822,"FT%":0.3265192557,"TRB":0.080794335,"AST":0.4786694458,"STL":0.2707672647,"BLK":-0.043196723,"TOV":-0.4359487491,"3P":0.5250894596,"PTS":0.541038307,"Avg $":0.4289456254},"FG%":{"d_FG%":0.4271188316,"d_FT%":-0.032733822,"FG%":1.0,"FT%":0.2935528995,"TRB":0.4009743021,"AST":0.1124295518,"STL":0.1583847369,"BLK":0.3748934913,"TOV":-0.195953612,"3P":0.0372520594,"PTS":0.2954337181,"Avg $":0.1260227269},"FT%":{"d_FG%":0.0430429521,"d_FT%":0.3265192557,"FG%":0.2935528995,"FT%":1.0,"TRB":0.309587875,"AST":0.3618216387,"STL":0.3665990385,"BLK":0.162759304,"TOV":-0.3673687343,"3P":0.4418950252,"PTS":0.4734078482,"Avg $":0.1660400085},"TRB":{"d_FG%":0.6298769907,"d_FT%":0.080794335,"FG%":0.4009743021,"FT%":0.309587875,"TRB":1.0,"AST":0.4573880247,"STL":0.4975839426,"BLK":0.6874520866,"TOV":-0.6194978087,"3P":0.2628312657,"PTS":0.6770738921,"Avg $":0.5247437759},"AST":{"d_FG%":0.1434167747,"d_FT%":0.4786694458,"FG%":0.1124295518,"FT%":0.3618216387,"TRB":0.4573880247,"AST":1.0,"STL":0.6738443982,"BLK":0.1725932657,"TOV":-0.8662616991,"3P":0.5677465469,"PTS":0.7587139308,"Avg $":0.5808339243},"STL":{"d_FG%":0.1467187277,"d_FT%":0.2707672647,"FG%":0.1583847369,"FT%":0.3665990385,"TRB":0.4975839426,"AST":0.6738443982,"STL":1.0,"BLK":0.35797897,"TOV":-0.6519833979,"3P":0.5191418008,"PTS":0.6374547641,"Avg $":0.3810455717},"BLK":{"d_FG%":0.527897207,"d_FT%":-0.043196723,"FG%":0.3748934913,"FT%":0.162759304,"TRB":0.6874520866,"AST":0.1725932657,"STL":0.35797897,"BLK":1.0,"TOV":-0.3192705269,"3P":0.0789885902,"PTS":0.393846053,"Avg $":0.3302061262},"TOV":{"d_FG%":-0.2579664075,"d_FT%":-0.4359487491,"FG%":-0.195953612,"FT%":-0.3673687343,"TRB":-0.6194978087,"AST":-0.8662616991,"STL":-0.6519833979,"BLK":-0.3192705269,"TOV":1.0,"3P":-0.556971503,"PTS":-0.8425407642,"Avg $":-0.6390981391},"3P":{"d_FG%":-0.1590659718,"d_FT%":0.5250894596,"FG%":0.0372520594,"FT%":0.4418950252,"TRB":0.2628312657,"AST":0.5677465469,"STL":0.5191418008,"BLK":0.0789885902,"TOV":-0.556971503,"3P":1.0,"PTS":0.7328832757,"Avg $":0.3565449547},"PTS":{"d_FG%":0.3452246649,"d_FT%":0.541038307,"FG%":0.2954337181,"FT%":0.4734078482,"TRB":0.6770738921,"AST":0.7587139308,"STL":0.6374547641,"BLK":0.393846053,"TOV":-0.8425407642,"3P":0.7328832757,"PTS":1.0,"Avg $":0.6698739354},"Avg $":{"d_FG%":0.3665718784,"d_FT%":0.4289456254,"FG%":0.1260227269,"FT%":0.1660400085,"TRB":0.5247437759,"AST":0.5808339243,"STL":0.3810455717,"BLK":0.3302061262,"TOV":-0.6390981391,"3P":0.3565449547,"PTS":0.6698739354,"Avg $":1.0}}