{"d_FG%":{"d_FG%":1.0,"d_FT%":-0.0970467617,"FG%":0.4208465467,"FT%":0.0440281879,"TRB":0.6074449994,"AST":0.1394499191,"STL":0.1487538283,"BLK":0.5168325152,"TOV":-0.2429246816,"3P":-0.1486368786,"PTS":0.3414991333,"Avg $":0.3469914061},"d_FT%":{"d_FG%":-0.0970467617,"d_FT%":1.0,"FG%":-0.0338189339,"FT%":0.3231445832,"TRB":0.0679552523,"AST":0.4806328641,"STL":0.255671529,"BLK":-0.0485141539,"TOV":-0.4330844463,"3P":0.5140923264,"PTS":0.5313058489,"Avg $":0.4392813677},"FG%":{"d_FG%":0.4208465467,"d_FT%":-0.0338189339,"FG%":1.0,"FT%":0.2532149827,"TRB":0.3875075985,"AST":0.1125371381,"STL":0.1694628827,"BLK":0.3477734556,"TOV":-0.1841731162,"3P":0.0502549734,"PTS":0.2955178054,"Avg $":0.1182032084},"FT%":{"d_FG%":0.0440281879,"d_FT%":0.3231445832,"FG%":0.2532149827,"FT%":1.0,"TRB":0.2998478589,"AST":0.3471384093,"STL":0.3276259722,"BLK":0.1511879666,"TOV":-0.3456280685,"3P":0.4295477367,"PTS":0.4603630271,"Avg $":0.1657634427},"TRB":{"d_FG%":0.6074449994,"d_FT%":0.0679552523,"FG%":0.3875075985,"FT%":0.2998478589,"TRB":1.0,"AST":0.4610634377,"STL":0.5001362683,"BLK":0.672504899,"TOV":-0.6169771107,"3P":0.2704806982,"PTS":0.6808696549,"Avg $":0.522912244},"AST":{"d_FG%":0.1394499191,"d_FT%":0.4806328641,"FG%":0.1125371381,"FT%":0.3471384093,"TRB":0.4610634377,"AST":1.0,"STL":0.6677583959,"BLK":0.1747770849,"TOV":-0.8608697655,"3P":0.5605186104,"PTS":0.7557974483,"Avg $":0.5841644286},"STL":{"d_FG%":0.1487538283,"d_FT%":0.255671529,"FG%":0.1694628827,"FT%":0.3276259722,"TRB":0.5001362683,"AST":0.6677583959,"STL":1.0,"BLK":0.3497208315,"TOV":-0.6489984991,"3P":0.5102807684,"PTS":0.6310787336,"Avg $":0.3861677018},"BLK":{"d_FG%":0.5168325152,"d_FT%":-0.0485141539,"FG%":0.3477734556,"FT%":0.1511879666,"TRB":0.672504899,"AST":0.1747770849,"STL":0.3497208315,"BLK":1.0,"TOV":-0.3181280402,"3P":0.0846973688,"PTS":0.3946157189,"Avg $":0.3238382083},"TOV":{"d_FG%":-0.2429246816,"d_FT%":-0.4330844463,"FG%":-0.1841731162,"FT%":-0.3456280685,"TRB":-0.6169771107,"AST":-0.8608697655,"STL":-0.6489984991,"BLK":-0.3181280402,"TOV":1.0,"3P":-0.5555485778,"PTS":-0.8337592284,"Avg $":-0.6437983122},"3P":{"d_FG%":-0.1486368786,"d_FT%":0.5140923264,"FG%":0.0502549734,"FT%":0.4295477367,"TRB":0.2704806982,"AST":0.5605186104,"STL":0.5102807684,"BLK":0.0846973688,"TOV":-0.5555485778,"3P":1.0,"PTS":0.7355408172,"Avg $":0.3564277918},"PTS":{"d_FG%":0.3414991333,"d_FT%":0.5313058489,"FG%":0.2955178054,"FT%":0.4603630271,"TRB":0.6808696549,"AST":0.7557974483,"STL":0.6310787336,"BLK":0.3946157189,"TOV":-0.8337592284,"3P":0.7355408172,"PTS":1.0,"Avg $":0.6690612692},"Avg $":{"d_FG%":0.3469914061,"d_FT%":0.4392813677,"FG%":0.1182032084,"FT%":0.1657634427,"TRB":0.522912244,"AST":0.5841644286,"STL":0.3861677018,"BLK":0.3238382083,"TOV":-0.6437983122,"3P":0.3564277918,"PTS":0.6690612692,"Avg $":1.0}}