{"d_FG%":{"d_FG%":1.0,"d_FT%":-0.0667311778,"FG%":0.4306742687,"FT%":0.0303899115,"TRB":0.6258042736,"AST":0.1143739415,"STL":0.1245586869,"BLK":0.5457633465,"TOV":-0.2389203838,"3P":-0.1792026137,"PTS":0.3322219713,"Avg $":0.3709003791},"d_FT%":{"d_FG%":-0.0667311778,"d_FT%":1.0,"FG%":-0.0301019329,"FT%":0.3196028061,"TRB":0.0899754392,"AST":0.4778419881,"STL":0.2737771687,"BLK":-0.0417120859,"TOV":-0.4376698319,"3P":0.5189918831,"PTS":0.5482845717,"Avg $":0.4407147702},"FG%":{"d_FG%":0.4306742687,"d_FT%":-0.0301019329,"FG%":1.0,"FT%":0.2602195296,"TRB":0.4038136612,"AST":0.0818472195,"STL":0.1194073735,"BLK":0.3981013268,"TOV":-0.1665081492,"3P":0.0166600267,"PTS":0.2786248281,"Avg $":0.1234691086},"FT%":{"d_FG%":0.0303899115,"d_FT%":0.3196028061,"FG%":0.2602195296,"FT%":1.0,"TRB":0.2858089915,"AST":0.3380637934,"STL":0.3223182318,"BLK":0.17771651,"TOV":-0.3285681585,"3P":0.4444979616,"PTS":0.4551041997,"Avg $":0.162004707},"TRB":{"d_FG%":0.6258042736,"d_FT%":0.0899754392,"FG%":0.4038136612,"FT%":0.2858089915,"TRB":1.0,"AST":0.4287920912,"STL":0.4732380214,"BLK":0.6989438533,"TOV":-0.6049689867,"3P":0.2478155095,"PTS":0.6720595594,"Avg $":0.5152029963},"AST":{"d_FG%":0.1143739415,"d_FT%":0.4778419881,"FG%":0.0818472195,"FT%":0.3380637934,"TRB":0.4287920912,"AST":1.0,"STL":0.6922394607,"BLK":0.1758500909,"TOV":-0.8683576637,"3P":0.5528479577,"PTS":0.7401668498,"Avg $":0.5602561246},"STL":{"d_FG%":0.1245586869,"d_FT%":0.2737771687,"FG%":0.1194073735,"FT%":0.3223182318,"TRB":0.4732380214,"AST":0.6922394607,"STL":1.0,"BLK":0.351081164,"TOV":-0.6649511193,"3P":0.5007138254,"PTS":0.6245142199,"Avg $":0.3678142838},"BLK":{"d_FG%":0.5457633465,"d_FT%":-0.0417120859,"FG%":0.3981013268,"FT%":0.17771651,"TRB":0.6989438533,"AST":0.1758500909,"STL":0.351081164,"BLK":1.0,"TOV":-0.3357376234,"3P":0.0607452069,"PTS":0.4001493747,"Avg $":0.3274022954},"TOV":{"d_FG%":-0.2389203838,"d_FT%":-0.4376698319,"FG%":-0.1665081492,"FT%":-0.3285681585,"TRB":-0.6049689867,"AST":-0.8683576637,"STL":-0.6649511193,"BLK":-0.3357376234,"TOV":1.0,"3P":-0.5477720566,"PTS":-0.8361800078,"Avg $":-0.6336541559},"3P":{"d_FG%":-0.1792026137,"d_FT%":0.5189918831,"FG%":0.0166600267,"FT%":0.4444979616,"TRB":0.2478155095,"AST":0.5528479577,"STL":0.5007138254,"BLK":0.0607452069,"TOV":-0.5477720566,"3P":1.0,"PTS":0.7282875017,"Avg $":0.3558534665},"PTS":{"d_FG%":0.3322219713,"d_FT%":0.5482845717,"FG%":0.2786248281,"FT%":0.4551041997,"TRB":0.6720595594,"AST":0.7401668498,"STL":0.6245142199,"BLK":0.4001493747,"TOV":-0.8361800078,"3P":0.7282875017,"PTS":1.0,"Avg $":0.6692941272},"Avg $":{"d_FG%":0.3709003791,"d_FT%":0.4407147702,"FG%":0.1234691086,"FT%":0.162004707,"TRB":0.5152029963,"AST":0.5602561246,"STL":0.3678142838,"BLK":0.3274022954,"TOV":-0.6336541559,"3P":0.3558534665,"PTS":0.6692941272,"Avg $":1.0}}