{"d_FG%":{"d_FG%":1.0,"d_FT%":-0.1104241772,"FG%":0.417515795,"FT%":0.0383447621,"TRB":0.601639276,"AST":0.1305179452,"STL":0.1416754502,"BLK":0.5108366669,"TOV":-0.237204853,"3P":-0.1532186966,"PTS":0.3309256521,"Avg $":0.3379242887},"d_FT%":{"d_FG%":-0.1104241772,"d_FT%":1.0,"FG%":-0.0370491764,"FT%":0.3259585679,"TRB":0.0764519871,"AST":0.4873314252,"STL":0.2616126449,"BLK":-0.0462415162,"TOV":-0.4409495201,"3P":0.5230887391,"PTS":0.5381861265,"Avg $":0.4503825666},"FG%":{"d_FG%":0.417515795,"d_FT%":-0.0370491764,"FG%":1.0,"FT%":0.2464347513,"TRB":0.3785821281,"AST":0.1039038387,"STL":0.1558459691,"BLK":0.3417375961,"TOV":-0.178047175,"3P":0.0461105523,"PTS":0.2888093959,"Avg $":0.1159773218},"FT%":{"d_FG%":0.0383447621,"d_FT%":0.3259585679,"FG%":0.2464347513,"FT%":1.0,"TRB":0.3014615417,"AST":0.3516129123,"STL":0.3352430379,"BLK":0.1463445862,"TOV":-0.3515450622,"3P":0.4322083531,"PTS":0.4624396957,"Avg $":0.1653925393},"TRB":{"d_FG%":0.601639276,"d_FT%":0.0764519871,"FG%":0.3785821281,"FT%":0.3014615417,"TRB":1.0,"AST":0.4643829681,"STL":0.4990150285,"BLK":0.6766623753,"TOV":-0.6183949121,"3P":0.27350581,"PTS":0.6810599662,"Avg $":0.5236171777},"AST":{"d_FG%":0.1305179452,"d_FT%":0.4873314252,"FG%":0.1039038387,"FT%":0.3516129123,"TRB":0.4643829681,"AST":1.0,"STL":0.6675924158,"BLK":0.179771726,"TOV":-0.8579400991,"3P":0.5629803739,"PTS":0.7562010838,"Avg $":0.583942251},"STL":{"d_FG%":0.1416754502,"d_FT%":0.2616126449,"FG%":0.1558459691,"FT%":0.3352430379,"TRB":0.4990150285,"AST":0.6675924158,"STL":1.0,"BLK":0.3579339244,"TOV":-0.6449097711,"3P":0.5154182484,"PTS":0.634891893,"Avg $":0.3903332917},"BLK":{"d_FG%":0.5108366669,"d_FT%":-0.0462415162,"FG%":0.3417375961,"FT%":0.1463445862,"TRB":0.6766623753,"AST":0.179771726,"STL":0.3579339244,"BLK":1.0,"TOV":-0.3217677094,"3P":0.0854604361,"PTS":0.3934658451,"Avg $":0.3202168828},"TOV":{"d_FG%":-0.237204853,"d_FT%":-0.4409495201,"FG%":-0.178047175,"FT%":-0.3515450622,"TRB":-0.6183949121,"AST":-0.8579400991,"STL":-0.6449097711,"BLK":-0.3217677094,"TOV":1.0,"3P":-0.5579554834,"PTS":-0.8349459921,"Avg $":-0.6485049485},"3P":{"d_FG%":-0.1532186966,"d_FT%":0.5230887391,"FG%":0.0461105523,"FT%":0.4322083531,"TRB":0.27350581,"AST":0.5629803739,"STL":0.5154182484,"BLK":0.0854604361,"TOV":-0.5579554834,"3P":1.0,"PTS":0.737929829,"Avg $":0.3590902759},"PTS":{"d_FG%":0.3309256521,"d_FT%":0.5381861265,"FG%":0.2888093959,"FT%":0.4624396957,"TRB":0.6810599662,"AST":0.7562010838,"STL":0.634891893,"BLK":0.3934658451,"TOV":-0.8349459921,"3P":0.737929829,"PTS":1.0,"Avg $":0.6706242302},"Avg $":{"d_FG%":0.3379242887,"d_FT%":0.4503825666,"FG%":0.1159773218,"FT%":0.1653925393,"TRB":0.5236171777,"AST":0.583942251,"STL":0.3903332917,"BLK":0.3202168828,"TOV":-0.6485049485,"3P":0.3590902759,"PTS":0.6706242302,"Avg $":1.0}}