{"d_FG%":{"d_FG%":1.0,"d_FT%":-0.0445570145,"FG%":0.424172987,"FT%":0.0198055309,"TRB":0.4899335938,"AST":0.0106987965,"STL":0.0523555914,"BLK":0.4093270526,"TOV":-0.0952096508,"3P":-0.2087064634,"PTS":0.2350323468,"Avg $":0.2569647193},"d_FT%":{"d_FG%":-0.0445570145,"d_FT%":1.0,"FG%":-0.0128406939,"FT%":0.3670365491,"TRB":0.0471246279,"AST":0.4064264953,"STL":0.229848305,"BLK":-0.0788700998,"TOV":-0.378911996,"3P":0.4362756163,"PTS":0.4764181017,"Avg $":0.3539626023},"FG%":{"d_FG%":0.424172987,"d_FT%":-0.0128406939,"FG%":1.0,"FT%":0.2034657365,"TRB":0.3178557074,"AST":0.0973038329,"STL":0.1551396869,"BLK":0.2786455343,"TOV":-0.1575993298,"3P":0.0464482555,"PTS":0.239087463,"Avg $":0.1048502125},"FT%":{"d_FG%":0.0198055309,"d_FT%":0.3670365491,"FG%":0.2034657365,"FT%":1.0,"TRB":0.3063710497,"AST":0.3366709932,"STL":0.3955758529,"BLK":0.1700163233,"TOV":-0.3719858023,"3P":0.3999327323,"PTS":0.4534543899,"Avg $":0.1728684261},"TRB":{"d_FG%":0.4899335938,"d_FT%":0.0471246279,"FG%":0.3178557074,"FT%":0.3063710497,"TRB":1.0,"AST":0.4689472421,"STL":0.5065792569,"BLK":0.6615333666,"TOV":-0.6103680892,"3P":0.2851839068,"PTS":0.6794164642,"Avg $":0.5185407893},"AST":{"d_FG%":0.0106987965,"d_FT%":0.4064264953,"FG%":0.0973038329,"FT%":0.3366709932,"TRB":0.4689472421,"AST":1.0,"STL":0.6704824663,"BLK":0.1757370053,"TOV":-0.8424988019,"3P":0.5564303368,"PTS":0.7494066948,"Avg $":0.5938690177},"STL":{"d_FG%":0.0523555914,"d_FT%":0.229848305,"FG%":0.1551396869,"FT%":0.3955758529,"TRB":0.5065792569,"AST":0.6704824663,"STL":1.0,"BLK":0.3763984486,"TOV":-0.6421264594,"3P":0.5092800022,"PTS":0.6480001485,"Avg $":0.3944446777},"BLK":{"d_FG%":0.4093270526,"d_FT%":-0.0788700998,"FG%":0.2786455343,"FT%":0.1700163233,"TRB":0.6615333666,"AST":0.1757370053,"STL":0.3763984486,"BLK":1.0,"TOV":-0.2958358903,"3P":0.119167429,"PTS":0.3799525874,"Avg $":0.3268015538},"TOV":{"d_FG%":-0.0952096508,"d_FT%":-0.378911996,"FG%":-0.1575993298,"FT%":-0.3719858023,"TRB":-0.6103680892,"AST":-0.8424988019,"STL":-0.6421264594,"BLK":-0.2958358903,"TOV":1.0,"3P":-0.5862190979,"PTS":-0.8392068507,"Avg $":-0.6359011702},"3P":{"d_FG%":-0.2087064634,"d_FT%":0.4362756163,"FG%":0.0464482555,"FT%":0.3999327323,"TRB":0.2851839068,"AST":0.5564303368,"STL":0.5092800022,"BLK":0.119167429,"TOV":-0.5862190979,"3P":1.0,"PTS":0.7455677502,"Avg $":0.3769027418},"PTS":{"d_FG%":0.2350323468,"d_FT%":0.4764181017,"FG%":0.239087463,"FT%":0.4534543899,"TRB":0.6794164642,"AST":0.7494066948,"STL":0.6480001485,"BLK":0.3799525874,"TOV":-0.8392068507,"3P":0.7455677502,"PTS":1.0,"Avg $":0.6573436628},"Avg $":{"d_FG%":0.2569647193,"d_FT%":0.3539626023,"FG%":0.1048502125,"FT%":0.1728684261,"TRB":0.5185407893,"AST":0.5938690177,"STL":0.3944446777,"BLK":0.3268015538,"TOV":-0.6359011702,"3P":0.3769027418,"PTS":0.6573436628,"Avg $":1.0}}