{"d_FG%":{"d_FG%":1.0,"d_FT%":-0.06971686,"FG%":0.4249696485,"FT%":0.0412726595,"TRB":0.6280767149,"AST":0.126558339,"STL":0.1287174442,"BLK":0.5519845656,"TOV":-0.2476536326,"3P":-0.1663510324,"PTS":0.3383837732,"Avg $":0.3687006495},"d_FT%":{"d_FG%":-0.06971686,"d_FT%":1.0,"FG%":-0.0275722272,"FT%":0.3198807981,"TRB":0.0953449762,"AST":0.478975428,"STL":0.2725066365,"BLK":-0.0376376737,"TOV":-0.4387614322,"3P":0.5198666215,"PTS":0.5443040488,"Avg $":0.4423252096},"FG%":{"d_FG%":0.4249696485,"d_FT%":-0.0275722272,"FG%":1.0,"FT%":0.2794042565,"TRB":0.4019991577,"AST":0.1017727655,"STL":0.1442368304,"BLK":0.3927823151,"TOV":-0.1860109852,"3P":0.0336161629,"PTS":0.2883765562,"Avg $":0.1253774123},"FT%":{"d_FG%":0.0412726595,"d_FT%":0.3198807981,"FG%":0.2794042565,"FT%":1.0,"TRB":0.3155154767,"AST":0.3655844983,"STL":0.3706950791,"BLK":0.1968031084,"TOV":-0.3632772687,"3P":0.4464983098,"PTS":0.472746164,"Avg $":0.1685733963},"TRB":{"d_FG%":0.6280767149,"d_FT%":0.0953449762,"FG%":0.4019991577,"FT%":0.3155154767,"TRB":1.0,"AST":0.4508842501,"STL":0.4856708079,"BLK":0.7040779576,"TOV":-0.6202172799,"3P":0.2637896964,"PTS":0.6782694976,"Avg $":0.5227499047},"AST":{"d_FG%":0.126558339,"d_FT%":0.478975428,"FG%":0.1017727655,"FT%":0.3655844983,"TRB":0.4508842501,"AST":1.0,"STL":0.6844704217,"BLK":0.1798708875,"TOV":-0.8676672228,"3P":0.5678856829,"PTS":0.7542264898,"Avg $":0.5731976569},"STL":{"d_FG%":0.1287174442,"d_FT%":0.2725066365,"FG%":0.1442368304,"FT%":0.3706950791,"TRB":0.4856708079,"AST":0.6844704217,"STL":1.0,"BLK":0.3425094371,"TOV":-0.6555253163,"3P":0.5124836596,"PTS":0.6323762169,"Avg $":0.3738295949},"BLK":{"d_FG%":0.5519845656,"d_FT%":-0.0376376737,"FG%":0.3927823151,"FT%":0.1968031084,"TRB":0.7040779576,"AST":0.1798708875,"STL":0.3425094371,"BLK":1.0,"TOV":-0.3387189543,"3P":0.0634818875,"PTS":0.4053497883,"Avg $":0.3373255247},"TOV":{"d_FG%":-0.2476536326,"d_FT%":-0.4387614322,"FG%":-0.1860109852,"FT%":-0.3632772687,"TRB":-0.6202172799,"AST":-0.8676672228,"STL":-0.6555253163,"BLK":-0.3387189543,"TOV":1.0,"3P":-0.5596551449,"PTS":-0.8416699153,"Avg $":-0.6398888871},"3P":{"d_FG%":-0.1663510324,"d_FT%":0.5198666215,"FG%":0.0336161629,"FT%":0.4464983098,"TRB":0.2637896964,"AST":0.5678856829,"STL":0.5124836596,"BLK":0.0634818875,"TOV":-0.5596551449,"3P":1.0,"PTS":0.7359605042,"Avg $":0.3596739274},"PTS":{"d_FG%":0.3383837732,"d_FT%":0.5443040488,"FG%":0.2883765562,"FT%":0.472746164,"TRB":0.6782694976,"AST":0.7542264898,"STL":0.6323762169,"BLK":0.4053497883,"TOV":-0.8416699153,"3P":0.7359605042,"PTS":1.0,"Avg $":0.6692827275},"Avg $":{"d_FG%":0.3687006495,"d_FT%":0.4423252096,"FG%":0.1253774123,"FT%":0.1685733963,"TRB":0.5227499047,"AST":0.5731976569,"STL":0.3738295949,"BLK":0.3373255247,"TOV":-0.6398888871,"3P":0.3596739274,"PTS":0.6692827275,"Avg $":1.0}}