{"d_FG%":{"d_FG%":1.0,"d_FT%":-0.0709023885,"FG%":0.4303701891,"FT%":0.0391185442,"TRB":0.6304054633,"AST":0.1294726901,"STL":0.1351712247,"BLK":0.5520814376,"TOV":-0.2511345973,"3P":-0.1658302978,"PTS":0.3413596775,"Avg $":0.3738310917},"d_FT%":{"d_FG%":-0.0709023885,"d_FT%":1.0,"FG%":-0.0305428749,"FT%":0.317635294,"TRB":0.0885567582,"AST":0.4792237121,"STL":0.2775447806,"BLK":-0.0421930609,"TOV":-0.4350314784,"3P":0.5205155,"PTS":0.5399822392,"Avg $":0.4407308683},"FG%":{"d_FG%":0.4303701891,"d_FT%":-0.0305428749,"FG%":1.0,"FT%":0.2786691341,"TRB":0.4035647554,"AST":0.1018930826,"STL":0.1450466861,"BLK":0.3969570551,"TOV":-0.185046535,"3P":0.0300029271,"PTS":0.2875487315,"Avg $":0.1253574383},"FT%":{"d_FG%":0.0391185442,"d_FT%":0.317635294,"FG%":0.2786691341,"FT%":1.0,"TRB":0.3078937546,"AST":0.3635731716,"STL":0.3640355355,"BLK":0.1852799875,"TOV":-0.357569872,"3P":0.4500217011,"PTS":0.4682251351,"Avg $":0.165594717},"TRB":{"d_FG%":0.6304054633,"d_FT%":0.0885567582,"FG%":0.4035647554,"FT%":0.3078937546,"TRB":1.0,"AST":0.4492750856,"STL":0.4883063041,"BLK":0.7039062014,"TOV":-0.6183385191,"3P":0.2617035533,"PTS":0.6766734837,"Avg $":0.521251},"AST":{"d_FG%":0.1294726901,"d_FT%":0.4792237121,"FG%":0.1018930826,"FT%":0.3635731716,"TRB":0.4492750856,"AST":1.0,"STL":0.6865806123,"BLK":0.178151793,"TOV":-0.8689095579,"3P":0.5701001961,"PTS":0.7560136738,"Avg $":0.572003421},"STL":{"d_FG%":0.1351712247,"d_FT%":0.2775447806,"FG%":0.1450466861,"FT%":0.3640355355,"TRB":0.4883063041,"AST":0.6865806123,"STL":1.0,"BLK":0.3493214917,"TOV":-0.6605086863,"3P":0.5123566094,"PTS":0.6359133485,"Avg $":0.3781419093},"BLK":{"d_FG%":0.5520814376,"d_FT%":-0.0421930609,"FG%":0.3969570551,"FT%":0.1852799875,"TRB":0.7039062014,"AST":0.178151793,"STL":0.3493214917,"BLK":1.0,"TOV":-0.3400988592,"3P":0.0621319257,"PTS":0.4046112938,"Avg $":0.3368493801},"TOV":{"d_FG%":-0.2511345973,"d_FT%":-0.4350314784,"FG%":-0.185046535,"FT%":-0.357569872,"TRB":-0.6183385191,"AST":-0.8689095579,"STL":-0.6605086863,"BLK":-0.3400988592,"TOV":1.0,"3P":-0.5572289685,"PTS":-0.8420414543,"Avg $":-0.6394646315},"3P":{"d_FG%":-0.1658302978,"d_FT%":0.5205155,"FG%":0.0300029271,"FT%":0.4500217011,"TRB":0.2617035533,"AST":0.5701001961,"STL":0.5123566094,"BLK":0.0621319257,"TOV":-0.5572289685,"3P":1.0,"PTS":0.7343953127,"Avg $":0.360127377},"PTS":{"d_FG%":0.3413596775,"d_FT%":0.5399822392,"FG%":0.2875487315,"FT%":0.4682251351,"TRB":0.6766734837,"AST":0.7560136738,"STL":0.6359133485,"BLK":0.4046112938,"TOV":-0.8420414543,"3P":0.7343953127,"PTS":1.0,"Avg $":0.6701661636},"Avg $":{"d_FG%":0.3738310917,"d_FT%":0.4407308683,"FG%":0.1253574383,"FT%":0.165594717,"TRB":0.521251,"AST":0.572003421,"STL":0.3781419093,"BLK":0.3368493801,"TOV":-0.6394646315,"3P":0.360127377,"PTS":0.6701661636,"Avg $":1.0}}