{"d_FG%":{"d_FG%":1.0,"d_FT%":-0.1181947374,"FG%":0.4091390764,"FT%":0.0342668668,"TRB":0.576297951,"AST":0.1134810567,"STL":0.1194275797,"BLK":0.4934408182,"TOV":-0.2218285262,"3P":-0.1556126327,"PTS":0.3110964211,"Avg $":0.3180607195},"d_FT%":{"d_FG%":-0.1181947374,"d_FT%":1.0,"FG%":-0.0308210583,"FT%":0.3266770045,"TRB":0.0756614544,"AST":0.4630265826,"STL":0.2519788184,"BLK":-0.0282292345,"TOV":-0.4327981548,"3P":0.5170426894,"PTS":0.5355882186,"Avg $":0.4403116438},"FG%":{"d_FG%":0.4091390764,"d_FT%":-0.0308210583,"FG%":1.0,"FT%":0.2119133267,"TRB":0.3541923484,"AST":0.092098032,"STL":0.1509794904,"BLK":0.3292367339,"TOV":-0.1649880522,"3P":0.0467501141,"PTS":0.2743597078,"Avg $":0.1100369004},"FT%":{"d_FG%":0.0342668668,"d_FT%":0.3266770045,"FG%":0.2119133267,"FT%":1.0,"TRB":0.308038134,"AST":0.346238028,"STL":0.339235732,"BLK":0.1498941309,"TOV":-0.3517012538,"3P":0.4286315106,"PTS":0.4651852417,"Avg $":0.1661553032},"TRB":{"d_FG%":0.576297951,"d_FT%":0.0756614544,"FG%":0.3541923484,"FT%":0.308038134,"TRB":1.0,"AST":0.4634903382,"STL":0.482831314,"BLK":0.6647194166,"TOV":-0.6115538585,"3P":0.2752932976,"PTS":0.6782259095,"Avg $":0.5193642689},"AST":{"d_FG%":0.1134810567,"d_FT%":0.4630265826,"FG%":0.092098032,"FT%":0.346238028,"TRB":0.4634903382,"AST":1.0,"STL":0.6566340541,"BLK":0.1828079296,"TOV":-0.8488298571,"3P":0.5549211243,"PTS":0.7500185439,"Avg $":0.5768841675},"STL":{"d_FG%":0.1194275797,"d_FT%":0.2519788184,"FG%":0.1509794904,"FT%":0.339235732,"TRB":0.482831314,"AST":0.6566340541,"STL":1.0,"BLK":0.363361211,"TOV":-0.6223664791,"3P":0.5007191055,"PTS":0.6209372374,"Avg $":0.369289745},"BLK":{"d_FG%":0.4934408182,"d_FT%":-0.0282292345,"FG%":0.3292367339,"FT%":0.1498941309,"TRB":0.6647194166,"AST":0.1828079296,"STL":0.363361211,"BLK":1.0,"TOV":-0.3143177142,"3P":0.0938860373,"PTS":0.3914906938,"Avg $":0.3170322454},"TOV":{"d_FG%":-0.2218285262,"d_FT%":-0.4327981548,"FG%":-0.1649880522,"FT%":-0.3517012538,"TRB":-0.6115538585,"AST":-0.8488298571,"STL":-0.6223664791,"BLK":-0.3143177142,"TOV":1.0,"3P":-0.5601234333,"PTS":-0.8314811498,"Avg $":-0.6450352556},"3P":{"d_FG%":-0.1556126327,"d_FT%":0.5170426894,"FG%":0.0467501141,"FT%":0.4286315106,"TRB":0.2752932976,"AST":0.5549211243,"STL":0.5007191055,"BLK":0.0938860373,"TOV":-0.5601234333,"3P":1.0,"PTS":0.739988003,"Avg $":0.3556203432},"PTS":{"d_FG%":0.3110964211,"d_FT%":0.5355882186,"FG%":0.2743597078,"FT%":0.4651852417,"TRB":0.6782259095,"AST":0.7500185439,"STL":0.6209372374,"BLK":0.3914906938,"TOV":-0.8314811498,"3P":0.739988003,"PTS":1.0,"Avg $":0.6662718946},"Avg $":{"d_FG%":0.3180607195,"d_FT%":0.4403116438,"FG%":0.1100369004,"FT%":0.1661553032,"TRB":0.5193642689,"AST":0.5768841675,"STL":0.369289745,"BLK":0.3170322454,"TOV":-0.6450352556,"3P":0.3556203432,"PTS":0.6662718946,"Avg $":1.0}}