{"d_FG%":{"d_FG%":1.0,"d_FT%":-0.1323151677,"FG%":0.4343820428,"FT%":-0.006191028,"TRB":0.5280478385,"AST":0.0489719172,"STL":0.0617676244,"BLK":0.4440894638,"TOV":-0.1498355299,"3P":-0.2300979922,"PTS":0.2408031519,"Avg $":0.2837122122},"d_FT%":{"d_FG%":-0.1323151677,"d_FT%":1.0,"FG%":-0.0457232775,"FT%":0.3577978786,"TRB":0.0447489586,"AST":0.4245370822,"STL":0.2420878815,"BLK":-0.0720114228,"TOV":-0.4030060922,"3P":0.4782356411,"PTS":0.4985348193,"Avg $":0.362704503},"FG%":{"d_FG%":0.4343820428,"d_FT%":-0.0457232775,"FG%":1.0,"FT%":0.1625261662,"TRB":0.3336001224,"AST":0.0771743994,"STL":0.1381975931,"BLK":0.2658592212,"TOV":-0.1642938604,"3P":0.0074116025,"PTS":0.2306449613,"Avg $":0.1072251213},"FT%":{"d_FG%":-0.006191028,"d_FT%":0.3577978786,"FG%":0.1625261662,"FT%":1.0,"TRB":0.2635499239,"AST":0.3126897091,"STL":0.3718908548,"BLK":0.086631261,"TOV":-0.3365672109,"3P":0.3690085741,"PTS":0.4239583549,"Avg $":0.1540512076},"TRB":{"d_FG%":0.5280478385,"d_FT%":0.0447489586,"FG%":0.3336001224,"FT%":0.2635499239,"TRB":1.0,"AST":0.4659565914,"STL":0.4979378812,"BLK":0.656680409,"TOV":-0.600319569,"3P":0.2512034168,"PTS":0.6653053425,"Avg $":0.5180365555},"AST":{"d_FG%":0.0489719172,"d_FT%":0.4245370822,"FG%":0.0771743994,"FT%":0.3126897091,"TRB":0.4659565914,"AST":1.0,"STL":0.6636291234,"BLK":0.1497520078,"TOV":-0.8561419668,"3P":0.5482432636,"PTS":0.7502459828,"Avg $":0.5914941128},"STL":{"d_FG%":0.0617676244,"d_FT%":0.2420878815,"FG%":0.1381975931,"FT%":0.3718908548,"TRB":0.4979378812,"AST":0.6636291234,"STL":1.0,"BLK":0.3235148949,"TOV":-0.6328975752,"3P":0.5130441075,"PTS":0.6452235415,"Avg $":0.3812621684},"BLK":{"d_FG%":0.4440894638,"d_FT%":-0.0720114228,"FG%":0.2658592212,"FT%":0.086631261,"TRB":0.656680409,"AST":0.1497520078,"STL":0.3235148949,"BLK":1.0,"TOV":-0.2736860129,"3P":0.0858802069,"PTS":0.3611757067,"Avg $":0.2973873891},"TOV":{"d_FG%":-0.1498355299,"d_FT%":-0.4030060922,"FG%":-0.1642938604,"FT%":-0.3365672109,"TRB":-0.600319569,"AST":-0.8561419668,"STL":-0.6328975752,"BLK":-0.2736860129,"TOV":1.0,"3P":-0.5769839359,"PTS":-0.8457084218,"Avg $":-0.6495674518},"3P":{"d_FG%":-0.2300979922,"d_FT%":0.4782356411,"FG%":0.0074116025,"FT%":0.3690085741,"TRB":0.2512034168,"AST":0.5482432636,"STL":0.5130441075,"BLK":0.0858802069,"TOV":-0.5769839359,"3P":1.0,"PTS":0.7283916161,"Avg $":0.3526800758},"PTS":{"d_FG%":0.2408031519,"d_FT%":0.4985348193,"FG%":0.2306449613,"FT%":0.4239583549,"TRB":0.6653053425,"AST":0.7502459828,"STL":0.6452235415,"BLK":0.3611757067,"TOV":-0.8457084218,"3P":0.7283916161,"PTS":1.0,"Avg $":0.6654004224},"Avg $":{"d_FG%":0.2837122122,"d_FT%":0.362704503,"FG%":0.1072251213,"FT%":0.1540512076,"TRB":0.5180365555,"AST":0.5914941128,"STL":0.3812621684,"BLK":0.2973873891,"TOV":-0.6495674518,"3P":0.3526800758,"PTS":0.6654004224,"Avg $":1.0}}