{"d_FG%":{"d_FG%":1.0,"d_FT%":-0.0939171599,"FG%":0.4206877599,"FT%":0.0440466128,"TRB":0.607596363,"AST":0.1402092351,"STL":0.149564081,"BLK":0.5171517316,"TOV":-0.2432568699,"3P":-0.1480568907,"PTS":0.3427362889,"Avg $":0.3489438916},"d_FT%":{"d_FG%":-0.0939171599,"d_FT%":1.0,"FG%":-0.0338157108,"FT%":0.323231782,"TRB":0.0663899499,"AST":0.4801202427,"STL":0.2556598515,"BLK":-0.0511626264,"TOV":-0.4326550321,"3P":0.5151704982,"PTS":0.5306326981,"Avg $":0.4372403303},"FG%":{"d_FG%":0.4206877599,"d_FT%":-0.0338157108,"FG%":1.0,"FT%":0.2529734413,"TRB":0.3885167154,"AST":0.1125753045,"STL":0.1696998902,"BLK":0.3491566648,"TOV":-0.1840442955,"3P":0.0506189499,"PTS":0.2957049419,"Avg $":0.1188587992},"FT%":{"d_FG%":0.0440466128,"d_FT%":0.323231782,"FG%":0.2529734413,"FT%":1.0,"TRB":0.2997844256,"AST":0.3467654337,"STL":0.3273084147,"BLK":0.1498628148,"TOV":-0.345358624,"3P":0.4299053098,"PTS":0.4603259258,"Avg $":0.165655425},"TRB":{"d_FG%":0.607596363,"d_FT%":0.0663899499,"FG%":0.3885167154,"FT%":0.2997844256,"TRB":1.0,"AST":0.4608151951,"STL":0.4999295108,"BLK":0.6719187349,"TOV":-0.6174270478,"3P":0.271006963,"PTS":0.6805643388,"Avg $":0.5234119125},"AST":{"d_FG%":0.1402092351,"d_FT%":0.4801202427,"FG%":0.1125753045,"FT%":0.3467654337,"TRB":0.4608151951,"AST":1.0,"STL":0.6686006898,"BLK":0.173223984,"TOV":-0.861497414,"3P":0.5613652646,"PTS":0.7558683995,"Avg $":0.5842250454},"STL":{"d_FG%":0.149564081,"d_FT%":0.2556598515,"FG%":0.1696998902,"FT%":0.3273084147,"TRB":0.4999295108,"AST":0.6686006898,"STL":1.0,"BLK":0.3488275742,"TOV":-0.6506751943,"3P":0.5127887622,"PTS":0.6319718405,"Avg $":0.3855387576},"BLK":{"d_FG%":0.5171517316,"d_FT%":-0.0511626264,"FG%":0.3491566648,"FT%":0.1498628148,"TRB":0.6719187349,"AST":0.173223984,"STL":0.3488275742,"BLK":1.0,"TOV":-0.3169943865,"3P":0.0851907394,"PTS":0.3938399521,"Avg $":0.323372831},"TOV":{"d_FG%":-0.2432568699,"d_FT%":-0.4326550321,"FG%":-0.1840442955,"FT%":-0.345358624,"TRB":-0.6174270478,"AST":-0.861497414,"STL":-0.6506751943,"BLK":-0.3169943865,"TOV":1.0,"3P":-0.5557905589,"PTS":-0.8340675068,"Avg $":-0.6437914299},"3P":{"d_FG%":-0.1480568907,"d_FT%":0.5151704982,"FG%":0.0506189499,"FT%":0.4299053098,"TRB":0.271006963,"AST":0.5613652646,"STL":0.5127887622,"BLK":0.0851907394,"TOV":-0.5557905589,"3P":1.0,"PTS":0.7357369137,"Avg $":0.3566229681},"PTS":{"d_FG%":0.3427362889,"d_FT%":0.5306326981,"FG%":0.2957049419,"FT%":0.4603259258,"TRB":0.6805643388,"AST":0.7558683995,"STL":0.6319718405,"BLK":0.3938399521,"TOV":-0.8340675068,"3P":0.7357369137,"PTS":1.0,"Avg $":0.6688843957},"Avg $":{"d_FG%":0.3489438916,"d_FT%":0.4372403303,"FG%":0.1188587992,"FT%":0.165655425,"TRB":0.5234119125,"AST":0.5842250454,"STL":0.3855387576,"BLK":0.323372831,"TOV":-0.6437914299,"3P":0.3566229681,"PTS":0.6688843957,"Avg $":1.0}}