{"d_FG%":{"d_FG%":1.0,"d_FT%":-0.0711316078,"FG%":0.5299856612,"FT%":-0.0082361368,"TRB":0.6231144926,"AST":0.1777790807,"STL":0.1635029416,"BLK":0.5041871446,"TOV":-0.2990351435,"3P":-0.1093037296,"PTS":0.395245305,"Avg $":0.4334786885},"d_FT%":{"d_FG%":-0.0711316078,"d_FT%":1.0,"FG%":-0.054764745,"FT%":0.3575223767,"TRB":0.0173823728,"AST":0.4233468787,"STL":0.2640242864,"BLK":-0.1267359637,"TOV":-0.3448805694,"3P":0.5288969934,"PTS":0.5048452273,"Avg $":0.4447595198},"FG%":{"d_FG%":0.5299856612,"d_FT%":-0.054764745,"FG%":1.0,"FT%":0.2280350995,"TRB":0.462494805,"AST":0.1172734009,"STL":0.2191706921,"BLK":0.4354034753,"TOV":-0.1525157722,"3P":0.0122945945,"PTS":0.3040949844,"Avg $":0.1752568952},"FT%":{"d_FG%":-0.0082361368,"d_FT%":0.3575223767,"FG%":0.2280350995,"FT%":1.0,"TRB":0.1693284868,"AST":0.2892825083,"STL":0.3089529461,"BLK":0.0166861119,"TOV":-0.2046580882,"3P":0.3977953234,"PTS":0.3667882706,"Avg $":0.1543673226},"TRB":{"d_FG%":0.6231144926,"d_FT%":0.0173823728,"FG%":0.462494805,"FT%":0.1693284868,"TRB":1.0,"AST":0.419999706,"STL":0.4821328511,"BLK":0.663877973,"TOV":-0.5729125195,"3P":0.2086829419,"PTS":0.6383691346,"Avg $":0.5172653805},"AST":{"d_FG%":0.1777790807,"d_FT%":0.4233468787,"FG%":0.1172734009,"FT%":0.2892825083,"TRB":0.419999706,"AST":1.0,"STL":0.7072830682,"BLK":0.090869933,"TOV":-0.8339124538,"3P":0.527649073,"PTS":0.7474759926,"Avg $":0.634731019},"STL":{"d_FG%":0.1635029416,"d_FT%":0.2640242864,"FG%":0.2191706921,"FT%":0.3089529461,"TRB":0.4821328511,"AST":0.7072830682,"STL":1.0,"BLK":0.2666314444,"TOV":-0.6238268211,"3P":0.5063686272,"PTS":0.6593539865,"Avg $":0.4178055897},"BLK":{"d_FG%":0.5041871446,"d_FT%":-0.1267359637,"FG%":0.4354034753,"FT%":0.0166861119,"TRB":0.663877973,"AST":0.090869933,"STL":0.2666314444,"BLK":1.0,"TOV":-0.2686462411,"3P":-0.0117717649,"PTS":0.3194835395,"Avg $":0.2929925673},"TOV":{"d_FG%":-0.2990351435,"d_FT%":-0.3448805694,"FG%":-0.1525157722,"FT%":-0.2046580882,"TRB":-0.5729125195,"AST":-0.8339124538,"STL":-0.6238268211,"BLK":-0.2686462411,"TOV":1.0,"3P":-0.4962865137,"PTS":-0.8146997766,"Avg $":-0.6776415969},"3P":{"d_FG%":-0.1093037296,"d_FT%":0.5288969934,"FG%":0.0122945945,"FT%":0.3977953234,"TRB":0.2086829419,"AST":0.527649073,"STL":0.5063686272,"BLK":-0.0117717649,"TOV":-0.4962865137,"3P":1.0,"PTS":0.7170610149,"Avg $":0.3879046518},"PTS":{"d_FG%":0.395245305,"d_FT%":0.5048452273,"FG%":0.3040949844,"FT%":0.3667882706,"TRB":0.6383691346,"AST":0.7474759926,"STL":0.6593539865,"BLK":0.3194835395,"TOV":-0.8146997766,"3P":0.7170610149,"PTS":1.0,"Avg $":0.7250587262},"Avg $":{"d_FG%":0.4334786885,"d_FT%":0.4447595198,"FG%":0.1752568952,"FT%":0.1543673226,"TRB":0.5172653805,"AST":0.634731019,"STL":0.4178055897,"BLK":0.2929925673,"TOV":-0.6776415969,"3P":0.3879046518,"PTS":0.7250587262,"Avg $":1.0}}