{"d_FG%":{"d_FG%":1.0,"d_FT%":-0.1404347615,"FG%":0.4007481837,"FT%":0.0338234697,"TRB":0.566521271,"AST":0.1117252298,"STL":0.1147317268,"BLK":0.4880353409,"TOV":-0.2188485693,"3P":-0.1547168015,"PTS":0.3088187511,"Avg $":0.3194273687},"d_FT%":{"d_FG%":-0.1404347615,"d_FT%":1.0,"FG%":-0.037253349,"FT%":0.3206131498,"TRB":0.03304322,"AST":0.4246982234,"STL":0.2286355478,"BLK":-0.0533808375,"TOV":-0.3918598274,"3P":0.4982909434,"PTS":0.4989671834,"Avg $":0.3933036197},"FG%":{"d_FG%":0.4007481837,"d_FT%":-0.037253349,"FG%":1.0,"FT%":0.2093864164,"TRB":0.3414725767,"AST":0.0904601822,"STL":0.1435146253,"BLK":0.3311263826,"TOV":-0.16182466,"3P":0.0536579565,"PTS":0.2764615677,"Avg $":0.1103809692},"FT%":{"d_FG%":0.0338234697,"d_FT%":0.3206131498,"FG%":0.2093864164,"FT%":1.0,"TRB":0.2965824241,"AST":0.3283137675,"STL":0.3517339907,"BLK":0.1496941324,"TOV":-0.336601723,"3P":0.4078013157,"PTS":0.4513470733,"Avg $":0.1611173703},"TRB":{"d_FG%":0.566521271,"d_FT%":0.03304322,"FG%":0.3414725767,"FT%":0.2965824241,"TRB":1.0,"AST":0.4618505945,"STL":0.4691016908,"BLK":0.6574675181,"TOV":-0.6030013669,"3P":0.2770609551,"PTS":0.6727561538,"Avg $":0.5163748606},"AST":{"d_FG%":0.1117252298,"d_FT%":0.4246982234,"FG%":0.0904601822,"FT%":0.3283137675,"TRB":0.4618505945,"AST":1.0,"STL":0.6421492055,"BLK":0.1872101922,"TOV":-0.8506731792,"3P":0.5471334475,"PTS":0.7474261355,"Avg $":0.5762124031},"STL":{"d_FG%":0.1147317268,"d_FT%":0.2286355478,"FG%":0.1435146253,"FT%":0.3517339907,"TRB":0.4691016908,"AST":0.6421492055,"STL":1.0,"BLK":0.3765361182,"TOV":-0.6205846689,"3P":0.4762702508,"PTS":0.6268818715,"Avg $":0.3764526941},"BLK":{"d_FG%":0.4880353409,"d_FT%":-0.0533808375,"FG%":0.3311263826,"FT%":0.1496941324,"TRB":0.6574675181,"AST":0.1872101922,"STL":0.3765361182,"BLK":1.0,"TOV":-0.2979860792,"3P":0.0853197724,"PTS":0.3869623867,"Avg $":0.3138952335},"TOV":{"d_FG%":-0.2188485693,"d_FT%":-0.3918598274,"FG%":-0.16182466,"FT%":-0.336601723,"TRB":-0.6030013669,"AST":-0.8506731792,"STL":-0.6205846689,"BLK":-0.2979860792,"TOV":1.0,"3P":-0.5586880676,"PTS":-0.8286165181,"Avg $":-0.6396493887},"3P":{"d_FG%":-0.1547168015,"d_FT%":0.4982909434,"FG%":0.0536579565,"FT%":0.4078013157,"TRB":0.2770609551,"AST":0.5471334475,"STL":0.4762702508,"BLK":0.0853197724,"TOV":-0.5586880676,"3P":1.0,"PTS":0.7309763685,"Avg $":0.3493417152},"PTS":{"d_FG%":0.3088187511,"d_FT%":0.4989671834,"FG%":0.2764615677,"FT%":0.4513470733,"TRB":0.6727561538,"AST":0.7474261355,"STL":0.6268818715,"BLK":0.3869623867,"TOV":-0.8286165181,"3P":0.7309763685,"PTS":1.0,"Avg $":0.6664349714},"Avg $":{"d_FG%":0.3194273687,"d_FT%":0.3933036197,"FG%":0.1103809692,"FT%":0.1611173703,"TRB":0.5163748606,"AST":0.5762124031,"STL":0.3764526941,"BLK":0.3138952335,"TOV":-0.6396493887,"3P":0.3493417152,"PTS":0.6664349714,"Avg $":1.0}}