{"d_FG%":{"d_FG%":1.0,"d_FT%":-0.1410710568,"FG%":0.4344790291,"FT%":-0.0046540215,"TRB":0.5201609752,"AST":0.0301801189,"STL":0.061657044,"BLK":0.4585562674,"TOV":-0.1309577438,"3P":-0.2247619501,"PTS":0.2350182196,"Avg $":0.2701278033},"d_FT%":{"d_FG%":-0.1410710568,"d_FT%":1.0,"FG%":-0.0478023506,"FT%":0.3609218201,"TRB":0.0250039627,"AST":0.428694406,"STL":0.2470726115,"BLK":-0.0987422262,"TOV":-0.3886214861,"3P":0.458410312,"PTS":0.4790043108,"Avg $":0.3387916049},"FG%":{"d_FG%":0.4344790291,"d_FT%":-0.0478023506,"FG%":1.0,"FT%":0.1637331451,"TRB":0.339324418,"AST":0.0833890455,"STL":0.1395016272,"BLK":0.3054190466,"TOV":-0.161477564,"3P":0.0154903344,"PTS":0.2245641298,"Avg $":0.1053332128},"FT%":{"d_FG%":-0.0046540215,"d_FT%":0.3609218201,"FG%":0.1637331451,"FT%":1.0,"TRB":0.2735029726,"AST":0.3242296852,"STL":0.3796532628,"BLK":0.1256286111,"TOV":-0.3593702277,"3P":0.398321018,"PTS":0.4345514841,"Avg $":0.156724668},"TRB":{"d_FG%":0.5201609752,"d_FT%":0.0250039627,"FG%":0.339324418,"FT%":0.2735029726,"TRB":1.0,"AST":0.4686485871,"STL":0.5024286549,"BLK":0.6750411323,"TOV":-0.6127552378,"3P":0.266544946,"PTS":0.6766192394,"Avg $":0.5188682067},"AST":{"d_FG%":0.0301801189,"d_FT%":0.428694406,"FG%":0.0833890455,"FT%":0.3242296852,"TRB":0.4686485871,"AST":1.0,"STL":0.6664657316,"BLK":0.1657082327,"TOV":-0.8598332026,"3P":0.5492349555,"PTS":0.7537072004,"Avg $":0.5942576698},"STL":{"d_FG%":0.061657044,"d_FT%":0.2470726115,"FG%":0.1395016272,"FT%":0.3796532628,"TRB":0.5024286549,"AST":0.6664657316,"STL":1.0,"BLK":0.3492769923,"TOV":-0.6479169626,"3P":0.5409378742,"PTS":0.6626124848,"Avg $":0.3815793404},"BLK":{"d_FG%":0.4585562674,"d_FT%":-0.0987422262,"FG%":0.3054190466,"FT%":0.1256286111,"TRB":0.6750411323,"AST":0.1657082327,"STL":0.3492769923,"BLK":1.0,"TOV":-0.2869958733,"3P":0.1020911504,"PTS":0.3801834314,"Avg $":0.312057068},"TOV":{"d_FG%":-0.1309577438,"d_FT%":-0.3886214861,"FG%":-0.161477564,"FT%":-0.3593702277,"TRB":-0.6127552378,"AST":-0.8598332026,"STL":-0.6479169626,"BLK":-0.2869958733,"TOV":1.0,"3P":-0.569417404,"PTS":-0.8410789011,"Avg $":-0.6448638614},"3P":{"d_FG%":-0.2247619501,"d_FT%":0.458410312,"FG%":0.0154903344,"FT%":0.398321018,"TRB":0.266544946,"AST":0.5492349555,"STL":0.5409378742,"BLK":0.1020911504,"TOV":-0.569417404,"3P":1.0,"PTS":0.7352464369,"Avg $":0.3560753067},"PTS":{"d_FG%":0.2350182196,"d_FT%":0.4790043108,"FG%":0.2245641298,"FT%":0.4345514841,"TRB":0.6766192394,"AST":0.7537072004,"STL":0.6626124848,"BLK":0.3801834314,"TOV":-0.8410789011,"3P":0.7352464369,"PTS":1.0,"Avg $":0.6664533766},"Avg $":{"d_FG%":0.2701278033,"d_FT%":0.3387916049,"FG%":0.1053332128,"FT%":0.156724668,"TRB":0.5188682067,"AST":0.5942576698,"STL":0.3815793404,"BLK":0.312057068,"TOV":-0.6448638614,"3P":0.3560753067,"PTS":0.6664533766,"Avg $":1.0}}