{"d_FG%":{"d_FG%":1.0,"d_FT%":-0.1079104536,"FG%":0.4041863245,"FT%":0.0425548147,"TRB":0.562309715,"AST":0.116707166,"STL":0.1134788033,"BLK":0.474664503,"TOV":-0.2221948334,"3P":-0.1476993261,"PTS":0.3129869573,"Avg $":0.3322248785},"d_FT%":{"d_FG%":-0.1079104536,"d_FT%":1.0,"FG%":-0.0296715061,"FT%":0.3337919575,"TRB":0.0538398502,"AST":0.426192162,"STL":0.2455203885,"BLK":-0.0506303169,"TOV":-0.3975790377,"3P":0.4869236595,"PTS":0.5145779504,"Avg $":0.389034924},"FG%":{"d_FG%":0.4041863245,"d_FT%":-0.0296715061,"FG%":1.0,"FT%":0.2003187594,"TRB":0.3607201014,"AST":0.1158147387,"STL":0.196161372,"BLK":0.3190142382,"TOV":-0.1838442819,"3P":0.0770808622,"PTS":0.2923047418,"Avg $":0.1145341105},"FT%":{"d_FG%":0.0425548147,"d_FT%":0.3337919575,"FG%":0.2003187594,"FT%":1.0,"TRB":0.3012357677,"AST":0.3143469277,"STL":0.326167654,"BLK":0.1159602797,"TOV":-0.3159030156,"3P":0.385984064,"PTS":0.4485200206,"Avg $":0.1622550498},"TRB":{"d_FG%":0.562309715,"d_FT%":0.0538398502,"FG%":0.3607201014,"FT%":0.3012357677,"TRB":1.0,"AST":0.457509844,"STL":0.4641123209,"BLK":0.6447517614,"TOV":-0.5911583795,"3P":0.2684957007,"PTS":0.6715166153,"Avg $":0.5163789586},"AST":{"d_FG%":0.116707166,"d_FT%":0.426192162,"FG%":0.1158147387,"FT%":0.3143469277,"TRB":0.457509844,"AST":1.0,"STL":0.6281644627,"BLK":0.1794852878,"TOV":-0.849252953,"3P":0.5434891674,"PTS":0.7445064955,"Avg $":0.5686268832},"STL":{"d_FG%":0.1134788033,"d_FT%":0.2455203885,"FG%":0.196161372,"FT%":0.326167654,"TRB":0.4641123209,"AST":0.6281644627,"STL":1.0,"BLK":0.3291206271,"TOV":-0.615804602,"3P":0.5084592238,"PTS":0.6204104268,"Avg $":0.350994394},"BLK":{"d_FG%":0.474664503,"d_FT%":-0.0506303169,"FG%":0.3190142382,"FT%":0.1159602797,"TRB":0.6447517614,"AST":0.1794852878,"STL":0.3291206271,"BLK":1.0,"TOV":-0.296725845,"3P":0.06808865,"PTS":0.360779915,"Avg $":0.3012906751},"TOV":{"d_FG%":-0.2221948334,"d_FT%":-0.3975790377,"FG%":-0.1838442819,"FT%":-0.3159030156,"TRB":-0.5911583795,"AST":-0.849252953,"STL":-0.615804602,"BLK":-0.296725845,"TOV":1.0,"3P":-0.548038755,"PTS":-0.8198758097,"Avg $":-0.6314572628},"3P":{"d_FG%":-0.1476993261,"d_FT%":0.4869236595,"FG%":0.0770808622,"FT%":0.385984064,"TRB":0.2684957007,"AST":0.5434891674,"STL":0.5084592238,"BLK":0.06808865,"TOV":-0.548038755,"3P":1.0,"PTS":0.7329972523,"Avg $":0.3563618212},"PTS":{"d_FG%":0.3129869573,"d_FT%":0.5145779504,"FG%":0.2923047418,"FT%":0.4485200206,"TRB":0.6715166153,"AST":0.7445064955,"STL":0.6204104268,"BLK":0.360779915,"TOV":-0.8198758097,"3P":0.7329972523,"PTS":1.0,"Avg $":0.6646626834},"Avg $":{"d_FG%":0.3322248785,"d_FT%":0.389034924,"FG%":0.1145341105,"FT%":0.1622550498,"TRB":0.5163789586,"AST":0.5686268832,"STL":0.350994394,"BLK":0.3012906751,"TOV":-0.6314572628,"3P":0.3563618212,"PTS":0.6646626834,"Avg $":1.0}}