{"d_FG%":{"d_FG%":1.0,"d_FT%":-0.0609462762,"FG%":0.4309435892,"FT%":0.031071701,"TRB":0.6199774407,"AST":0.1203108106,"STL":0.1288954114,"BLK":0.5465208597,"TOV":-0.2418207085,"3P":-0.182714206,"PTS":0.328533674,"Avg $":0.3707625284},"d_FT%":{"d_FG%":-0.0609462762,"d_FT%":1.0,"FG%":-0.0275181104,"FT%":0.3225258483,"TRB":0.099850218,"AST":0.4926420415,"STL":0.2866088208,"BLK":-0.0371130637,"TOV":-0.4517905592,"3P":0.523209148,"PTS":0.5594616462,"Avg $":0.4528146523},"FG%":{"d_FG%":0.4309435892,"d_FT%":-0.0275181104,"FG%":1.0,"FT%":0.2553464204,"TRB":0.4031628315,"AST":0.0944979614,"STL":0.1325132297,"BLK":0.3967351598,"TOV":-0.1756843603,"3P":0.017475528,"PTS":0.2798312475,"Avg $":0.1229433319},"FT%":{"d_FG%":0.031071701,"d_FT%":0.3225258483,"FG%":0.2553464204,"FT%":1.0,"TRB":0.2927059577,"AST":0.3588368476,"STL":0.3636667304,"BLK":0.176794293,"TOV":-0.3525892983,"3P":0.4334736093,"PTS":0.4633039255,"Avg $":0.1666097831},"TRB":{"d_FG%":0.6199774407,"d_FT%":0.099850218,"FG%":0.4031628315,"FT%":0.2927059577,"TRB":1.0,"AST":0.4389420171,"STL":0.4664924769,"BLK":0.7040282082,"TOV":-0.5994742606,"3P":0.2413733943,"PTS":0.6633431996,"Avg $":0.5145516063},"AST":{"d_FG%":0.1203108106,"d_FT%":0.4926420415,"FG%":0.0944979614,"FT%":0.3588368476,"TRB":0.4389420171,"AST":1.0,"STL":0.6889259529,"BLK":0.1730864994,"TOV":-0.8673047905,"3P":0.5642283557,"PTS":0.7548123178,"Avg $":0.5704380496},"STL":{"d_FG%":0.1288954114,"d_FT%":0.2866088208,"FG%":0.1325132297,"FT%":0.3636667304,"TRB":0.4664924769,"AST":0.6889259529,"STL":1.0,"BLK":0.3376762648,"TOV":-0.6632041315,"3P":0.511954456,"PTS":0.6325543518,"Avg $":0.3748651202},"BLK":{"d_FG%":0.5465208597,"d_FT%":-0.0371130637,"FG%":0.3967351598,"FT%":0.176794293,"TRB":0.7040282082,"AST":0.1730864994,"STL":0.3376762648,"BLK":1.0,"TOV":-0.3285346984,"3P":0.0495479208,"PTS":0.3935734674,"Avg $":0.3303119444},"TOV":{"d_FG%":-0.2418207085,"d_FT%":-0.4517905592,"FG%":-0.1756843603,"FT%":-0.3525892983,"TRB":-0.5994742606,"AST":-0.8673047905,"STL":-0.6632041315,"BLK":-0.3285346984,"TOV":1.0,"3P":-0.5598970147,"PTS":-0.8432726129,"Avg $":-0.639942847},"3P":{"d_FG%":-0.182714206,"d_FT%":0.523209148,"FG%":0.017475528,"FT%":0.4334736093,"TRB":0.2413733943,"AST":0.5642283557,"STL":0.511954456,"BLK":0.0495479208,"TOV":-0.5598970147,"3P":1.0,"PTS":0.72904814,"Avg $":0.3567976438},"PTS":{"d_FG%":0.328533674,"d_FT%":0.5594616462,"FG%":0.2798312475,"FT%":0.4633039255,"TRB":0.6633431996,"AST":0.7548123178,"STL":0.6325543518,"BLK":0.3935734674,"TOV":-0.8432726129,"3P":0.72904814,"PTS":1.0,"Avg $":0.6708713436},"Avg $":{"d_FG%":0.3707625284,"d_FT%":0.4528146523,"FG%":0.1229433319,"FT%":0.1666097831,"TRB":0.5145516063,"AST":0.5704380496,"STL":0.3748651202,"BLK":0.3303119444,"TOV":-0.639942847,"3P":0.3567976438,"PTS":0.6708713436,"Avg $":1.0}}