{"d_FG%":{"d_FG%":1.0,"d_FT%":-0.0657064133,"FG%":0.4319366221,"FT%":0.0411672783,"TRB":0.631916498,"AST":0.1335548366,"STL":0.1383361705,"BLK":0.5498325775,"TOV":-0.2543013109,"3P":-0.1602304073,"PTS":0.3455278747,"Avg $":0.3747150399},"d_FT%":{"d_FG%":-0.0657064133,"d_FT%":1.0,"FG%":-0.0284990971,"FT%":0.3184941551,"TRB":0.091051845,"AST":0.4792100512,"STL":0.2775837806,"BLK":-0.0393866185,"TOV":-0.4356981897,"3P":0.5206898274,"PTS":0.5414129919,"Avg $":0.4417718715},"FG%":{"d_FG%":0.4319366221,"d_FT%":-0.0284990971,"FG%":1.0,"FT%":0.2835421617,"TRB":0.4054545088,"AST":0.1050203133,"STL":0.1477815197,"BLK":0.3954581293,"TOV":-0.1868616429,"3P":0.0320400243,"PTS":0.2901829084,"Avg $":0.1272185356},"FT%":{"d_FG%":0.0411672783,"d_FT%":0.3184941551,"FG%":0.2835421617,"FT%":1.0,"TRB":0.3077702646,"AST":0.3626978677,"STL":0.3688717335,"BLK":0.1868533774,"TOV":-0.3544346523,"3P":0.4505460606,"PTS":0.4688881696,"Avg $":0.1657745917},"TRB":{"d_FG%":0.631916498,"d_FT%":0.091051845,"FG%":0.4054545088,"FT%":0.3077702646,"TRB":1.0,"AST":0.4500106075,"STL":0.4878665722,"BLK":0.7024657231,"TOV":-0.6200022414,"3P":0.2629453383,"PTS":0.6764677314,"Avg $":0.5221312166},"AST":{"d_FG%":0.1335548366,"d_FT%":0.4792100512,"FG%":0.1050203133,"FT%":0.3626978677,"TRB":0.4500106075,"AST":1.0,"STL":0.6875825035,"BLK":0.1795701014,"TOV":-0.8672932205,"3P":0.5709369937,"PTS":0.755353874,"Avg $":0.5723129214},"STL":{"d_FG%":0.1383361705,"d_FT%":0.2775837806,"FG%":0.1477815197,"FT%":0.3688717335,"TRB":0.4878665722,"AST":0.6875825035,"STL":1.0,"BLK":0.3437938065,"TOV":-0.6570555381,"3P":0.5145363402,"PTS":0.6355662238,"Avg $":0.3775087199},"BLK":{"d_FG%":0.5498325775,"d_FT%":-0.0393866185,"FG%":0.3954581293,"FT%":0.1868533774,"TRB":0.7024657231,"AST":0.1795701014,"STL":0.3437938065,"BLK":1.0,"TOV":-0.3431239767,"3P":0.0630699915,"PTS":0.4037797,"Avg $":0.3365146813},"TOV":{"d_FG%":-0.2543013109,"d_FT%":-0.4356981897,"FG%":-0.1868616429,"FT%":-0.3544346523,"TRB":-0.6200022414,"AST":-0.8672932205,"STL":-0.6570555381,"BLK":-0.3431239767,"TOV":1.0,"3P":-0.5596771597,"PTS":-0.8412852263,"Avg $":-0.6395078515},"3P":{"d_FG%":-0.1602304073,"d_FT%":0.5206898274,"FG%":0.0320400243,"FT%":0.4505460606,"TRB":0.2629453383,"AST":0.5709369937,"STL":0.5145363402,"BLK":0.0630699915,"TOV":-0.5596771597,"3P":1.0,"PTS":0.7364751407,"Avg $":0.361222722},"PTS":{"d_FG%":0.3455278747,"d_FT%":0.5414129919,"FG%":0.2901829084,"FT%":0.4688881696,"TRB":0.6764677314,"AST":0.755353874,"STL":0.6355662238,"BLK":0.4037797,"TOV":-0.8412852263,"3P":0.7364751407,"PTS":1.0,"Avg $":0.6704621284},"Avg $":{"d_FG%":0.3747150399,"d_FT%":0.4417718715,"FG%":0.1272185356,"FT%":0.1657745917,"TRB":0.5221312166,"AST":0.5723129214,"STL":0.3775087199,"BLK":0.3365146813,"TOV":-0.6395078515,"3P":0.361222722,"PTS":0.6704621284,"Avg $":1.0}}