{"d_FG%":{"d_FG%":1.0,"d_FT%":-0.1264342199,"FG%":0.4084753854,"FT%":0.0338015025,"TRB":0.5678086923,"AST":0.1083156705,"STL":0.117927938,"BLK":0.4901463618,"TOV":-0.2121297817,"3P":-0.1557581425,"PTS":0.3060568811,"Avg $":0.3182087492},"d_FT%":{"d_FG%":-0.1264342199,"d_FT%":1.0,"FG%":-0.0316011304,"FT%":0.3285494884,"TRB":0.060560496,"AST":0.4451727342,"STL":0.2451166723,"BLK":-0.0308213487,"TOV":-0.4179033631,"3P":0.5099009927,"PTS":0.5254260889,"Avg $":0.4246648033},"FG%":{"d_FG%":0.4084753854,"d_FT%":-0.0316011304,"FG%":1.0,"FT%":0.2107198674,"TRB":0.3499334203,"AST":0.0903054261,"STL":0.1394267804,"BLK":0.329806317,"TOV":-0.1624641158,"3P":0.0518065212,"PTS":0.2733695815,"Avg $":0.1112475967},"FT%":{"d_FG%":0.0338015025,"d_FT%":0.3285494884,"FG%":0.2107198674,"FT%":1.0,"TRB":0.3023271158,"AST":0.3368286455,"STL":0.3441200148,"BLK":0.1513667943,"TOV":-0.3431050541,"3P":0.4193299263,"PTS":0.4592622096,"Avg $":0.1668849266},"TRB":{"d_FG%":0.5678086923,"d_FT%":0.060560496,"FG%":0.3499334203,"FT%":0.3023271158,"TRB":1.0,"AST":0.4595558846,"STL":0.4799153815,"BLK":0.6600516697,"TOV":-0.6028496582,"3P":0.2726472584,"PTS":0.6742912312,"Avg $":0.5212411717},"AST":{"d_FG%":0.1083156705,"d_FT%":0.4451727342,"FG%":0.0903054261,"FT%":0.3368286455,"TRB":0.4595558846,"AST":1.0,"STL":0.6480752081,"BLK":0.1808021859,"TOV":-0.8500976121,"3P":0.5524530325,"PTS":0.747749091,"Avg $":0.5774920762},"STL":{"d_FG%":0.117927938,"d_FT%":0.2451166723,"FG%":0.1394267804,"FT%":0.3441200148,"TRB":0.4799153815,"AST":0.6480752081,"STL":1.0,"BLK":0.3702683444,"TOV":-0.623421339,"3P":0.498948654,"PTS":0.6229890982,"Avg $":0.3722294612},"BLK":{"d_FG%":0.4901463618,"d_FT%":-0.0308213487,"FG%":0.329806317,"FT%":0.1513667943,"TRB":0.6600516697,"AST":0.1808021859,"STL":0.3702683444,"BLK":1.0,"TOV":-0.3084352031,"3P":0.0939938404,"PTS":0.3874687561,"Avg $":0.3178099364},"TOV":{"d_FG%":-0.2121297817,"d_FT%":-0.4179033631,"FG%":-0.1624641158,"FT%":-0.3431050541,"TRB":-0.6028496582,"AST":-0.8500976121,"STL":-0.623421339,"BLK":-0.3084352031,"TOV":1.0,"3P":-0.5602769367,"PTS":-0.8298192173,"Avg $":-0.6448691287},"3P":{"d_FG%":-0.1557581425,"d_FT%":0.5099009927,"FG%":0.0518065212,"FT%":0.4193299263,"TRB":0.2726472584,"AST":0.5524530325,"STL":0.498948654,"BLK":0.0939938404,"TOV":-0.5602769367,"3P":1.0,"PTS":0.7383406492,"Avg $":0.3571308597},"PTS":{"d_FG%":0.3060568811,"d_FT%":0.5254260889,"FG%":0.2733695815,"FT%":0.4592622096,"TRB":0.6742912312,"AST":0.747749091,"STL":0.6229890982,"BLK":0.3874687561,"TOV":-0.8298192173,"3P":0.7383406492,"PTS":1.0,"Avg $":0.6691449053},"Avg $":{"d_FG%":0.3182087492,"d_FT%":0.4246648033,"FG%":0.1112475967,"FT%":0.1668849266,"TRB":0.5212411717,"AST":0.5774920762,"STL":0.3722294612,"BLK":0.3178099364,"TOV":-0.6448691287,"3P":0.3571308597,"PTS":0.6691449053,"Avg $":1.0}}