{"d_FG%":{"d_FG%":1.0,"d_FT%":0.0344758685,"FG%":0.5063048891,"FT%":0.0465082745,"TRB":0.6149452032,"AST":0.2256473776,"STL":0.2164324969,"BLK":0.4656452938,"TOV":-0.3734333762,"3P":-0.0209070473,"PTS":0.4607961883,"Avg $":0.4758078996},"d_FT%":{"d_FG%":0.0344758685,"d_FT%":1.0,"FG%":-0.0021689776,"FT%":0.3642981576,"TRB":0.0635790525,"AST":0.4493888252,"STL":0.2716478597,"BLK":-0.087644261,"TOV":-0.3766008224,"3P":0.5230870394,"PTS":0.5348122867,"Avg $":0.47115529},"FG%":{"d_FG%":0.5063048891,"d_FT%":-0.0021689776,"FG%":1.0,"FT%":0.1767281808,"TRB":0.4301019981,"AST":0.1425322156,"STL":0.2460535791,"BLK":0.3220407075,"TOV":-0.1705674267,"3P":0.0824343942,"PTS":0.3288388763,"Avg $":0.1799789141},"FT%":{"d_FG%":0.0465082745,"d_FT%":0.3642981576,"FG%":0.1767281808,"FT%":1.0,"TRB":0.1996487286,"AST":0.2927572057,"STL":0.3360986936,"BLK":-0.0395660204,"TOV":-0.2297029383,"3P":0.4189016458,"PTS":0.4021274288,"Avg $":0.178572422},"TRB":{"d_FG%":0.6149452032,"d_FT%":0.0635790525,"FG%":0.4301019981,"FT%":0.1996487286,"TRB":1.0,"AST":0.4213381571,"STL":0.4792476419,"BLK":0.618012162,"TOV":-0.5919488991,"3P":0.2238562936,"PTS":0.6391237271,"Avg $":0.5306296685},"AST":{"d_FG%":0.2256473776,"d_FT%":0.4493888252,"FG%":0.1425322156,"FT%":0.2927572057,"TRB":0.4213381571,"AST":1.0,"STL":0.6687851401,"BLK":0.0583168803,"TOV":-0.809805038,"3P":0.5172572314,"PTS":0.7388340122,"Avg $":0.6409822499},"STL":{"d_FG%":0.2164324969,"d_FT%":0.2716478597,"FG%":0.2460535791,"FT%":0.3360986936,"TRB":0.4792476419,"AST":0.6687851401,"STL":1.0,"BLK":0.2128897233,"TOV":-0.5815040328,"3P":0.5104513412,"PTS":0.6558846531,"Avg $":0.4266086507},"BLK":{"d_FG%":0.4656452938,"d_FT%":-0.087644261,"FG%":0.3220407075,"FT%":-0.0395660204,"TRB":0.618012162,"AST":0.0583168803,"STL":0.2128897233,"BLK":1.0,"TOV":-0.260565404,"3P":-0.0212479133,"PTS":0.2825440399,"Avg $":0.2909966585},"TOV":{"d_FG%":-0.3734333762,"d_FT%":-0.3766008224,"FG%":-0.1705674267,"FT%":-0.2297029383,"TRB":-0.5919488991,"AST":-0.809805038,"STL":-0.5815040328,"BLK":-0.260565404,"TOV":1.0,"3P":-0.4788207344,"PTS":-0.7989893981,"Avg $":-0.68884911},"3P":{"d_FG%":-0.0209070473,"d_FT%":0.5230870394,"FG%":0.0824343942,"FT%":0.4189016458,"TRB":0.2238562936,"AST":0.5172572314,"STL":0.5104513412,"BLK":-0.0212479133,"TOV":-0.4788207344,"3P":1.0,"PTS":0.7260052079,"Avg $":0.3836499559},"PTS":{"d_FG%":0.4607961883,"d_FT%":0.5348122867,"FG%":0.3288388763,"FT%":0.4021274288,"TRB":0.6391237271,"AST":0.7388340122,"STL":0.6558846531,"BLK":0.2825440399,"TOV":-0.7989893981,"3P":0.7260052079,"PTS":1.0,"Avg $":0.7251789578},"Avg $":{"d_FG%":0.4758078996,"d_FT%":0.47115529,"FG%":0.1799789141,"FT%":0.178572422,"TRB":0.5306296685,"AST":0.6409822499,"STL":0.4266086507,"BLK":0.2909966585,"TOV":-0.68884911,"3P":0.3836499559,"PTS":0.7251789578,"Avg $":1.0}}