{"d_FG%":{"d_FG%":1.0,"d_FT%":-0.0996975645,"FG%":0.4272054007,"FT%":0.0408504646,"TRB":0.6187511828,"AST":0.1476512955,"STL":0.147161687,"BLK":0.5210482406,"TOV":-0.2563529393,"3P":-0.1544425921,"PTS":0.3467847623,"Avg $":0.3562122376},"d_FT%":{"d_FG%":-0.0996975645,"d_FT%":1.0,"FG%":-0.0370520988,"FT%":0.3196524287,"TRB":0.0630025662,"AST":0.4708267072,"STL":0.2593990095,"BLK":-0.0561190856,"TOV":-0.4261511057,"3P":0.5143021311,"PTS":0.5243468138,"Avg $":0.4230288451},"FG%":{"d_FG%":0.4272054007,"d_FT%":-0.0370520988,"FG%":1.0,"FT%":0.2931503607,"TRB":0.4004213058,"AST":0.1180341035,"STL":0.1677874342,"BLK":0.3580282834,"TOV":-0.1956064315,"3P":0.0481637251,"PTS":0.3019047552,"Avg $":0.1240983402},"FT%":{"d_FG%":0.0408504646,"d_FT%":0.3196524287,"FG%":0.2931503607,"FT%":1.0,"TRB":0.3009280911,"AST":0.3522803486,"STL":0.3414589513,"BLK":0.152074232,"TOV":-0.3480312802,"3P":0.4340167596,"PTS":0.4634703995,"Avg $":0.1636185065},"TRB":{"d_FG%":0.6187511828,"d_FT%":0.0630025662,"FG%":0.4004213058,"FT%":0.3009280911,"TRB":1.0,"AST":0.4634674611,"STL":0.4944726021,"BLK":0.6746727811,"TOV":-0.6184631743,"3P":0.2721150764,"PTS":0.6827952772,"Avg $":0.5254169721},"AST":{"d_FG%":0.1476512955,"d_FT%":0.4708267072,"FG%":0.1180341035,"FT%":0.3522803486,"TRB":0.4634674611,"AST":1.0,"STL":0.6671788382,"BLK":0.1734924868,"TOV":-0.863718664,"3P":0.5678676712,"PTS":0.758630231,"Avg $":0.5851088989},"STL":{"d_FG%":0.147161687,"d_FT%":0.2593990095,"FG%":0.1677874342,"FT%":0.3414589513,"TRB":0.4944726021,"AST":0.6671788382,"STL":1.0,"BLK":0.3539264649,"TOV":-0.6471047152,"3P":0.5133104765,"PTS":0.629344049,"Avg $":0.3799397144},"BLK":{"d_FG%":0.5210482406,"d_FT%":-0.0561190856,"FG%":0.3580282834,"FT%":0.152074232,"TRB":0.6746727811,"AST":0.1734924868,"STL":0.3539264649,"BLK":1.0,"TOV":-0.318332584,"3P":0.0820797555,"PTS":0.3928651627,"Avg $":0.3265606922},"TOV":{"d_FG%":-0.2563529393,"d_FT%":-0.4261511057,"FG%":-0.1956064315,"FT%":-0.3480312802,"TRB":-0.6184631743,"AST":-0.863718664,"STL":-0.6471047152,"BLK":-0.318332584,"TOV":1.0,"3P":-0.5591568304,"PTS":-0.8366781681,"Avg $":-0.6441962773},"3P":{"d_FG%":-0.1544425921,"d_FT%":0.5143021311,"FG%":0.0481637251,"FT%":0.4340167596,"TRB":0.2721150764,"AST":0.5678676712,"STL":0.5133104765,"BLK":0.0820797555,"TOV":-0.5591568304,"3P":1.0,"PTS":0.7352255992,"Avg $":0.3586815202},"PTS":{"d_FG%":0.3467847623,"d_FT%":0.5243468138,"FG%":0.3019047552,"FT%":0.4634703995,"TRB":0.6827952772,"AST":0.758630231,"STL":0.629344049,"BLK":0.3928651627,"TOV":-0.8366781681,"3P":0.7352255992,"PTS":1.0,"Avg $":0.6698721792},"Avg $":{"d_FG%":0.3562122376,"d_FT%":0.4230288451,"FG%":0.1240983402,"FT%":0.1636185065,"TRB":0.5254169721,"AST":0.5851088989,"STL":0.3799397144,"BLK":0.3265606922,"TOV":-0.6441962773,"3P":0.3586815202,"PTS":0.6698721792,"Avg $":1.0}}