{"d_FG%":{"d_FG%":1.0,"d_FT%":0.0061299816,"FG%":0.5168503307,"FT%":0.0290354571,"TRB":0.6259231118,"AST":0.2322907073,"STL":0.2120022005,"BLK":0.4865191415,"TOV":-0.3574077267,"3P":-0.048655608,"PTS":0.4497726696,"Avg $":0.4663138116},"d_FT%":{"d_FG%":0.0061299816,"d_FT%":1.0,"FG%":-0.0110479366,"FT%":0.3600954381,"TRB":0.0512094136,"AST":0.4425849179,"STL":0.2955213367,"BLK":-0.1067758142,"TOV":-0.3760017339,"3P":0.5375342445,"PTS":0.5292110591,"Avg $":0.4620032769},"FG%":{"d_FG%":0.5168503307,"d_FT%":-0.0110479366,"FG%":1.0,"FT%":0.2351685252,"TRB":0.4563132649,"AST":0.1589650027,"STL":0.2626402526,"BLK":0.3787188271,"TOV":-0.2103544356,"3P":0.0709715205,"PTS":0.3368457228,"Avg $":0.1790324442},"FT%":{"d_FG%":0.0290354571,"d_FT%":0.3600954381,"FG%":0.2351685252,"FT%":1.0,"TRB":0.1911280088,"AST":0.2898547817,"STL":0.3314821792,"BLK":-0.0155387408,"TOV":-0.2373668673,"3P":0.4252608948,"PTS":0.3900789281,"Avg $":0.1571485955},"TRB":{"d_FG%":0.6259231118,"d_FT%":0.0512094136,"FG%":0.4563132649,"FT%":0.1911280088,"TRB":1.0,"AST":0.424614251,"STL":0.4887896965,"BLK":0.6255745125,"TOV":-0.5832460561,"3P":0.2207064948,"PTS":0.6388717157,"Avg $":0.5227185693},"AST":{"d_FG%":0.2322907073,"d_FT%":0.4425849179,"FG%":0.1589650027,"FT%":0.2898547817,"TRB":0.424614251,"AST":1.0,"STL":0.7028413091,"BLK":0.0751854334,"TOV":-0.8323710771,"3P":0.5296649921,"PTS":0.7491869788,"Avg $":0.6348953037},"STL":{"d_FG%":0.2120022005,"d_FT%":0.2955213367,"FG%":0.2626402526,"FT%":0.3314821792,"TRB":0.4887896965,"AST":0.7028413091,"STL":1.0,"BLK":0.2433660102,"TOV":-0.6298252074,"3P":0.5239097426,"PTS":0.673108249,"Avg $":0.4298019382},"BLK":{"d_FG%":0.4865191415,"d_FT%":-0.1067758142,"FG%":0.3787188271,"FT%":-0.0155387408,"TRB":0.6255745125,"AST":0.0751854334,"STL":0.2433660102,"BLK":1.0,"TOV":-0.2597584874,"3P":-0.0203910799,"PTS":0.2990007183,"Avg $":0.2959514873},"TOV":{"d_FG%":-0.3574077267,"d_FT%":-0.3760017339,"FG%":-0.2103544356,"FT%":-0.2373668673,"TRB":-0.5832460561,"AST":-0.8323710771,"STL":-0.6298252074,"BLK":-0.2597584874,"TOV":1.0,"3P":-0.4976003009,"PTS":-0.8178002494,"Avg $":-0.6789190846},"3P":{"d_FG%":-0.048655608,"d_FT%":0.5375342445,"FG%":0.0709715205,"FT%":0.4252608948,"TRB":0.2207064948,"AST":0.5296649921,"STL":0.5239097426,"BLK":-0.0203910799,"TOV":-0.4976003009,"3P":1.0,"PTS":0.7211164158,"Avg $":0.3874917928},"PTS":{"d_FG%":0.4497726696,"d_FT%":0.5292110591,"FG%":0.3368457228,"FT%":0.3900789281,"TRB":0.6388717157,"AST":0.7491869788,"STL":0.673108249,"BLK":0.2990007183,"TOV":-0.8178002494,"3P":0.7211164158,"PTS":1.0,"Avg $":0.7220468995},"Avg $":{"d_FG%":0.4663138116,"d_FT%":0.4620032769,"FG%":0.1790324442,"FT%":0.1571485955,"TRB":0.5227185693,"AST":0.6348953037,"STL":0.4298019382,"BLK":0.2959514873,"TOV":-0.6789190846,"3P":0.3874917928,"PTS":0.7220468995,"Avg $":1.0}}