{"d_FG%":{"d_FG%":1.0,"d_FT%":-0.1170118476,"FG%":0.4146915688,"FT%":0.038864239,"TRB":0.5807017633,"AST":0.1175917573,"STL":0.1256134216,"BLK":0.5036917354,"TOV":-0.2262821869,"3P":-0.1494384922,"PTS":0.3177923392,"Avg $":0.3170860347},"d_FT%":{"d_FG%":-0.1170118476,"d_FT%":1.0,"FG%":-0.0328643464,"FT%":0.322956589,"TRB":0.0691778491,"AST":0.4663563941,"STL":0.245441903,"BLK":-0.0340910552,"TOV":-0.4332894918,"3P":0.5161963277,"PTS":0.5316399895,"Avg $":0.4422816221},"FG%":{"d_FG%":0.4146915688,"d_FT%":-0.0328643464,"FG%":1.0,"FT%":0.226266849,"TRB":0.3668922998,"AST":0.0969011787,"STL":0.1621735477,"BLK":0.338235633,"TOV":-0.1701560851,"3P":0.0442673325,"PTS":0.2843676705,"Avg $":0.1121084842},"FT%":{"d_FG%":0.038864239,"d_FT%":0.322956589,"FG%":0.226266849,"FT%":1.0,"TRB":0.3094221981,"AST":0.3508107292,"STL":0.3376361943,"BLK":0.1503849016,"TOV":-0.3567193372,"3P":0.4343599199,"PTS":0.4660725501,"Avg $":0.1666838885},"TRB":{"d_FG%":0.5807017633,"d_FT%":0.0691778491,"FG%":0.3668922998,"FT%":0.3094221981,"TRB":1.0,"AST":0.4631025698,"STL":0.492151024,"BLK":0.6704996678,"TOV":-0.6136703643,"3P":0.2782994687,"PTS":0.6796117559,"Avg $":0.5201932425},"AST":{"d_FG%":0.1175917573,"d_FT%":0.4663563941,"FG%":0.0969011787,"FT%":0.3508107292,"TRB":0.4631025698,"AST":1.0,"STL":0.6581510069,"BLK":0.1800228016,"TOV":-0.8537558807,"3P":0.5600454277,"PTS":0.7519980206,"Avg $":0.5816102406},"STL":{"d_FG%":0.1256134216,"d_FT%":0.245441903,"FG%":0.1621735477,"FT%":0.3376361943,"TRB":0.492151024,"AST":0.6581510069,"STL":1.0,"BLK":0.3626124205,"TOV":-0.6339031203,"3P":0.5091049497,"PTS":0.6277222579,"Avg $":0.3782586721},"BLK":{"d_FG%":0.5036917354,"d_FT%":-0.0340910552,"FG%":0.338235633,"FT%":0.1503849016,"TRB":0.6704996678,"AST":0.1800228016,"STL":0.3626124205,"BLK":1.0,"TOV":-0.3196019599,"3P":0.0908065235,"PTS":0.3903466416,"Avg $":0.3142434063},"TOV":{"d_FG%":-0.2262821869,"d_FT%":-0.4332894918,"FG%":-0.1701560851,"FT%":-0.3567193372,"TRB":-0.6136703643,"AST":-0.8537558807,"STL":-0.6339031203,"BLK":-0.3196019599,"TOV":1.0,"3P":-0.5614478265,"PTS":-0.8331943569,"Avg $":-0.646872632},"3P":{"d_FG%":-0.1494384922,"d_FT%":0.5161963277,"FG%":0.0442673325,"FT%":0.4343599199,"TRB":0.2782994687,"AST":0.5600454277,"STL":0.5091049497,"BLK":0.0908065235,"TOV":-0.5614478265,"3P":1.0,"PTS":0.7394388337,"Avg $":0.356448764},"PTS":{"d_FG%":0.3177923392,"d_FT%":0.5316399895,"FG%":0.2843676705,"FT%":0.4660725501,"TRB":0.6796117559,"AST":0.7519980206,"STL":0.6277222579,"BLK":0.3903466416,"TOV":-0.8331943569,"3P":0.7394388337,"PTS":1.0,"Avg $":0.6684214191},"Avg $":{"d_FG%":0.3170860347,"d_FT%":0.4422816221,"FG%":0.1121084842,"FT%":0.1666838885,"TRB":0.5201932425,"AST":0.5816102406,"STL":0.3782586721,"BLK":0.3142434063,"TOV":-0.646872632,"3P":0.356448764,"PTS":0.6684214191,"Avg $":1.0}}