{"d_FG%":{"d_FG%":1.0,"d_FT%":-0.1082302314,"FG%":0.4158122548,"FT%":0.0431187105,"TRB":0.5871023961,"AST":0.1231694435,"STL":0.1244380389,"BLK":0.506395036,"TOV":-0.2325989931,"3P":-0.1553725695,"PTS":0.3206841588,"Avg $":0.3218491061},"d_FT%":{"d_FG%":-0.1082302314,"d_FT%":1.0,"FG%":-0.0301746933,"FT%":0.3237112361,"TRB":0.0765400056,"AST":0.4846113585,"STL":0.2511901923,"BLK":-0.0351916765,"TOV":-0.4443438004,"3P":0.520599922,"PTS":0.5413636407,"Avg $":0.453377764},"FG%":{"d_FG%":0.4158122548,"d_FT%":-0.0301746933,"FG%":1.0,"FT%":0.2386772888,"TRB":0.3739733044,"AST":0.1014332027,"STL":0.1635980866,"BLK":0.3420889437,"TOV":-0.1748950822,"3P":0.0451837487,"PTS":0.2864252821,"Avg $":0.1130777925},"FT%":{"d_FG%":0.0431187105,"d_FT%":0.3237112361,"FG%":0.2386772888,"FT%":1.0,"TRB":0.3085468782,"AST":0.3536512036,"STL":0.3348956953,"BLK":0.1506162873,"TOV":-0.3588155397,"3P":0.4393139031,"PTS":0.469868047,"Avg $":0.1682430377},"TRB":{"d_FG%":0.5871023961,"d_FT%":0.0765400056,"FG%":0.3739733044,"FT%":0.3085468782,"TRB":1.0,"AST":0.4628299854,"STL":0.4907279401,"BLK":0.6752109975,"TOV":-0.6134563499,"3P":0.2759504528,"PTS":0.6806613192,"Avg $":0.5194658886},"AST":{"d_FG%":0.1231694435,"d_FT%":0.4846113585,"FG%":0.1014332027,"FT%":0.3536512036,"TRB":0.4628299854,"AST":1.0,"STL":0.6612127225,"BLK":0.1822766294,"TOV":-0.8574010334,"3P":0.5612075827,"PTS":0.7546125068,"Avg $":0.5822581836},"STL":{"d_FG%":0.1244380389,"d_FT%":0.2511901923,"FG%":0.1635980866,"FT%":0.3348956953,"TRB":0.4907279401,"AST":0.6612127225,"STL":1.0,"BLK":0.3585639523,"TOV":-0.636335721,"3P":0.5096800243,"PTS":0.626399261,"Avg $":0.3788002937},"BLK":{"d_FG%":0.506395036,"d_FT%":-0.0351916765,"FG%":0.3420889437,"FT%":0.1506162873,"TRB":0.6752109975,"AST":0.1822766294,"STL":0.3585639523,"BLK":1.0,"TOV":-0.3231365653,"3P":0.0909612769,"PTS":0.3939705595,"Avg $":0.31549649},"TOV":{"d_FG%":-0.2325989931,"d_FT%":-0.4443438004,"FG%":-0.1748950822,"FT%":-0.3588155397,"TRB":-0.6134563499,"AST":-0.8574010334,"STL":-0.636335721,"BLK":-0.3231365653,"TOV":1.0,"3P":-0.5610245416,"PTS":-0.8352951693,"Avg $":-0.6457597496},"3P":{"d_FG%":-0.1553725695,"d_FT%":0.520599922,"FG%":0.0451837487,"FT%":0.4393139031,"TRB":0.2759504528,"AST":0.5612075827,"STL":0.5096800243,"BLK":0.0909612769,"TOV":-0.5610245416,"3P":1.0,"PTS":0.7376588644,"Avg $":0.3575082671},"PTS":{"d_FG%":0.3206841588,"d_FT%":0.5413636407,"FG%":0.2864252821,"FT%":0.469868047,"TRB":0.6806613192,"AST":0.7546125068,"STL":0.626399261,"BLK":0.3939705595,"TOV":-0.8352951693,"3P":0.7376588644,"PTS":1.0,"Avg $":0.6699587764},"Avg $":{"d_FG%":0.3218491061,"d_FT%":0.453377764,"FG%":0.1130777925,"FT%":0.1682430377,"TRB":0.5194658886,"AST":0.5822581836,"STL":0.3788002937,"BLK":0.31549649,"TOV":-0.6457597496,"3P":0.3575082671,"PTS":0.6699587764,"Avg $":1.0}}