{"d_FG%":{"d_FG%":1.0,"d_FT%":-0.0871967841,"FG%":0.4304688611,"FT%":0.0431189529,"TRB":0.6209522426,"AST":0.146074179,"STL":0.1470510322,"BLK":0.5221814326,"TOV":-0.2524764941,"3P":-0.1616857306,"PTS":0.3433986928,"Avg $":0.3542125941},"d_FT%":{"d_FG%":-0.0871967841,"d_FT%":1.0,"FG%":-0.031789195,"FT%":0.3234136776,"TRB":0.077453393,"AST":0.4808617708,"STL":0.2709507581,"BLK":-0.0422780143,"TOV":-0.4328432603,"3P":0.5185634897,"PTS":0.5398295207,"Avg $":0.4387704401},"FG%":{"d_FG%":0.4304688611,"d_FT%":-0.031789195,"FG%":1.0,"FT%":0.2936522706,"TRB":0.4005030215,"AST":0.1133467324,"STL":0.1681465312,"BLK":0.3725092861,"TOV":-0.1971023524,"3P":0.0383414617,"PTS":0.2965346464,"Avg $":0.1235394456},"FT%":{"d_FG%":0.0431189529,"d_FT%":0.3234136776,"FG%":0.2936522706,"FT%":1.0,"TRB":0.3025918841,"AST":0.3555562711,"STL":0.3543562864,"BLK":0.1568254577,"TOV":-0.3511143574,"3P":0.4330985189,"PTS":0.4653458156,"Avg $":0.1648292855},"TRB":{"d_FG%":0.6209522426,"d_FT%":0.077453393,"FG%":0.4005030215,"FT%":0.3025918841,"TRB":1.0,"AST":0.4621003874,"STL":0.4997673699,"BLK":0.6840394156,"TOV":-0.6181630738,"3P":0.2633218951,"PTS":0.6780802191,"Avg $":0.524629988},"AST":{"d_FG%":0.146074179,"d_FT%":0.4808617708,"FG%":0.1133467324,"FT%":0.3555562711,"TRB":0.4621003874,"AST":1.0,"STL":0.6706175762,"BLK":0.1740465561,"TOV":-0.8674658022,"3P":0.5667539956,"PTS":0.7589915024,"Avg $":0.5849884574},"STL":{"d_FG%":0.1470510322,"d_FT%":0.2709507581,"FG%":0.1681465312,"FT%":0.3543562864,"TRB":0.4997673699,"AST":0.6706175762,"STL":1.0,"BLK":0.353933711,"TOV":-0.6487009664,"3P":0.5129638086,"PTS":0.6334467131,"Avg $":0.3830102344},"BLK":{"d_FG%":0.5221814326,"d_FT%":-0.0422780143,"FG%":0.3725092861,"FT%":0.1568254577,"TRB":0.6840394156,"AST":0.1740465561,"STL":0.353933711,"BLK":1.0,"TOV":-0.3164643842,"3P":0.0763984417,"PTS":0.3943111587,"Avg $":0.3291344775},"TOV":{"d_FG%":-0.2524764941,"d_FT%":-0.4328432603,"FG%":-0.1971023524,"FT%":-0.3511143574,"TRB":-0.6181630738,"AST":-0.8674658022,"STL":-0.6487009664,"BLK":-0.3164643842,"TOV":1.0,"3P":-0.5548174365,"PTS":-0.8364602229,"Avg $":-0.6409285112},"3P":{"d_FG%":-0.1616857306,"d_FT%":0.5185634897,"FG%":0.0383414617,"FT%":0.4330985189,"TRB":0.2633218951,"AST":0.5667539956,"STL":0.5129638086,"BLK":0.0763984417,"TOV":-0.5548174365,"3P":1.0,"PTS":0.7322677497,"Avg $":0.3581196607},"PTS":{"d_FG%":0.3433986928,"d_FT%":0.5398295207,"FG%":0.2965346464,"FT%":0.4653458156,"TRB":0.6780802191,"AST":0.7589915024,"STL":0.6334467131,"BLK":0.3943111587,"TOV":-0.8364602229,"3P":0.7322677497,"PTS":1.0,"Avg $":0.6707991597},"Avg $":{"d_FG%":0.3542125941,"d_FT%":0.4387704401,"FG%":0.1235394456,"FT%":0.1648292855,"TRB":0.524629988,"AST":0.5849884574,"STL":0.3830102344,"BLK":0.3291344775,"TOV":-0.6409285112,"3P":0.3581196607,"PTS":0.6707991597,"Avg $":1.0}}