{"d_FG%":{"d_FG%":1.0,"d_FT%":-0.0897592731,"FG%":0.4210286416,"FT%":0.0455512875,"TRB":0.6121571888,"AST":0.145529591,"STL":0.1501619033,"BLK":0.5222584824,"TOV":-0.2487574063,"3P":-0.1444410111,"PTS":0.3502435633,"Avg $":0.3600830948},"d_FT%":{"d_FG%":-0.0897592731,"d_FT%":1.0,"FG%":-0.0325512344,"FT%":0.3223984038,"TRB":0.0632582499,"AST":0.4730851303,"STL":0.2516398833,"BLK":-0.0526596704,"TOV":-0.425170344,"3P":0.5120373333,"PTS":0.525206512,"Avg $":0.4291357359},"FG%":{"d_FG%":0.4210286416,"d_FT%":-0.0325512344,"FG%":1.0,"FT%":0.2552466413,"TRB":0.3911574009,"AST":0.1138402198,"STL":0.170332435,"BLK":0.3514403348,"TOV":-0.1854608383,"3P":0.0516065737,"PTS":0.2974231881,"Avg $":0.1214563688},"FT%":{"d_FG%":0.0455512875,"d_FT%":0.3223984038,"FG%":0.2552466413,"FT%":1.0,"TRB":0.299038522,"AST":0.3472758798,"STL":0.3291133044,"BLK":0.1498654465,"TOV":-0.3446439401,"3P":0.4296493838,"PTS":0.4601666769,"Avg $":0.1647108865},"TRB":{"d_FG%":0.6121571888,"d_FT%":0.0632582499,"FG%":0.3911574009,"FT%":0.299038522,"TRB":1.0,"AST":0.4600275491,"STL":0.5003985007,"BLK":0.6719877613,"TOV":-0.6142853081,"3P":0.2704450803,"PTS":0.6803542314,"Avg $":0.5218640498},"AST":{"d_FG%":0.145529591,"d_FT%":0.4730851303,"FG%":0.1138402198,"FT%":0.3472758798,"TRB":0.4600275491,"AST":1.0,"STL":0.6669092577,"BLK":0.1737991595,"TOV":-0.8623145519,"3P":0.5642520465,"PTS":0.7566793934,"Avg $":0.5845253172},"STL":{"d_FG%":0.1501619033,"d_FT%":0.2516398833,"FG%":0.170332435,"FT%":0.3291133044,"TRB":0.5003985007,"AST":0.6669092577,"STL":1.0,"BLK":0.3495826263,"TOV":-0.6502381174,"3P":0.5119633391,"PTS":0.6311018602,"Avg $":0.3840033397},"BLK":{"d_FG%":0.5222584824,"d_FT%":-0.0526596704,"FG%":0.3514403348,"FT%":0.1498654465,"TRB":0.6719877613,"AST":0.1737991595,"STL":0.3495826263,"BLK":1.0,"TOV":-0.3144980349,"3P":0.0838467443,"PTS":0.3941448645,"Avg $":0.3239566272},"TOV":{"d_FG%":-0.2487574063,"d_FT%":-0.425170344,"FG%":-0.1854608383,"FT%":-0.3446439401,"TRB":-0.6142853081,"AST":-0.8623145519,"STL":-0.6502381174,"BLK":-0.3144980349,"TOV":1.0,"3P":-0.5569123711,"PTS":-0.8331222793,"Avg $":-0.6421774471},"3P":{"d_FG%":-0.1444410111,"d_FT%":0.5120373333,"FG%":0.0516065737,"FT%":0.4296493838,"TRB":0.2704450803,"AST":0.5642520465,"STL":0.5119633391,"BLK":0.0838467443,"TOV":-0.5569123711,"3P":1.0,"PTS":0.7355236004,"Avg $":0.3577867534},"PTS":{"d_FG%":0.3502435633,"d_FT%":0.525206512,"FG%":0.2974231881,"FT%":0.4601666769,"TRB":0.6803542314,"AST":0.7566793934,"STL":0.6311018602,"BLK":0.3941448645,"TOV":-0.8331222793,"3P":0.7355236004,"PTS":1.0,"Avg $":0.6694733497},"Avg $":{"d_FG%":0.3600830948,"d_FT%":0.4291357359,"FG%":0.1214563688,"FT%":0.1647108865,"TRB":0.5218640498,"AST":0.5845253172,"STL":0.3840033397,"BLK":0.3239566272,"TOV":-0.6421774471,"3P":0.3577867534,"PTS":0.6694733497,"Avg $":1.0}}