{"d_FG%":{"d_FG%":1.0,"d_FT%":-0.0600372956,"FG%":0.5354497764,"FT%":-0.0197133927,"TRB":0.6168291881,"AST":0.1547211686,"STL":0.1534429029,"BLK":0.5067431634,"TOV":-0.2798829128,"3P":-0.1404693793,"PTS":0.3672124533,"Avg $":0.4234622818},"d_FT%":{"d_FG%":-0.0600372956,"d_FT%":1.0,"FG%":-0.0527602232,"FT%":0.3571160249,"TRB":0.0080678072,"AST":0.4181352575,"STL":0.2589120173,"BLK":-0.1323260238,"TOV":-0.3456554911,"3P":0.5151573253,"PTS":0.5032606068,"Avg $":0.4603475591},"FG%":{"d_FG%":0.5354497764,"d_FT%":-0.0527602232,"FG%":1.0,"FT%":0.2299173365,"TRB":0.4570781108,"AST":0.106434013,"STL":0.212339417,"BLK":0.4332253532,"TOV":-0.1294647058,"3P":-0.0082529357,"PTS":0.2882837063,"Avg $":0.1682433251},"FT%":{"d_FG%":-0.0197133927,"d_FT%":0.3571160249,"FG%":0.2299173365,"FT%":1.0,"TRB":0.1562015388,"AST":0.2908711094,"STL":0.3108137936,"BLK":0.0221474881,"TOV":-0.2027055326,"3P":0.401109787,"PTS":0.3584962155,"Avg $":0.1505724093},"TRB":{"d_FG%":0.6168291881,"d_FT%":0.0080678072,"FG%":0.4570781108,"FT%":0.1562015388,"TRB":1.0,"AST":0.418334308,"STL":0.4817027721,"BLK":0.653686844,"TOV":-0.5645953828,"3P":0.2158535686,"PTS":0.6342601687,"Avg $":0.5151050394},"AST":{"d_FG%":0.1547211686,"d_FT%":0.4181352575,"FG%":0.106434013,"FT%":0.2908711094,"TRB":0.418334308,"AST":1.0,"STL":0.70919505,"BLK":0.0788429954,"TOV":-0.8367791887,"3P":0.5331537288,"PTS":0.7434913323,"Avg $":0.617999058},"STL":{"d_FG%":0.1534429029,"d_FT%":0.2589120173,"FG%":0.212339417,"FT%":0.3108137936,"TRB":0.4817027721,"AST":0.70919505,"STL":1.0,"BLK":0.2765646975,"TOV":-0.6173504581,"3P":0.5025044586,"PTS":0.6614969907,"Avg $":0.4156124262},"BLK":{"d_FG%":0.5067431634,"d_FT%":-0.1323260238,"FG%":0.4332253532,"FT%":0.0221474881,"TRB":0.653686844,"AST":0.0788429954,"STL":0.2765646975,"BLK":1.0,"TOV":-0.2505391991,"3P":-0.0043733494,"PTS":0.3167215048,"Avg $":0.2885511184},"TOV":{"d_FG%":-0.2798829128,"d_FT%":-0.3456554911,"FG%":-0.1294647058,"FT%":-0.2027055326,"TRB":-0.5645953828,"AST":-0.8367791887,"STL":-0.6173504581,"BLK":-0.2505391991,"TOV":1.0,"3P":-0.5063055896,"PTS":-0.8119971489,"Avg $":-0.6734898839},"3P":{"d_FG%":-0.1404693793,"d_FT%":0.5151573253,"FG%":-0.0082529357,"FT%":0.401109787,"TRB":0.2158535686,"AST":0.5331537288,"STL":0.5025044586,"BLK":-0.0043733494,"TOV":-0.5063055896,"3P":1.0,"PTS":0.7215302913,"Avg $":0.381887611},"PTS":{"d_FG%":0.3672124533,"d_FT%":0.5032606068,"FG%":0.2882837063,"FT%":0.3584962155,"TRB":0.6342601687,"AST":0.7434913323,"STL":0.6614969907,"BLK":0.3167215048,"TOV":-0.8119971489,"3P":0.7215302913,"PTS":1.0,"Avg $":0.7172910555},"Avg $":{"d_FG%":0.4234622818,"d_FT%":0.4603475591,"FG%":0.1682433251,"FT%":0.1505724093,"TRB":0.5151050394,"AST":0.617999058,"STL":0.4156124262,"BLK":0.2885511184,"TOV":-0.6734898839,"3P":0.381887611,"PTS":0.7172910555,"Avg $":1.0}}