{"d_FG%":{"d_FG%":1.0,"d_FT%":-0.0683079319,"FG%":0.5329760849,"FT%":-0.0250260226,"TRB":0.6131331455,"AST":0.1509341629,"STL":0.1469546424,"BLK":0.5053424951,"TOV":-0.2767134251,"3P":-0.1446277411,"PTS":0.3616917093,"Avg $":0.4207652885},"d_FT%":{"d_FG%":-0.0683079319,"d_FT%":1.0,"FG%":-0.0557705802,"FT%":0.3594740567,"TRB":0.0060625619,"AST":0.4155225515,"STL":0.2573874391,"BLK":-0.1351657534,"TOV":-0.3428851606,"3P":0.5156397539,"PTS":0.5010711561,"Avg $":0.4555377397},"FG%":{"d_FG%":0.5329760849,"d_FT%":-0.0557705802,"FG%":1.0,"FT%":0.2047385257,"TRB":0.4471560578,"AST":0.1007457178,"STL":0.2046870208,"BLK":0.4277999302,"TOV":-0.1286654676,"3P":-0.0153019906,"PTS":0.2819879989,"Avg $":0.1664338279},"FT%":{"d_FG%":-0.0250260226,"d_FT%":0.3594740567,"FG%":0.2047385257,"FT%":1.0,"TRB":0.1429091696,"AST":0.2779499149,"STL":0.3000093977,"BLK":0.0223197635,"TOV":-0.2020366692,"3P":0.3975390251,"PTS":0.3498088259,"Avg $":0.1491807586},"TRB":{"d_FG%":0.6131331455,"d_FT%":0.0060625619,"FG%":0.4471560578,"FT%":0.1429091696,"TRB":1.0,"AST":0.4159640161,"STL":0.4747330248,"BLK":0.6537131824,"TOV":-0.5642427599,"3P":0.2124622161,"PTS":0.6324039568,"Avg $":0.5153929056},"AST":{"d_FG%":0.1509341629,"d_FT%":0.4155225515,"FG%":0.1007457178,"FT%":0.2779499149,"TRB":0.4159640161,"AST":1.0,"STL":0.6965021742,"BLK":0.0733025067,"TOV":-0.8376641241,"3P":0.5296435379,"PTS":0.7415703063,"Avg $":0.620249495},"STL":{"d_FG%":0.1469546424,"d_FT%":0.2573874391,"FG%":0.2046870208,"FT%":0.3000093977,"TRB":0.4747330248,"AST":0.6965021742,"STL":1.0,"BLK":0.2739075921,"TOV":-0.6085554822,"3P":0.5005017019,"PTS":0.6594835051,"Avg $":0.4111957355},"BLK":{"d_FG%":0.5053424951,"d_FT%":-0.1351657534,"FG%":0.4277999302,"FT%":0.0223197635,"TRB":0.6537131824,"AST":0.0733025067,"STL":0.2739075921,"BLK":1.0,"TOV":-0.251114959,"3P":-0.0029650033,"PTS":0.3154282692,"Avg $":0.287764122},"TOV":{"d_FG%":-0.2767134251,"d_FT%":-0.3428851606,"FG%":-0.1286654676,"FT%":-0.2020366692,"TRB":-0.5642427599,"AST":-0.8376641241,"STL":-0.6085554822,"BLK":-0.251114959,"TOV":1.0,"3P":-0.5033517992,"PTS":-0.8102937738,"Avg $":-0.6751670343},"3P":{"d_FG%":-0.1446277411,"d_FT%":0.5156397539,"FG%":-0.0153019906,"FT%":0.3975390251,"TRB":0.2124622161,"AST":0.5296435379,"STL":0.5005017019,"BLK":-0.0029650033,"TOV":-0.5033517992,"3P":1.0,"PTS":0.7210043133,"Avg $":0.3825232197},"PTS":{"d_FG%":0.3616917093,"d_FT%":0.5010711561,"FG%":0.2819879989,"FT%":0.3498088259,"TRB":0.6324039568,"AST":0.7415703063,"STL":0.6594835051,"BLK":0.3154282692,"TOV":-0.8102937738,"3P":0.7210043133,"PTS":1.0,"Avg $":0.7178337667},"Avg $":{"d_FG%":0.4207652885,"d_FT%":0.4555377397,"FG%":0.1664338279,"FT%":0.1491807586,"TRB":0.5153929056,"AST":0.620249495,"STL":0.4111957355,"BLK":0.287764122,"TOV":-0.6751670343,"3P":0.3825232197,"PTS":0.7178337667,"Avg $":1.0}}