{"d_FG%":{"d_FG%":1.0,"d_FT%":-0.0811534062,"FG%":0.4254388445,"FT%":0.0389863232,"TRB":0.6274458752,"AST":0.1252595834,"STL":0.1272044937,"BLK":0.5529291469,"TOV":-0.2453061329,"3P":-0.1705447582,"PTS":0.3352209288,"Avg $":0.3642273518},"d_FT%":{"d_FG%":-0.0811534062,"d_FT%":1.0,"FG%":-0.0309566139,"FT%":0.3195682372,"TRB":0.091732394,"AST":0.4780971473,"STL":0.2666784507,"BLK":-0.0416780653,"TOV":-0.4390035255,"3P":0.5185680462,"PTS":0.5412787431,"Avg $":0.4405074002},"FG%":{"d_FG%":0.4254388445,"d_FT%":-0.0309566139,"FG%":1.0,"FT%":0.2752558475,"TRB":0.4002779994,"AST":0.1014303804,"STL":0.1429198661,"BLK":0.3900835132,"TOV":-0.1864758426,"3P":0.0302434664,"PTS":0.2868580921,"Avg $":0.123548638},"FT%":{"d_FG%":0.0389863232,"d_FT%":0.3195682372,"FG%":0.2752558475,"FT%":1.0,"TRB":0.313802715,"AST":0.3615220101,"STL":0.3671776594,"BLK":0.1921976825,"TOV":-0.36265215,"3P":0.4391399247,"PTS":0.4684196795,"Avg $":0.1684196115},"TRB":{"d_FG%":0.6274458752,"d_FT%":0.091732394,"FG%":0.4002779994,"FT%":0.313802715,"TRB":1.0,"AST":0.4538033252,"STL":0.4854685747,"BLK":0.7049104245,"TOV":-0.6213211469,"3P":0.2613836772,"PTS":0.6788007603,"Avg $":0.5232325516},"AST":{"d_FG%":0.1252595834,"d_FT%":0.4780971473,"FG%":0.1014303804,"FT%":0.3615220101,"TRB":0.4538033252,"AST":1.0,"STL":0.6821947141,"BLK":0.1812046596,"TOV":-0.8690077315,"3P":0.5676091554,"PTS":0.7560687557,"Avg $":0.5745229724},"STL":{"d_FG%":0.1272044937,"d_FT%":0.2666784507,"FG%":0.1429198661,"FT%":0.3671776594,"TRB":0.4854685747,"AST":0.6821947141,"STL":1.0,"BLK":0.3411643889,"TOV":-0.6579777274,"3P":0.5108508969,"PTS":0.6296621679,"Avg $":0.3736634838},"BLK":{"d_FG%":0.5529291469,"d_FT%":-0.0416780653,"FG%":0.3900835132,"FT%":0.1921976825,"TRB":0.7049104245,"AST":0.1812046596,"STL":0.3411643889,"BLK":1.0,"TOV":-0.3396079593,"3P":0.065133936,"PTS":0.4073055451,"Avg $":0.339042329},"TOV":{"d_FG%":-0.2453061329,"d_FT%":-0.4390035255,"FG%":-0.1864758426,"FT%":-0.36265215,"TRB":-0.6213211469,"AST":-0.8690077315,"STL":-0.6579777274,"BLK":-0.3396079593,"TOV":1.0,"3P":-0.557019443,"PTS":-0.8411550774,"Avg $":-0.6366045392},"3P":{"d_FG%":-0.1705447582,"d_FT%":0.5185680462,"FG%":0.0302434664,"FT%":0.4391399247,"TRB":0.2613836772,"AST":0.5676091554,"STL":0.5108508969,"BLK":0.065133936,"TOV":-0.557019443,"3P":1.0,"PTS":0.7342549408,"Avg $":0.357469816},"PTS":{"d_FG%":0.3352209288,"d_FT%":0.5412787431,"FG%":0.2868580921,"FT%":0.4684196795,"TRB":0.6788007603,"AST":0.7560687557,"STL":0.6296621679,"BLK":0.4073055451,"TOV":-0.8411550774,"3P":0.7342549408,"PTS":1.0,"Avg $":0.6692784105},"Avg $":{"d_FG%":0.3642273518,"d_FT%":0.4405074002,"FG%":0.123548638,"FT%":0.1684196115,"TRB":0.5232325516,"AST":0.5745229724,"STL":0.3736634838,"BLK":0.339042329,"TOV":-0.6366045392,"3P":0.357469816,"PTS":0.6692784105,"Avg $":1.0}}