{"d_FG%":{"d_FG%":1.0,"d_FT%":-0.1484111556,"FG%":0.4256317088,"FT%":-0.0134198188,"TRB":0.5095562501,"AST":0.0185859341,"STL":0.0518989515,"BLK":0.4428056952,"TOV":-0.121981986,"3P":-0.2345036108,"PTS":0.2197017009,"Avg $":0.2627154718},"d_FT%":{"d_FG%":-0.1484111556,"d_FT%":1.0,"FG%":-0.0542920185,"FT%":0.3609606058,"TRB":0.020244482,"AST":0.4219286948,"STL":0.251009803,"BLK":-0.1056146677,"TOV":-0.3775062796,"3P":0.4595227905,"PTS":0.4740165581,"Avg $":0.3294764689},"FG%":{"d_FG%":0.4256317088,"d_FT%":-0.0542920185,"FG%":1.0,"FT%":0.1004636424,"TRB":0.3084272654,"AST":0.0668764395,"STL":0.1185866781,"BLK":0.2805278769,"TOV":-0.1475910537,"3P":-0.0017769196,"PTS":0.1971071613,"Avg $":0.0971716908},"FT%":{"d_FG%":-0.0134198188,"d_FT%":0.3609606058,"FG%":0.1004636424,"FT%":1.0,"TRB":0.2676614274,"AST":0.3204729054,"STL":0.3712326251,"BLK":0.12104536,"TOV":-0.348175389,"3P":0.392556279,"PTS":0.4287646646,"Avg $":0.1538244926},"TRB":{"d_FG%":0.5095562501,"d_FT%":0.020244482,"FG%":0.3084272654,"FT%":0.2676614274,"TRB":1.0,"AST":0.4678127251,"STL":0.5000423909,"BLK":0.6701055352,"TOV":-0.6124348521,"3P":0.2656522285,"PTS":0.6753644495,"Avg $":0.5191143857},"AST":{"d_FG%":0.0185859341,"d_FT%":0.4219286948,"FG%":0.0668764395,"FT%":0.3204729054,"TRB":0.4678127251,"AST":1.0,"STL":0.6664146481,"BLK":0.1571613863,"TOV":-0.8576881353,"3P":0.551133399,"PTS":0.7560295891,"Avg $":0.5946325173},"STL":{"d_FG%":0.0518989515,"d_FT%":0.251009803,"FG%":0.1185866781,"FT%":0.3712326251,"TRB":0.5000423909,"AST":0.6664146481,"STL":1.0,"BLK":0.342662393,"TOV":-0.6462828821,"3P":0.5321623877,"PTS":0.6565481124,"Avg $":0.375494132},"BLK":{"d_FG%":0.4428056952,"d_FT%":-0.1056146677,"FG%":0.2805278769,"FT%":0.12104536,"TRB":0.6701055352,"AST":0.1571613863,"STL":0.342662393,"BLK":1.0,"TOV":-0.2816422304,"3P":0.0960244133,"PTS":0.3678643558,"Avg $":0.3028157944},"TOV":{"d_FG%":-0.121981986,"d_FT%":-0.3775062796,"FG%":-0.1475910537,"FT%":-0.348175389,"TRB":-0.6124348521,"AST":-0.8576881353,"STL":-0.6462828821,"BLK":-0.2816422304,"TOV":1.0,"3P":-0.568201702,"PTS":-0.8403017976,"Avg $":-0.6433770533},"3P":{"d_FG%":-0.2345036108,"d_FT%":0.4595227905,"FG%":-0.0017769196,"FT%":0.392556279,"TRB":0.2656522285,"AST":0.551133399,"STL":0.5321623877,"BLK":0.0960244133,"TOV":-0.568201702,"3P":1.0,"PTS":0.735788034,"Avg $":0.3595578212},"PTS":{"d_FG%":0.2197017009,"d_FT%":0.4740165581,"FG%":0.1971071613,"FT%":0.4287646646,"TRB":0.6753644495,"AST":0.7560295891,"STL":0.6565481124,"BLK":0.3678643558,"TOV":-0.8403017976,"3P":0.735788034,"PTS":1.0,"Avg $":0.6667003846},"Avg $":{"d_FG%":0.2627154718,"d_FT%":0.3294764689,"FG%":0.0971716908,"FT%":0.1538244926,"TRB":0.5191143857,"AST":0.5946325173,"STL":0.375494132,"BLK":0.3028157944,"TOV":-0.6433770533,"3P":0.3595578212,"PTS":0.6667003846,"Avg $":1.0}}