{"d_FG%":{"d_FG%":1.0,"d_FT%":-0.1214501258,"FG%":0.4190031402,"FT%":0.0371230331,"TRB":0.598258987,"AST":0.1246100687,"STL":0.137651064,"BLK":0.513835449,"TOV":-0.2328203417,"3P":-0.1584026426,"PTS":0.3262072598,"Avg $":0.3325000982},"d_FT%":{"d_FG%":-0.1214501258,"d_FT%":1.0,"FG%":-0.0393415076,"FT%":0.3249865875,"TRB":0.0715106093,"AST":0.4818555217,"STL":0.2582242129,"BLK":-0.051498959,"TOV":-0.434054013,"3P":0.5214895198,"PTS":0.5324509021,"Avg $":0.4451453856},"FG%":{"d_FG%":0.4190031402,"d_FT%":-0.0393415076,"FG%":1.0,"FT%":0.2477933648,"TRB":0.3806376578,"AST":0.1034863015,"STL":0.155851353,"BLK":0.3429049966,"TOV":-0.1782814172,"3P":0.0461541138,"PTS":0.2900614959,"Avg $":0.1147852268},"FT%":{"d_FG%":0.0371230331,"d_FT%":0.3249865875,"FG%":0.2477933648,"FT%":1.0,"TRB":0.3002270086,"AST":0.3509972715,"STL":0.3350765027,"BLK":0.1449348439,"TOV":-0.3504959399,"3P":0.4317569734,"PTS":0.4622558995,"Avg $":0.165142412},"TRB":{"d_FG%":0.598258987,"d_FT%":0.0715106093,"FG%":0.3806376578,"FT%":0.3002270086,"TRB":1.0,"AST":0.4628374219,"STL":0.497101629,"BLK":0.676643077,"TOV":-0.6171183776,"3P":0.2710943875,"PTS":0.6803953481,"Avg $":0.5220556824},"AST":{"d_FG%":0.1246100687,"d_FT%":0.4818555217,"FG%":0.1034863015,"FT%":0.3509972715,"TRB":0.4628374219,"AST":1.0,"STL":0.6694138982,"BLK":0.1776410291,"TOV":-0.8582325803,"3P":0.5606111881,"PTS":0.7545011985,"Avg $":0.5833110036},"STL":{"d_FG%":0.137651064,"d_FT%":0.2582242129,"FG%":0.155851353,"FT%":0.3350765027,"TRB":0.497101629,"AST":0.6694138982,"STL":1.0,"BLK":0.3573404949,"TOV":-0.6455739253,"3P":0.5178542903,"PTS":0.6357280594,"Avg $":0.3898209202},"BLK":{"d_FG%":0.513835449,"d_FT%":-0.051498959,"FG%":0.3429049966,"FT%":0.1449348439,"TRB":0.676643077,"AST":0.1776410291,"STL":0.3573404949,"BLK":1.0,"TOV":-0.3215006877,"3P":0.086250019,"PTS":0.3948476932,"Avg $":0.3212264229},"TOV":{"d_FG%":-0.2328203417,"d_FT%":-0.434054013,"FG%":-0.1782814172,"FT%":-0.3504959399,"TRB":-0.6171183776,"AST":-0.8582325803,"STL":-0.6455739253,"BLK":-0.3215006877,"TOV":1.0,"3P":-0.5568078782,"PTS":-0.8347076605,"Avg $":-0.6486990894},"3P":{"d_FG%":-0.1584026426,"d_FT%":0.5214895198,"FG%":0.0461541138,"FT%":0.4317569734,"TRB":0.2710943875,"AST":0.5606111881,"STL":0.5178542903,"BLK":0.086250019,"TOV":-0.5568078782,"3P":1.0,"PTS":0.736898803,"Avg $":0.3575783942},"PTS":{"d_FG%":0.3262072598,"d_FT%":0.5324509021,"FG%":0.2900614959,"FT%":0.4622558995,"TRB":0.6803953481,"AST":0.7545011985,"STL":0.6357280594,"BLK":0.3948476932,"TOV":-0.8347076605,"3P":0.736898803,"PTS":1.0,"Avg $":0.6692782875},"Avg $":{"d_FG%":0.3325000982,"d_FT%":0.4451453856,"FG%":0.1147852268,"FT%":0.165142412,"TRB":0.5220556824,"AST":0.5833110036,"STL":0.3898209202,"BLK":0.3212264229,"TOV":-0.6486990894,"3P":0.3575783942,"PTS":0.6692782875,"Avg $":1.0}}