{"d_FG%":{"d_FG%":1.0,"d_FT%":-0.0633786654,"FG%":0.5334787524,"FT%":-0.0209082129,"TRB":0.6131911058,"AST":0.1530899585,"STL":0.1487110154,"BLK":0.503912341,"TOV":-0.2768132143,"3P":-0.1441512484,"PTS":0.3630524325,"Avg $":0.4210127317},"d_FT%":{"d_FG%":-0.0633786654,"d_FT%":1.0,"FG%":-0.0539614602,"FT%":0.3569222056,"TRB":0.0061284126,"AST":0.4181428295,"STL":0.2577176565,"BLK":-0.1351744783,"TOV":-0.3434094824,"3P":0.515786524,"PTS":0.5015104411,"Avg $":0.4577329192},"FG%":{"d_FG%":0.5334787524,"d_FT%":-0.0539614602,"FG%":1.0,"FT%":0.2177528109,"TRB":0.4500028255,"AST":0.103964573,"STL":0.210146522,"BLK":0.4261533829,"TOV":-0.1226646043,"3P":-0.0126491413,"PTS":0.284925796,"Avg $":0.1666116885},"FT%":{"d_FG%":-0.0209082129,"d_FT%":0.3569222056,"FG%":0.2177528109,"FT%":1.0,"TRB":0.1496482592,"AST":0.2828677244,"STL":0.3009850218,"BLK":0.0244342293,"TOV":-0.2016036835,"3P":0.3991817202,"PTS":0.3544329222,"Avg $":0.1500356664},"TRB":{"d_FG%":0.6131911058,"d_FT%":0.0061284126,"FG%":0.4500028255,"FT%":0.1496482592,"TRB":1.0,"AST":0.4178053662,"STL":0.4750337842,"BLK":0.6523539623,"TOV":-0.5617836283,"3P":0.2130505608,"PTS":0.6327948437,"Avg $":0.5144618636},"AST":{"d_FG%":0.1530899585,"d_FT%":0.4181428295,"FG%":0.103964573,"FT%":0.2828677244,"TRB":0.4178053662,"AST":1.0,"STL":0.6967436383,"BLK":0.0746515215,"TOV":-0.8368678402,"3P":0.5311206723,"PTS":0.7426525806,"Avg $":0.6203817573},"STL":{"d_FG%":0.1487110154,"d_FT%":0.2577176565,"FG%":0.210146522,"FT%":0.3009850218,"TRB":0.4750337842,"AST":0.6967436383,"STL":1.0,"BLK":0.2748420771,"TOV":-0.6075697806,"3P":0.5033287649,"PTS":0.661292998,"Avg $":0.4106463382},"BLK":{"d_FG%":0.503912341,"d_FT%":-0.1351744783,"FG%":0.4261533829,"FT%":0.0244342293,"TRB":0.6523539623,"AST":0.0746515215,"STL":0.2748420771,"BLK":1.0,"TOV":-0.2488585513,"3P":-0.0040671887,"PTS":0.3147789128,"Avg $":0.2856668539},"TOV":{"d_FG%":-0.2768132143,"d_FT%":-0.3434094824,"FG%":-0.1226646043,"FT%":-0.2016036835,"TRB":-0.5617836283,"AST":-0.8368678402,"STL":-0.6075697806,"BLK":-0.2488585513,"TOV":1.0,"3P":-0.5037027304,"PTS":-0.8089483769,"Avg $":-0.6741972893},"3P":{"d_FG%":-0.1441512484,"d_FT%":0.515786524,"FG%":-0.0126491413,"FT%":0.3991817202,"TRB":0.2130505608,"AST":0.5311206723,"STL":0.5033287649,"BLK":-0.0040671887,"TOV":-0.5037027304,"3P":1.0,"PTS":0.7213873446,"Avg $":0.3811002792},"PTS":{"d_FG%":0.3630524325,"d_FT%":0.5015104411,"FG%":0.284925796,"FT%":0.3544329222,"TRB":0.6327948437,"AST":0.7426525806,"STL":0.661292998,"BLK":0.3147789128,"TOV":-0.8089483769,"3P":0.7213873446,"PTS":1.0,"Avg $":0.7166750971},"Avg $":{"d_FG%":0.4210127317,"d_FT%":0.4577329192,"FG%":0.1666116885,"FT%":0.1500356664,"TRB":0.5144618636,"AST":0.6203817573,"STL":0.4106463382,"BLK":0.2856668539,"TOV":-0.6741972893,"3P":0.3811002792,"PTS":0.7166750971,"Avg $":1.0}}