{"d_FG%":{"d_FG%":1.0,"d_FT%":-0.1133633126,"FG%":0.4203787676,"FT%":0.0387311638,"TRB":0.6009129431,"AST":0.1269077058,"STL":0.1392940249,"BLK":0.513908691,"TOV":-0.2350274691,"3P":-0.1556961622,"PTS":0.3291627831,"Avg $":0.3365709161},"d_FT%":{"d_FG%":-0.1133633126,"d_FT%":1.0,"FG%":-0.0381897846,"FT%":0.3238172652,"TRB":0.0719283031,"AST":0.4811107824,"STL":0.2605114843,"BLK":-0.0507870743,"TOV":-0.4351603677,"3P":0.518711749,"PTS":0.5327842477,"Avg $":0.4449212384},"FG%":{"d_FG%":0.4203787676,"d_FT%":-0.0381897846,"FG%":1.0,"FT%":0.2528973854,"TRB":0.3817468908,"AST":0.1045901235,"STL":0.1566609634,"BLK":0.343889445,"TOV":-0.1781229502,"3P":0.0481653734,"PTS":0.2913341889,"Avg $":0.1158169068},"FT%":{"d_FG%":0.0387311638,"d_FT%":0.3238172652,"FG%":0.2528973854,"FT%":1.0,"TRB":0.3010951892,"AST":0.3500905034,"STL":0.3367158375,"BLK":0.1479634967,"TOV":-0.3480800138,"3P":0.4306581631,"PTS":0.4613435628,"Avg $":0.1660357175},"TRB":{"d_FG%":0.6009129431,"d_FT%":0.0719283031,"FG%":0.3817468908,"FT%":0.3010951892,"TRB":1.0,"AST":0.4630330938,"STL":0.4974639129,"BLK":0.6766259233,"TOV":-0.6162128923,"3P":0.2699412723,"PTS":0.6799991393,"Avg $":0.5228468692},"AST":{"d_FG%":0.1269077058,"d_FT%":0.4811107824,"FG%":0.1045901235,"FT%":0.3500905034,"TRB":0.4630330938,"AST":1.0,"STL":0.6698495317,"BLK":0.1763362831,"TOV":-0.8592775913,"3P":0.5609417982,"PTS":0.7549391959,"Avg $":0.5828977263},"STL":{"d_FG%":0.1392940249,"d_FT%":0.2605114843,"FG%":0.1566609634,"FT%":0.3367158375,"TRB":0.4974639129,"AST":0.6698495317,"STL":1.0,"BLK":0.3563629884,"TOV":-0.6465912029,"3P":0.5159018601,"PTS":0.6353476835,"Avg $":0.3905000907},"BLK":{"d_FG%":0.513908691,"d_FT%":-0.0507870743,"FG%":0.343889445,"FT%":0.1479634967,"TRB":0.6766259233,"AST":0.1763362831,"STL":0.3563629884,"BLK":1.0,"TOV":-0.3204769192,"3P":0.0851505393,"PTS":0.3929380674,"Avg $":0.3194347305},"TOV":{"d_FG%":-0.2350274691,"d_FT%":-0.4351603677,"FG%":-0.1781229502,"FT%":-0.3480800138,"TRB":-0.6162128923,"AST":-0.8592775913,"STL":-0.6465912029,"BLK":-0.3204769192,"TOV":1.0,"3P":-0.5579011508,"PTS":-0.8348380842,"Avg $":-0.6478124228},"3P":{"d_FG%":-0.1556961622,"d_FT%":0.518711749,"FG%":0.0481653734,"FT%":0.4306581631,"TRB":0.2699412723,"AST":0.5609417982,"STL":0.5159018601,"BLK":0.0851505393,"TOV":-0.5579011508,"3P":1.0,"PTS":0.7370087296,"Avg $":0.3572061267},"PTS":{"d_FG%":0.3291627831,"d_FT%":0.5327842477,"FG%":0.2913341889,"FT%":0.4613435628,"TRB":0.6799991393,"AST":0.7549391959,"STL":0.6353476835,"BLK":0.3929380674,"TOV":-0.8348380842,"3P":0.7370087296,"PTS":1.0,"Avg $":0.6692604614},"Avg $":{"d_FG%":0.3365709161,"d_FT%":0.4449212384,"FG%":0.1158169068,"FT%":0.1660357175,"TRB":0.5228468692,"AST":0.5828977263,"STL":0.3905000907,"BLK":0.3194347305,"TOV":-0.6478124228,"3P":0.3572061267,"PTS":0.6692604614,"Avg $":1.0}}