{"d_FG%":{"d_FG%":1.0,"d_FT%":-0.1036027617,"FG%":0.4220290374,"FT%":0.0418754951,"TRB":0.6049041518,"AST":0.1356962002,"STL":0.1450222383,"BLK":0.5163733751,"TOV":-0.2402968129,"3P":-0.151680851,"PTS":0.3368353623,"Avg $":0.3425952573},"d_FT%":{"d_FG%":-0.1036027617,"d_FT%":1.0,"FG%":-0.0351915202,"FT%":0.3233316017,"TRB":0.0667865366,"AST":0.4788558823,"STL":0.2527147448,"BLK":-0.0504950467,"TOV":-0.4305296144,"3P":0.5137603635,"PTS":0.529184626,"Avg $":0.4386953857},"FG%":{"d_FG%":0.4220290374,"d_FT%":-0.0351915202,"FG%":1.0,"FT%":0.2525158808,"TRB":0.3873568155,"AST":0.112537613,"STL":0.168779114,"BLK":0.3474473241,"TOV":-0.1840127774,"3P":0.0506757148,"PTS":0.2959693403,"Avg $":0.1173753132},"FT%":{"d_FG%":0.0418754951,"d_FT%":0.3233316017,"FG%":0.2525158808,"FT%":1.0,"TRB":0.2983556175,"AST":0.3461458549,"STL":0.3257027401,"BLK":0.1475389705,"TOV":-0.345425113,"3P":0.4290458027,"PTS":0.4599053085,"Avg $":0.1658734189},"TRB":{"d_FG%":0.6049041518,"d_FT%":0.0667865366,"FG%":0.3873568155,"FT%":0.2983556175,"TRB":1.0,"AST":0.460575519,"STL":0.4990712452,"BLK":0.672752596,"TOV":-0.6168002527,"3P":0.2681936591,"PTS":0.6799369961,"Avg $":0.5217640327},"AST":{"d_FG%":0.1356962002,"d_FT%":0.4788558823,"FG%":0.112537613,"FT%":0.3461458549,"TRB":0.460575519,"AST":1.0,"STL":0.6669784118,"BLK":0.1739274434,"TOV":-0.8601800722,"3P":0.5600485849,"PTS":0.7550780707,"Avg $":0.5832113737},"STL":{"d_FG%":0.1450222383,"d_FT%":0.2527147448,"FG%":0.168779114,"FT%":0.3257027401,"TRB":0.4990712452,"AST":0.6669784118,"STL":1.0,"BLK":0.3484827394,"TOV":-0.6479062878,"3P":0.5091770151,"PTS":0.6295648074,"Avg $":0.3863568618},"BLK":{"d_FG%":0.5163733751,"d_FT%":-0.0504950467,"FG%":0.3474473241,"FT%":0.1475389705,"TRB":0.672752596,"AST":0.1739274434,"STL":0.3484827394,"BLK":1.0,"TOV":-0.3171952767,"3P":0.0840228424,"PTS":0.3930877218,"Avg $":0.3221976125},"TOV":{"d_FG%":-0.2402968129,"d_FT%":-0.4305296144,"FG%":-0.1840127774,"FT%":-0.345425113,"TRB":-0.6168002527,"AST":-0.8601800722,"STL":-0.6479062878,"BLK":-0.3171952767,"TOV":1.0,"3P":-0.5574099819,"PTS":-0.834718508,"Avg $":-0.6446910173},"3P":{"d_FG%":-0.151680851,"d_FT%":0.5137603635,"FG%":0.0506757148,"FT%":0.4290458027,"TRB":0.2681936591,"AST":0.5600485849,"STL":0.5091770151,"BLK":0.0840228424,"TOV":-0.5574099819,"3P":1.0,"PTS":0.7356244402,"Avg $":0.3572490001},"PTS":{"d_FG%":0.3368353623,"d_FT%":0.529184626,"FG%":0.2959693403,"FT%":0.4599053085,"TRB":0.6799369961,"AST":0.7550780707,"STL":0.6295648074,"BLK":0.3930877218,"TOV":-0.834718508,"3P":0.7356244402,"PTS":1.0,"Avg $":0.6692424554},"Avg $":{"d_FG%":0.3425952573,"d_FT%":0.4386953857,"FG%":0.1173753132,"FT%":0.1658734189,"TRB":0.5217640327,"AST":0.5832113737,"STL":0.3863568618,"BLK":0.3221976125,"TOV":-0.6446910173,"3P":0.3572490001,"PTS":0.6692424554,"Avg $":1.0}}