{"d_FG%":{"d_FG%":1.0,"d_FT%":-0.0724251699,"FG%":0.4290686387,"FT%":0.0382125636,"TRB":0.631276057,"AST":0.1271618004,"STL":0.1345324223,"BLK":0.553350191,"TOV":-0.2483124131,"3P":-0.1725028892,"PTS":0.3371259726,"Avg $":0.3747700439},"d_FT%":{"d_FG%":-0.0724251699,"d_FT%":1.0,"FG%":-0.0300663199,"FT%":0.3182901516,"TRB":0.0892517722,"AST":0.4832263462,"STL":0.2776888145,"BLK":-0.0424632389,"TOV":-0.4400355916,"3P":0.5199705236,"PTS":0.5429605404,"Avg $":0.4407167222},"FG%":{"d_FG%":0.4290686387,"d_FT%":-0.0300663199,"FG%":1.0,"FT%":0.2818369528,"TRB":0.4019954423,"AST":0.1012080611,"STL":0.1446066891,"BLK":0.3964273241,"TOV":-0.1830560648,"3P":0.0270336521,"PTS":0.2851938063,"Avg $":0.1252249311},"FT%":{"d_FG%":0.0382125636,"d_FT%":0.3182901516,"FG%":0.2818369528,"FT%":1.0,"TRB":0.3097689514,"AST":0.3642011103,"STL":0.3683444444,"BLK":0.1881582536,"TOV":-0.3598791457,"3P":0.4514182808,"PTS":0.4721157558,"Avg $":0.1665334949},"TRB":{"d_FG%":0.631276057,"d_FT%":0.0892517722,"FG%":0.4019954423,"FT%":0.3097689514,"TRB":1.0,"AST":0.448943408,"STL":0.4863489464,"BLK":0.7051739852,"TOV":-0.6180992441,"3P":0.2595852493,"PTS":0.6756976839,"Avg $":0.5217974721},"AST":{"d_FG%":0.1271618004,"d_FT%":0.4832263462,"FG%":0.1012080611,"FT%":0.3642011103,"TRB":0.448943408,"AST":1.0,"STL":0.6854668145,"BLK":0.1801898221,"TOV":-0.8692918484,"3P":0.5708307762,"PTS":0.7569782958,"Avg $":0.5720034509},"STL":{"d_FG%":0.1345324223,"d_FT%":0.2776888145,"FG%":0.1446066891,"FT%":0.3683444444,"TRB":0.4863489464,"AST":0.6854668145,"STL":1.0,"BLK":0.3508782453,"TOV":-0.6621369389,"3P":0.5113370236,"PTS":0.6355561715,"Avg $":0.3773327969},"BLK":{"d_FG%":0.553350191,"d_FT%":-0.0424632389,"FG%":0.3964273241,"FT%":0.1881582536,"TRB":0.7051739852,"AST":0.1801898221,"STL":0.3508782453,"BLK":1.0,"TOV":-0.3428811259,"3P":0.0619310978,"PTS":0.4053369782,"Avg $":0.3381148021},"TOV":{"d_FG%":-0.2483124131,"d_FT%":-0.4400355916,"FG%":-0.1830560648,"FT%":-0.3598791457,"TRB":-0.6180992441,"AST":-0.8692918484,"STL":-0.6621369389,"BLK":-0.3428811259,"TOV":1.0,"3P":-0.560787642,"PTS":-0.8443919309,"Avg $":-0.6397535268},"3P":{"d_FG%":-0.1725028892,"d_FT%":0.5199705236,"FG%":0.0270336521,"FT%":0.4514182808,"TRB":0.2595852493,"AST":0.5708307762,"STL":0.5113370236,"BLK":0.0619310978,"TOV":-0.560787642,"3P":1.0,"PTS":0.7338541548,"Avg $":0.3602202774},"PTS":{"d_FG%":0.3371259726,"d_FT%":0.5429605404,"FG%":0.2851938063,"FT%":0.4721157558,"TRB":0.6756976839,"AST":0.7569782958,"STL":0.6355561715,"BLK":0.4053369782,"TOV":-0.8443919309,"3P":0.7338541548,"PTS":1.0,"Avg $":0.6705287839},"Avg $":{"d_FG%":0.3747700439,"d_FT%":0.4407167222,"FG%":0.1252249311,"FT%":0.1665334949,"TRB":0.5217974721,"AST":0.5720034509,"STL":0.3773327969,"BLK":0.3381148021,"TOV":-0.6397535268,"3P":0.3602202774,"PTS":0.6705287839,"Avg $":1.0}}