{"d_FG%":{"d_FG%":1.0,"d_FT%":-0.0942217346,"FG%":0.4274461677,"FT%":0.0417542193,"TRB":0.6288789986,"AST":0.138325017,"STL":0.1434561548,"BLK":0.528291597,"TOV":-0.2532732649,"3P":-0.1635201684,"PTS":0.3404688867,"Avg $":0.3633361314},"d_FT%":{"d_FG%":-0.0942217346,"d_FT%":1.0,"FG%":-0.0335517039,"FT%":0.3243150014,"TRB":0.0794105531,"AST":0.4734662532,"STL":0.2682382707,"BLK":-0.0458464334,"TOV":-0.4340685168,"3P":0.5216988222,"PTS":0.5361776837,"Avg $":0.4241508185},"FG%":{"d_FG%":0.4274461677,"d_FT%":-0.0335517039,"FG%":1.0,"FT%":0.2933049787,"TRB":0.4016928075,"AST":0.1097867933,"STL":0.1543469471,"BLK":0.3756118614,"TOV":-0.1935126383,"3P":0.0341105908,"PTS":0.2927126439,"Avg $":0.1243740856},"FT%":{"d_FG%":0.0417542193,"d_FT%":0.3243150014,"FG%":0.2933049787,"FT%":1.0,"TRB":0.3091182943,"AST":0.3622521604,"STL":0.363070778,"BLK":0.1621229564,"TOV":-0.3654317677,"3P":0.4387934198,"PTS":0.4720757619,"Avg $":0.1656788025},"TRB":{"d_FG%":0.6288789986,"d_FT%":0.0794105531,"FG%":0.4016928075,"FT%":0.3091182943,"TRB":1.0,"AST":0.4567038541,"STL":0.4966306402,"BLK":0.6881627472,"TOV":-0.621375157,"3P":0.2635659634,"PTS":0.6781992352,"Avg $":0.5249181874},"AST":{"d_FG%":0.138325017,"d_FT%":0.4734662532,"FG%":0.1097867933,"FT%":0.3622521604,"TRB":0.4567038541,"AST":1.0,"STL":0.6769163108,"BLK":0.172527696,"TOV":-0.8665076296,"3P":0.5681138622,"PTS":0.7591928883,"Avg $":0.579469781},"STL":{"d_FG%":0.1434561548,"d_FT%":0.2682382707,"FG%":0.1543469471,"FT%":0.363070778,"TRB":0.4966306402,"AST":0.6769163108,"STL":1.0,"BLK":0.3534931161,"TOV":-0.6538771897,"3P":0.518328284,"PTS":0.6386576681,"Avg $":0.3800670393},"BLK":{"d_FG%":0.528291597,"d_FT%":-0.0458464334,"FG%":0.3756118614,"FT%":0.1621229564,"TRB":0.6881627472,"AST":0.172527696,"STL":0.3534931161,"BLK":1.0,"TOV":-0.3193205373,"3P":0.0794245932,"PTS":0.3945123759,"Avg $":0.3318800252},"TOV":{"d_FG%":-0.2532732649,"d_FT%":-0.4340685168,"FG%":-0.1935126383,"FT%":-0.3654317677,"TRB":-0.621375157,"AST":-0.8665076296,"STL":-0.6538771897,"BLK":-0.3193205373,"TOV":1.0,"3P":-0.5590388314,"PTS":-0.8428755711,"Avg $":-0.6388358028},"3P":{"d_FG%":-0.1635201684,"d_FT%":0.5216988222,"FG%":0.0341105908,"FT%":0.4387934198,"TRB":0.2635659634,"AST":0.5681138622,"STL":0.518328284,"BLK":0.0794245932,"TOV":-0.5590388314,"3P":1.0,"PTS":0.7331649221,"Avg $":0.3561980732},"PTS":{"d_FG%":0.3404688867,"d_FT%":0.5361776837,"FG%":0.2927126439,"FT%":0.4720757619,"TRB":0.6781992352,"AST":0.7591928883,"STL":0.6386576681,"BLK":0.3945123759,"TOV":-0.8428755711,"3P":0.7331649221,"PTS":1.0,"Avg $":0.6684018206},"Avg $":{"d_FG%":0.3633361314,"d_FT%":0.4241508185,"FG%":0.1243740856,"FT%":0.1656788025,"TRB":0.5249181874,"AST":0.579469781,"STL":0.3800670393,"BLK":0.3318800252,"TOV":-0.6388358028,"3P":0.3561980732,"PTS":0.6684018206,"Avg $":1.0}}