{"d_FG%":{"d_FG%":1.0,"d_FT%":-0.0673176093,"FG%":0.4312999004,"FT%":0.0292044959,"TRB":0.6251017876,"AST":0.1160883317,"STL":0.1252675888,"BLK":0.5473324399,"TOV":-0.2438764691,"3P":-0.1819204755,"PTS":0.329951767,"Avg $":0.3728330279},"d_FT%":{"d_FG%":-0.0673176093,"d_FT%":1.0,"FG%":-0.0303254134,"FT%":0.3213223623,"TRB":0.0936223981,"AST":0.4812528991,"STL":0.2777508143,"BLK":-0.0415060748,"TOV":-0.4455291818,"3P":0.5230356561,"PTS":0.5524368276,"Avg $":0.4458522642},"FG%":{"d_FG%":0.4312999004,"d_FT%":-0.0303254134,"FG%":1.0,"FT%":0.2553694958,"TRB":0.402191475,"AST":0.0854959006,"STL":0.1210663668,"BLK":0.3940574,"TOV":-0.1719100391,"3P":0.0099782799,"PTS":0.2758830138,"Avg $":0.1238150327},"FT%":{"d_FG%":0.0292044959,"d_FT%":0.3213223623,"FG%":0.2553694958,"FT%":1.0,"TRB":0.304625218,"AST":0.3648678967,"STL":0.3667970946,"BLK":0.1780499372,"TOV":-0.3531458868,"3P":0.4509758767,"PTS":0.4689382357,"Avg $":0.1644563696},"TRB":{"d_FG%":0.6251017876,"d_FT%":0.0936223981,"FG%":0.402191475,"FT%":0.304625218,"TRB":1.0,"AST":0.4332995432,"STL":0.4662299228,"BLK":0.7001483228,"TOV":-0.6096144505,"3P":0.245532652,"PTS":0.6676977376,"Avg $":0.5173567606},"AST":{"d_FG%":0.1160883317,"d_FT%":0.4812528991,"FG%":0.0854959006,"FT%":0.3648678967,"TRB":0.4332995432,"AST":1.0,"STL":0.6953967533,"BLK":0.1658779648,"TOV":-0.8582318026,"3P":0.56867875,"PTS":0.7491134321,"Avg $":0.5608174362},"STL":{"d_FG%":0.1252675888,"d_FT%":0.2777508143,"FG%":0.1210663668,"FT%":0.3667970946,"TRB":0.4662299228,"AST":0.6953967533,"STL":1.0,"BLK":0.3412269748,"TOV":-0.6571942363,"3P":0.5190061322,"PTS":0.6301156224,"Avg $":0.3699101492},"BLK":{"d_FG%":0.5473324399,"d_FT%":-0.0415060748,"FG%":0.3940574,"FT%":0.1780499372,"TRB":0.7001483228,"AST":0.1658779648,"STL":0.3412269748,"BLK":1.0,"TOV":-0.3365496764,"3P":0.0560565434,"PTS":0.3941153339,"Avg $":0.3299928903},"TOV":{"d_FG%":-0.2438764691,"d_FT%":-0.4455291818,"FG%":-0.1719100391,"FT%":-0.3531458868,"TRB":-0.6096144505,"AST":-0.8582318026,"STL":-0.6571942363,"BLK":-0.3365496764,"TOV":1.0,"3P":-0.5611308736,"PTS":-0.8423652824,"Avg $":-0.6399226976},"3P":{"d_FG%":-0.1819204755,"d_FT%":0.5230356561,"FG%":0.0099782799,"FT%":0.4509758767,"TRB":0.245532652,"AST":0.56867875,"STL":0.5190061322,"BLK":0.0560565434,"TOV":-0.5611308736,"3P":1.0,"PTS":0.7311446111,"Avg $":0.3574099682},"PTS":{"d_FG%":0.329951767,"d_FT%":0.5524368276,"FG%":0.2758830138,"FT%":0.4689382357,"TRB":0.6676977376,"AST":0.7491134321,"STL":0.6301156224,"BLK":0.3941153339,"TOV":-0.8423652824,"3P":0.7311446111,"PTS":1.0,"Avg $":0.6704283586},"Avg $":{"d_FG%":0.3728330279,"d_FT%":0.4458522642,"FG%":0.1238150327,"FT%":0.1644563696,"TRB":0.5173567606,"AST":0.5608174362,"STL":0.3699101492,"BLK":0.3299928903,"TOV":-0.6399226976,"3P":0.3574099682,"PTS":0.6704283586,"Avg $":1.0}}