{"d_FG%":{"d_FG%":1.0,"d_FT%":-0.0583857307,"FG%":0.4210529776,"FT%":0.0168604871,"TRB":0.4740816979,"AST":0.0182543698,"STL":0.0543740527,"BLK":0.3921357626,"TOV":-0.0944682297,"3P":-0.1923852986,"PTS":0.2305337571,"Avg $":0.2547357365},"d_FT%":{"d_FG%":-0.0583857307,"d_FT%":1.0,"FG%":-0.0218010593,"FT%":0.3605204384,"TRB":0.0351486918,"AST":0.3737855162,"STL":0.2186304233,"BLK":-0.0819306317,"TOV":-0.3501303454,"3P":0.4166885369,"PTS":0.4541494021,"Avg $":0.3249954725},"FG%":{"d_FG%":0.4210529776,"d_FT%":-0.0218010593,"FG%":1.0,"FT%":0.2125438929,"TRB":0.3298094057,"AST":0.1012506502,"STL":0.1665968817,"BLK":0.2735857656,"TOV":-0.1787990754,"3P":0.0785215184,"PTS":0.2547219874,"Avg $":0.1024365281},"FT%":{"d_FG%":0.0168604871,"d_FT%":0.3605204384,"FG%":0.2125438929,"FT%":1.0,"TRB":0.32422556,"AST":0.3324475244,"STL":0.3894350369,"BLK":0.1807074052,"TOV":-0.3711792515,"3P":0.3897757789,"PTS":0.4596622924,"Avg $":0.1748405943},"TRB":{"d_FG%":0.4740816979,"d_FT%":0.0351486918,"FG%":0.3298094057,"FT%":0.32422556,"TRB":1.0,"AST":0.4680654755,"STL":0.5066717013,"BLK":0.6474665342,"TOV":-0.6130431141,"3P":0.2924266087,"PTS":0.6818024833,"Avg $":0.525140387},"AST":{"d_FG%":0.0182543698,"d_FT%":0.3737855162,"FG%":0.1012506502,"FT%":0.3324475244,"TRB":0.4680654755,"AST":1.0,"STL":0.656567108,"BLK":0.1690887418,"TOV":-0.8330538032,"3P":0.5434091576,"PTS":0.744334629,"Avg $":0.5864697692},"STL":{"d_FG%":0.0543740527,"d_FT%":0.2186304233,"FG%":0.1665968817,"FT%":0.3894350369,"TRB":0.5066717013,"AST":0.656567108,"STL":1.0,"BLK":0.3757509413,"TOV":-0.6398334256,"3P":0.4900333398,"PTS":0.6394895262,"Avg $":0.3972233315},"BLK":{"d_FG%":0.3921357626,"d_FT%":-0.0819306317,"FG%":0.2735857656,"FT%":0.1807074052,"TRB":0.6474665342,"AST":0.1690887418,"STL":0.3757509413,"BLK":1.0,"TOV":-0.2924886079,"3P":0.1089288833,"PTS":0.3687161183,"Avg $":0.3083795679},"TOV":{"d_FG%":-0.0944682297,"d_FT%":-0.3501303454,"FG%":-0.1787990754,"FT%":-0.3711792515,"TRB":-0.6130431141,"AST":-0.8330538032,"STL":-0.6398334256,"BLK":-0.2924886079,"TOV":1.0,"3P":-0.5876155974,"PTS":-0.8345450223,"Avg $":-0.6310819789},"3P":{"d_FG%":-0.1923852986,"d_FT%":0.4166885369,"FG%":0.0785215184,"FT%":0.3897757789,"TRB":0.2924266087,"AST":0.5434091576,"STL":0.4900333398,"BLK":0.1089288833,"TOV":-0.5876155974,"3P":1.0,"PTS":0.7472204177,"Avg $":0.3735538844},"PTS":{"d_FG%":0.2305337571,"d_FT%":0.4541494021,"FG%":0.2547219874,"FT%":0.4596622924,"TRB":0.6818024833,"AST":0.744334629,"STL":0.6394895262,"BLK":0.3687161183,"TOV":-0.8345450223,"3P":0.7472204177,"PTS":1.0,"Avg $":0.6528556013},"Avg $":{"d_FG%":0.2547357365,"d_FT%":0.3249954725,"FG%":0.1024365281,"FT%":0.1748405943,"TRB":0.525140387,"AST":0.5864697692,"STL":0.3972233315,"BLK":0.3083795679,"TOV":-0.6310819789,"3P":0.3735538844,"PTS":0.6528556013,"Avg $":1.0}}