{"d_FG%":{"d_FG%":1.0,"d_FT%":0.0104997706,"FG%":0.516381834,"FT%":0.0310303516,"TRB":0.626505065,"AST":0.2309963922,"STL":0.2119906874,"BLK":0.4882785271,"TOV":-0.3555807259,"3P":-0.0487402869,"PTS":0.4511778251,"Avg $":0.4646405226},"d_FT%":{"d_FG%":0.0104997706,"d_FT%":1.0,"FG%":-0.0098347935,"FT%":0.3567740052,"TRB":0.0512683611,"AST":0.4402913434,"STL":0.2897976411,"BLK":-0.1073694217,"TOV":-0.3744437909,"3P":0.5340295958,"PTS":0.5268745127,"Avg $":0.4628747616},"FG%":{"d_FG%":0.516381834,"d_FT%":-0.0098347935,"FG%":1.0,"FT%":0.2505207726,"TRB":0.4643118324,"AST":0.1622024971,"STL":0.2714367452,"BLK":0.3920653755,"TOV":-0.2103266957,"3P":0.0755832249,"PTS":0.342482991,"Avg $":0.1785583862},"FT%":{"d_FG%":0.0310303516,"d_FT%":0.3567740052,"FG%":0.2505207726,"FT%":1.0,"TRB":0.1966639968,"AST":0.2917580554,"STL":0.3340730124,"BLK":-0.0013136947,"TOV":-0.2271550085,"3P":0.4267432267,"PTS":0.3903426946,"Avg $":0.1682383029},"TRB":{"d_FG%":0.626505065,"d_FT%":0.0512683611,"FG%":0.4643118324,"FT%":0.1966639968,"TRB":1.0,"AST":0.4248851235,"STL":0.4905622252,"BLK":0.6308759052,"TOV":-0.5812076466,"3P":0.2201322992,"PTS":0.6395056031,"Avg $":0.5234402201},"AST":{"d_FG%":0.2309963922,"d_FT%":0.4402913434,"FG%":0.1622024971,"FT%":0.2917580554,"TRB":0.4248851235,"AST":1.0,"STL":0.7044811158,"BLK":0.075316583,"TOV":-0.8331310099,"3P":0.5293310992,"PTS":0.7489892078,"Avg $":0.6351815003},"STL":{"d_FG%":0.2119906874,"d_FT%":0.2897976411,"FG%":0.2714367452,"FT%":0.3340730124,"TRB":0.4905622252,"AST":0.7044811158,"STL":1.0,"BLK":0.2433120979,"TOV":-0.6321481414,"3P":0.5228355593,"PTS":0.6725076678,"Avg $":0.4276042531},"BLK":{"d_FG%":0.4882785271,"d_FT%":-0.1073694217,"FG%":0.3920653755,"FT%":-0.0013136947,"TRB":0.6308759052,"AST":0.075316583,"STL":0.2433120979,"BLK":1.0,"TOV":-0.2614163084,"3P":-0.0197630823,"PTS":0.3018031866,"Avg $":0.2940398862},"TOV":{"d_FG%":-0.3555807259,"d_FT%":-0.3744437909,"FG%":-0.2103266957,"FT%":-0.2271550085,"TRB":-0.5812076466,"AST":-0.8331310099,"STL":-0.6321481414,"BLK":-0.2614163084,"TOV":1.0,"3P":-0.4975043088,"PTS":-0.817679194,"Avg $":-0.6807062496},"3P":{"d_FG%":-0.0487402869,"d_FT%":0.5340295958,"FG%":0.0755832249,"FT%":0.4267432267,"TRB":0.2201322992,"AST":0.5293310992,"STL":0.5228355593,"BLK":-0.0197630823,"TOV":-0.4975043088,"3P":1.0,"PTS":0.7206276989,"Avg $":0.3862172988},"PTS":{"d_FG%":0.4511778251,"d_FT%":0.5268745127,"FG%":0.342482991,"FT%":0.3903426946,"TRB":0.6395056031,"AST":0.7489892078,"STL":0.6725076678,"BLK":0.3018031866,"TOV":-0.817679194,"3P":0.7206276989,"PTS":1.0,"Avg $":0.7217754802},"Avg $":{"d_FG%":0.4646405226,"d_FT%":0.4628747616,"FG%":0.1785583862,"FT%":0.1682383029,"TRB":0.5234402201,"AST":0.6351815003,"STL":0.4276042531,"BLK":0.2940398862,"TOV":-0.6807062496,"3P":0.3862172988,"PTS":0.7217754802,"Avg $":1.0}}