{"d_FG%":{"d_FG%":1.0,"d_FT%":-0.0882983754,"FG%":0.4267676976,"FT%":0.0401861998,"TRB":0.6217340214,"AST":0.1405914557,"STL":0.1434693899,"BLK":0.5264566692,"TOV":-0.2505551616,"3P":-0.1663223881,"PTS":0.3376899333,"Avg $":0.3519565615},"d_FT%":{"d_FG%":-0.0882983754,"d_FT%":1.0,"FG%":-0.0320164879,"FT%":0.3231915225,"TRB":0.0816892414,"AST":0.4784429587,"STL":0.2705607093,"BLK":-0.040183746,"TOV":-0.4320269237,"3P":0.5222234524,"PTS":0.541537533,"Avg $":0.4402711434},"FG%":{"d_FG%":0.4267676976,"d_FT%":-0.0320164879,"FG%":1.0,"FT%":0.3073929003,"TRB":0.4018943538,"AST":0.1210593217,"STL":0.1672687513,"BLK":0.3780102103,"TOV":-0.2077860675,"3P":0.0389636888,"PTS":0.3005548285,"Avg $":0.1236785231},"FT%":{"d_FG%":0.0401861998,"d_FT%":0.3231915225,"FG%":0.3073929003,"FT%":1.0,"TRB":0.3072032775,"AST":0.3623086281,"STL":0.3627558824,"BLK":0.1617986374,"TOV":-0.3636239071,"3P":0.4375360314,"PTS":0.4709023507,"Avg $":0.1661277027},"TRB":{"d_FG%":0.6217340214,"d_FT%":0.0816892414,"FG%":0.4018943538,"FT%":0.3072032775,"TRB":1.0,"AST":0.4617196118,"STL":0.4993167082,"BLK":0.6867038418,"TOV":-0.6182549602,"3P":0.2648790929,"PTS":0.6776729457,"Avg $":0.5252170139},"AST":{"d_FG%":0.1405914557,"d_FT%":0.4784429587,"FG%":0.1210593217,"FT%":0.3623086281,"TRB":0.4617196118,"AST":1.0,"STL":0.6769071658,"BLK":0.1772276327,"TOV":-0.8684278426,"3P":0.5679854132,"PTS":0.7609749537,"Avg $":0.5827388391},"STL":{"d_FG%":0.1434693899,"d_FT%":0.2705607093,"FG%":0.1672687513,"FT%":0.3627558824,"TRB":0.4993167082,"AST":0.6769071658,"STL":1.0,"BLK":0.3554106018,"TOV":-0.6525985521,"3P":0.5201982203,"PTS":0.6374744486,"Avg $":0.3823833912},"BLK":{"d_FG%":0.5264566692,"d_FT%":-0.040183746,"FG%":0.3780102103,"FT%":0.1617986374,"TRB":0.6867038418,"AST":0.1772276327,"STL":0.3554106018,"BLK":1.0,"TOV":-0.3190371499,"3P":0.078032111,"PTS":0.3964671045,"Avg $":0.3295933924},"TOV":{"d_FG%":-0.2505551616,"d_FT%":-0.4320269237,"FG%":-0.2077860675,"FT%":-0.3636239071,"TRB":-0.6182549602,"AST":-0.8684278426,"STL":-0.6525985521,"BLK":-0.3190371499,"TOV":1.0,"3P":-0.5527943406,"PTS":-0.8383370681,"Avg $":-0.6392739599},"3P":{"d_FG%":-0.1663223881,"d_FT%":0.5222234524,"FG%":0.0389636888,"FT%":0.4375360314,"TRB":0.2648790929,"AST":0.5679854132,"STL":0.5201982203,"BLK":0.078032111,"TOV":-0.5527943406,"3P":1.0,"PTS":0.7324972246,"Avg $":0.3577671897},"PTS":{"d_FG%":0.3376899333,"d_FT%":0.541537533,"FG%":0.3005548285,"FT%":0.4709023507,"TRB":0.6776729457,"AST":0.7609749537,"STL":0.6374744486,"BLK":0.3964671045,"TOV":-0.8383370681,"3P":0.7324972246,"PTS":1.0,"Avg $":0.6704873808},"Avg $":{"d_FG%":0.3519565615,"d_FT%":0.4402711434,"FG%":0.1236785231,"FT%":0.1661277027,"TRB":0.5252170139,"AST":0.5827388391,"STL":0.3823833912,"BLK":0.3295933924,"TOV":-0.6392739599,"3P":0.3577671897,"PTS":0.6704873808,"Avg $":1.0}}