{"d_FG%":{"d_FG%":1.0,"d_FT%":-0.0573755418,"FG%":0.4320932902,"FT%":0.0362065941,"TRB":0.626476881,"AST":0.1167281971,"STL":0.1243678848,"BLK":0.5466326385,"TOV":-0.2417669144,"3P":-0.1764344646,"PTS":0.3352121277,"Avg $":0.373366248},"d_FT%":{"d_FG%":-0.0573755418,"d_FT%":1.0,"FG%":-0.0260655122,"FT%":0.3223849893,"TRB":0.097284227,"AST":0.4827418894,"STL":0.2779489441,"BLK":-0.0355533884,"TOV":-0.4454073423,"3P":0.5243005804,"PTS":0.5568941525,"Avg $":0.4478239943},"FG%":{"d_FG%":0.4320932902,"d_FT%":-0.0260655122,"FG%":1.0,"FT%":0.2660311933,"TRB":0.4052306245,"AST":0.0842084918,"STL":0.1203137762,"BLK":0.3996570172,"TOV":-0.1692309137,"3P":0.0187521077,"PTS":0.2808533453,"Avg $":0.1246100784},"FT%":{"d_FG%":0.0362065941,"d_FT%":0.3223849893,"FG%":0.2660311933,"FT%":1.0,"TRB":0.2965511349,"AST":0.3424635692,"STL":0.3351868081,"BLK":0.1799221643,"TOV":-0.3366434443,"3P":0.4483669811,"PTS":0.4622705647,"Avg $":0.1661189826},"TRB":{"d_FG%":0.626476881,"d_FT%":0.097284227,"FG%":0.4052306245,"FT%":0.2965511349,"TRB":1.0,"AST":0.4290980992,"STL":0.4711663812,"BLK":0.6983916019,"TOV":-0.6059484399,"3P":0.2501657845,"PTS":0.6723811541,"Avg $":0.5148183982},"AST":{"d_FG%":0.1167281971,"d_FT%":0.4827418894,"FG%":0.0842084918,"FT%":0.3424635692,"TRB":0.4290980992,"AST":1.0,"STL":0.6912591102,"BLK":0.1768173756,"TOV":-0.8680953691,"3P":0.5543794586,"PTS":0.7405647789,"Avg $":0.560324852},"STL":{"d_FG%":0.1243678848,"d_FT%":0.2779489441,"FG%":0.1203137762,"FT%":0.3351868081,"TRB":0.4711663812,"AST":0.6912591102,"STL":1.0,"BLK":0.3508273688,"TOV":-0.6644557292,"3P":0.5040794112,"PTS":0.6236278834,"Avg $":0.3669220634},"BLK":{"d_FG%":0.5466326385,"d_FT%":-0.0355533884,"FG%":0.3996570172,"FT%":0.1799221643,"TRB":0.6983916019,"AST":0.1768173756,"STL":0.3508273688,"BLK":1.0,"TOV":-0.3369423754,"3P":0.0597885943,"PTS":0.3994497104,"Avg $":0.3279249958},"TOV":{"d_FG%":-0.2417669144,"d_FT%":-0.4454073423,"FG%":-0.1692309137,"FT%":-0.3366434443,"TRB":-0.6059484399,"AST":-0.8680953691,"STL":-0.6644557292,"BLK":-0.3369423754,"TOV":1.0,"3P":-0.5504678557,"PTS":-0.83708238,"Avg $":-0.634468359},"3P":{"d_FG%":-0.1764344646,"d_FT%":0.5243005804,"FG%":0.0187521077,"FT%":0.4483669811,"TRB":0.2501657845,"AST":0.5543794586,"STL":0.5040794112,"BLK":0.0597885943,"TOV":-0.5504678557,"3P":1.0,"PTS":0.7294161655,"Avg $":0.3573950387},"PTS":{"d_FG%":0.3352121277,"d_FT%":0.5568941525,"FG%":0.2808533453,"FT%":0.4622705647,"TRB":0.6723811541,"AST":0.7405647789,"STL":0.6236278834,"BLK":0.3994497104,"TOV":-0.83708238,"3P":0.7294161655,"PTS":1.0,"Avg $":0.6695986685},"Avg $":{"d_FG%":0.373366248,"d_FT%":0.4478239943,"FG%":0.1246100784,"FT%":0.1661189826,"TRB":0.5148183982,"AST":0.560324852,"STL":0.3669220634,"BLK":0.3279249958,"TOV":-0.634468359,"3P":0.3573950387,"PTS":0.6695986685,"Avg $":1.0}}