{"d_FG%":{"d_FG%":1.0,"d_FT%":-0.1174554918,"FG%":0.4019367403,"FT%":0.0253071581,"TRB":0.5440074235,"AST":0.08680321,"STL":0.0857429088,"BLK":0.4452693437,"TOV":-0.1972212032,"3P":-0.1817300797,"PTS":0.282299777,"Avg $":0.3133311978},"d_FT%":{"d_FG%":-0.1174554918,"d_FT%":1.0,"FG%":-0.0347363703,"FT%":0.3384976108,"TRB":0.0541319003,"AST":0.427966376,"STL":0.2339063367,"BLK":-0.0536253413,"TOV":-0.4033188158,"3P":0.4947142302,"PTS":0.5156556633,"Avg $":0.3880149806},"FG%":{"d_FG%":0.4019367403,"d_FT%":-0.0347363703,"FG%":1.0,"FT%":0.151008826,"TRB":0.3356876141,"AST":0.0819069947,"STL":0.1660284695,"BLK":0.2941808127,"TOV":-0.1562868774,"3P":0.0409224656,"PTS":0.264277643,"Avg $":0.1132820404},"FT%":{"d_FG%":0.0253071581,"d_FT%":0.3384976108,"FG%":0.151008826,"FT%":1.0,"TRB":0.2874228843,"AST":0.3024453676,"STL":0.3002568248,"BLK":0.0977115763,"TOV":-0.3266198058,"3P":0.3890325223,"PTS":0.4417814146,"Avg $":0.161927799},"TRB":{"d_FG%":0.5440074235,"d_FT%":0.0541319003,"FG%":0.3356876141,"FT%":0.2874228843,"TRB":1.0,"AST":0.4595765685,"STL":0.4501566438,"BLK":0.6422762143,"TOV":-0.5987848168,"3P":0.259989614,"PTS":0.6661262424,"Avg $":0.5144116997},"AST":{"d_FG%":0.08680321,"d_FT%":0.427966376,"FG%":0.0819069947,"FT%":0.3024453676,"TRB":0.4595765685,"AST":1.0,"STL":0.6159218473,"BLK":0.164797898,"TOV":-0.8521368772,"3P":0.5406735059,"PTS":0.7401733704,"Avg $":0.5758557094},"STL":{"d_FG%":0.0857429088,"d_FT%":0.2339063367,"FG%":0.1660284695,"FT%":0.3002568248,"TRB":0.4501566438,"AST":0.6159218473,"STL":1.0,"BLK":0.3012908646,"TOV":-0.5986261863,"3P":0.4699264402,"PTS":0.6018806977,"Avg $":0.3433579959},"BLK":{"d_FG%":0.4452693437,"d_FT%":-0.0536253413,"FG%":0.2941808127,"FT%":0.0977115763,"TRB":0.6422762143,"AST":0.164797898,"STL":0.3012908646,"BLK":1.0,"TOV":-0.276846253,"3P":0.0522964004,"PTS":0.3400594426,"Avg $":0.2842533894},"TOV":{"d_FG%":-0.1972212032,"d_FT%":-0.4033188158,"FG%":-0.1562868774,"FT%":-0.3266198058,"TRB":-0.5987848168,"AST":-0.8521368772,"STL":-0.5986261863,"BLK":-0.276846253,"TOV":1.0,"3P":-0.5543814477,"PTS":-0.8300014308,"Avg $":-0.6430044345},"3P":{"d_FG%":-0.1817300797,"d_FT%":0.4947142302,"FG%":0.0409224656,"FT%":0.3890325223,"TRB":0.259989614,"AST":0.5406735059,"STL":0.4699264402,"BLK":0.0522964004,"TOV":-0.5543814477,"3P":1.0,"PTS":0.7317771439,"Avg $":0.3592936981},"PTS":{"d_FG%":0.282299777,"d_FT%":0.5156556633,"FG%":0.264277643,"FT%":0.4417814146,"TRB":0.6661262424,"AST":0.7401733704,"STL":0.6018806977,"BLK":0.3400594426,"TOV":-0.8300014308,"3P":0.7317771439,"PTS":1.0,"Avg $":0.6689458022},"Avg $":{"d_FG%":0.3133311978,"d_FT%":0.3880149806,"FG%":0.1132820404,"FT%":0.161927799,"TRB":0.5144116997,"AST":0.5758557094,"STL":0.3433579959,"BLK":0.2842533894,"TOV":-0.6430044345,"3P":0.3592936981,"PTS":0.6689458022,"Avg $":1.0}}