{"d_FG%":{"d_FG%":1.0,"d_FT%":-0.1177675781,"FG%":0.3971390254,"FT%":0.0009351944,"TRB":0.5170038519,"AST":0.0536518404,"STL":0.0574558096,"BLK":0.4361336352,"TOV":-0.1550948355,"3P":-0.2251750509,"PTS":0.2405641037,"Avg $":0.2870531142},"d_FT%":{"d_FG%":-0.1177675781,"d_FT%":1.0,"FG%":-0.0262133735,"FT%":0.3594399323,"TRB":0.0790155273,"AST":0.4425591033,"STL":0.2460980966,"BLK":-0.0425967759,"TOV":-0.424526253,"3P":0.4905596024,"PTS":0.5346045247,"Avg $":0.3947765729},"FG%":{"d_FG%":0.3971390254,"d_FT%":-0.0262133735,"FG%":1.0,"FT%":0.150865299,"TRB":0.3260525919,"AST":0.0603759855,"STL":0.1104825149,"BLK":0.2731251293,"TOV":-0.1441106153,"3P":0.0507099908,"PTS":0.2409850011,"Avg $":0.1144039785},"FT%":{"d_FG%":0.0009351944,"d_FT%":0.3594399323,"FG%":0.150865299,"FT%":1.0,"TRB":0.285865962,"AST":0.3361221519,"STL":0.3978168982,"BLK":0.1134265316,"TOV":-0.3615022748,"3P":0.4010148178,"PTS":0.4488723534,"Avg $":0.1646357633},"TRB":{"d_FG%":0.5170038519,"d_FT%":0.0790155273,"FG%":0.3260525919,"FT%":0.285865962,"TRB":1.0,"AST":0.4614482393,"STL":0.4725494328,"BLK":0.6696901862,"TOV":-0.5944403691,"3P":0.251467634,"PTS":0.6626207816,"Avg $":0.5077113017},"AST":{"d_FG%":0.0536518404,"d_FT%":0.4425591033,"FG%":0.0603759855,"FT%":0.3361221519,"TRB":0.4614482393,"AST":1.0,"STL":0.6384537051,"BLK":0.1423740857,"TOV":-0.8545830345,"3P":0.5397011746,"PTS":0.741957089,"Avg $":0.5795903344},"STL":{"d_FG%":0.0574558096,"d_FT%":0.2460980966,"FG%":0.1104825149,"FT%":0.3978168982,"TRB":0.4725494328,"AST":0.6384537051,"STL":1.0,"BLK":0.3427233423,"TOV":-0.6126051612,"3P":0.5012047796,"PTS":0.6170406609,"Avg $":0.3546653865},"BLK":{"d_FG%":0.4361336352,"d_FT%":-0.0425967759,"FG%":0.2731251293,"FT%":0.1134265316,"TRB":0.6696901862,"AST":0.1423740857,"STL":0.3427233423,"BLK":1.0,"TOV":-0.2780273381,"3P":0.0699069618,"PTS":0.357459493,"Avg $":0.2926065992},"TOV":{"d_FG%":-0.1550948355,"d_FT%":-0.424526253,"FG%":-0.1441106153,"FT%":-0.3615022748,"TRB":-0.5944403691,"AST":-0.8545830345,"STL":-0.6126051612,"BLK":-0.2780273381,"TOV":1.0,"3P":-0.5520613516,"PTS":-0.8302182464,"Avg $":-0.6407638572},"3P":{"d_FG%":-0.2251750509,"d_FT%":0.4905596024,"FG%":0.0507099908,"FT%":0.4010148178,"TRB":0.251467634,"AST":0.5397011746,"STL":0.5012047796,"BLK":0.0699069618,"TOV":-0.5520613516,"3P":1.0,"PTS":0.7330710401,"Avg $":0.3579711827},"PTS":{"d_FG%":0.2405641037,"d_FT%":0.5346045247,"FG%":0.2409850011,"FT%":0.4488723534,"TRB":0.6626207816,"AST":0.741957089,"STL":0.6170406609,"BLK":0.357459493,"TOV":-0.8302182464,"3P":0.7330710401,"PTS":1.0,"Avg $":0.6663219746},"Avg $":{"d_FG%":0.2870531142,"d_FT%":0.3947765729,"FG%":0.1144039785,"FT%":0.1646357633,"TRB":0.5077113017,"AST":0.5795903344,"STL":0.3546653865,"BLK":0.2926065992,"TOV":-0.6407638572,"3P":0.3579711827,"PTS":0.6663219746,"Avg $":1.0}}