{"d_FG%":{"d_FG%":1.0,"d_FT%":-0.1441068784,"FG%":0.445080782,"FT%":-0.0201865715,"TRB":0.5148354009,"AST":0.0245582082,"STL":0.046612512,"BLK":0.4437654099,"TOV":-0.1284870712,"3P":-0.2511378161,"PTS":0.2182685383,"Avg $":0.2633523836},"d_FT%":{"d_FG%":-0.1441068784,"d_FT%":1.0,"FG%":-0.0499942679,"FT%":0.3665020012,"TRB":0.0406306041,"AST":0.4293113026,"STL":0.2414385514,"BLK":-0.0788187191,"TOV":-0.4072078566,"3P":0.4772889287,"PTS":0.4999784812,"Avg $":0.3525267534},"FG%":{"d_FG%":0.445080782,"d_FT%":-0.0499942679,"FG%":1.0,"FT%":0.1363697003,"TRB":0.3414355993,"AST":0.0698037655,"STL":0.1330103044,"BLK":0.3005918871,"TOV":-0.162937291,"3P":-0.0054333378,"PTS":0.2155493627,"Avg $":0.1062253525},"FT%":{"d_FG%":-0.0201865715,"d_FT%":0.3665020012,"FG%":0.1363697003,"FT%":1.0,"TRB":0.2659555014,"AST":0.3158451167,"STL":0.3710680857,"BLK":0.1033678147,"TOV":-0.3434258958,"3P":0.3834337812,"PTS":0.4209324002,"Avg $":0.1521765499},"TRB":{"d_FG%":0.5148354009,"d_FT%":0.0406306041,"FG%":0.3414355993,"FT%":0.2659555014,"TRB":1.0,"AST":0.4627841904,"STL":0.5057202855,"BLK":0.6656695204,"TOV":-0.6098910388,"3P":0.2521501321,"PTS":0.6710452073,"Avg $":0.5192132599},"AST":{"d_FG%":0.0245582082,"d_FT%":0.4293113026,"FG%":0.0698037655,"FT%":0.3158451167,"TRB":0.4627841904,"AST":1.0,"STL":0.6698137613,"BLK":0.1555968513,"TOV":-0.8601313617,"3P":0.5493648133,"PTS":0.7542338395,"Avg $":0.5935533018},"STL":{"d_FG%":0.046612512,"d_FT%":0.2414385514,"FG%":0.1330103044,"FT%":0.3710680857,"TRB":0.5057202855,"AST":0.6698137613,"STL":1.0,"BLK":0.3386017403,"TOV":-0.6455897169,"3P":0.5277608773,"PTS":0.6549597085,"Avg $":0.3816565038},"BLK":{"d_FG%":0.4437654099,"d_FT%":-0.0788187191,"FG%":0.3005918871,"FT%":0.1033678147,"TRB":0.6656695204,"AST":0.1555968513,"STL":0.3386017403,"BLK":1.0,"TOV":-0.2801438716,"3P":0.0872049966,"PTS":0.3690161774,"Avg $":0.3041544381},"TOV":{"d_FG%":-0.1284870712,"d_FT%":-0.4072078566,"FG%":-0.162937291,"FT%":-0.3434258958,"TRB":-0.6098910388,"AST":-0.8601313617,"STL":-0.6455897169,"BLK":-0.2801438716,"TOV":1.0,"3P":-0.5760062012,"PTS":-0.8488033846,"Avg $":-0.6527980703},"3P":{"d_FG%":-0.2511378161,"d_FT%":0.4772889287,"FG%":-0.0054333378,"FT%":0.3834337812,"TRB":0.2521501321,"AST":0.5493648133,"STL":0.5277608773,"BLK":0.0872049966,"TOV":-0.5760062012,"3P":1.0,"PTS":0.7296658879,"Avg $":0.3572074366},"PTS":{"d_FG%":0.2182685383,"d_FT%":0.4999784812,"FG%":0.2155493627,"FT%":0.4209324002,"TRB":0.6710452073,"AST":0.7542338395,"STL":0.6549597085,"BLK":0.3690161774,"TOV":-0.8488033846,"3P":0.7296658879,"PTS":1.0,"Avg $":0.670282653},"Avg $":{"d_FG%":0.2633523836,"d_FT%":0.3525267534,"FG%":0.1062253525,"FT%":0.1521765499,"TRB":0.5192132599,"AST":0.5935533018,"STL":0.3816565038,"BLK":0.3041544381,"TOV":-0.6527980703,"3P":0.3572074366,"PTS":0.670282653,"Avg $":1.0}}