{"d_FG%":{"d_FG%":1.0,"d_FT%":0.0248717496,"FG%":0.513581066,"FT%":0.0538055083,"TRB":0.6017301688,"AST":0.2067466663,"STL":0.2150612668,"BLK":0.4900077209,"TOV":-0.3609775488,"3P":-0.0067073814,"PTS":0.4632920765,"Avg $":0.4723847969},"d_FT%":{"d_FG%":0.0248717496,"d_FT%":1.0,"FG%":-0.0042306713,"FT%":0.3646879338,"TRB":0.0536622974,"AST":0.4529690616,"STL":0.2474409828,"BLK":-0.0933905188,"TOV":-0.3702219915,"3P":0.5120307408,"PTS":0.5248197514,"Avg $":0.4564986373},"FG%":{"d_FG%":0.513581066,"d_FT%":-0.0042306713,"FG%":1.0,"FT%":0.1887435663,"TRB":0.4289451485,"AST":0.1314789507,"STL":0.2182503431,"BLK":0.3536970089,"TOV":-0.1595369473,"3P":0.0878780793,"PTS":0.3305903289,"Avg $":0.174175301},"FT%":{"d_FG%":0.0538055083,"d_FT%":0.3646879338,"FG%":0.1887435663,"FT%":1.0,"TRB":0.2149161013,"AST":0.2893243638,"STL":0.3318144233,"BLK":0.0029172647,"TOV":-0.2365383674,"3P":0.4117775232,"PTS":0.4013481281,"Avg $":0.1808559975},"TRB":{"d_FG%":0.6017301688,"d_FT%":0.0536622974,"FG%":0.4289451485,"FT%":0.2149161013,"TRB":1.0,"AST":0.4199211387,"STL":0.4798301259,"BLK":0.6291848257,"TOV":-0.5892930797,"3P":0.2346632466,"PTS":0.6367684651,"Avg $":0.5276936126},"AST":{"d_FG%":0.2067466663,"d_FT%":0.4529690616,"FG%":0.1314789507,"FT%":0.2893243638,"TRB":0.4199211387,"AST":1.0,"STL":0.656992763,"BLK":0.0747776672,"TOV":-0.8084424889,"3P":0.5132168473,"PTS":0.7288677163,"Avg $":0.6338411475},"STL":{"d_FG%":0.2150612668,"d_FT%":0.2474409828,"FG%":0.2182503431,"FT%":0.3318144233,"TRB":0.4798301259,"AST":0.656992763,"STL":1.0,"BLK":0.2251632019,"TOV":-0.5702626956,"3P":0.4959392739,"PTS":0.6400560413,"Avg $":0.4171316145},"BLK":{"d_FG%":0.4900077209,"d_FT%":-0.0933905188,"FG%":0.3536970089,"FT%":0.0029172647,"TRB":0.6291848257,"AST":0.0747776672,"STL":0.2251632019,"BLK":1.0,"TOV":-0.2784944142,"3P":-0.0003787919,"PTS":0.3144361273,"Avg $":0.3057905158},"TOV":{"d_FG%":-0.3609775488,"d_FT%":-0.3702219915,"FG%":-0.1595369473,"FT%":-0.2365383674,"TRB":-0.5892930797,"AST":-0.8084424889,"STL":-0.5702626956,"BLK":-0.2784944142,"TOV":1.0,"3P":-0.4751937982,"PTS":-0.786550889,"Avg $":-0.6835184406},"3P":{"d_FG%":-0.0067073814,"d_FT%":0.5120307408,"FG%":0.0878780793,"FT%":0.4117775232,"TRB":0.2346632466,"AST":0.5132168473,"STL":0.4959392739,"BLK":-0.0003787919,"TOV":-0.4751937982,"3P":1.0,"PTS":0.7273316918,"Avg $":0.3845064671},"PTS":{"d_FG%":0.4632920765,"d_FT%":0.5248197514,"FG%":0.3305903289,"FT%":0.4013481281,"TRB":0.6367684651,"AST":0.7288677163,"STL":0.6400560413,"BLK":0.3144361273,"TOV":-0.786550889,"3P":0.7273316918,"PTS":1.0,"Avg $":0.723263707},"Avg $":{"d_FG%":0.4723847969,"d_FT%":0.4564986373,"FG%":0.174175301,"FT%":0.1808559975,"TRB":0.5276936126,"AST":0.6338411475,"STL":0.4171316145,"BLK":0.3057905158,"TOV":-0.6835184406,"3P":0.3845064671,"PTS":0.723263707,"Avg $":1.0}}