{"d_FG%":{"d_FG%":1.0,"d_FT%":-0.1042428179,"FG%":0.4128792114,"FT%":0.0396566915,"TRB":0.5966977863,"AST":0.1300219807,"STL":0.1350785756,"BLK":0.5095832968,"TOV":-0.2331746983,"3P":-0.152902563,"PTS":0.3270649443,"Avg $":0.3337150795},"d_FT%":{"d_FG%":-0.1042428179,"d_FT%":1.0,"FG%":-0.0329686438,"FT%":0.3271513424,"TRB":0.0824360791,"AST":0.4899635906,"STL":0.2663646984,"BLK":-0.0377552603,"TOV":-0.4490154175,"3P":0.5258577065,"PTS":0.5438281661,"Avg $":0.4526918017},"FG%":{"d_FG%":0.4128792114,"d_FT%":-0.0329686438,"FG%":1.0,"FT%":0.2268166055,"TRB":0.3678852041,"AST":0.0988724782,"STL":0.1511447799,"BLK":0.337628504,"TOV":-0.1709182757,"3P":0.0429429963,"PTS":0.2825048181,"Avg $":0.1130481765},"FT%":{"d_FG%":0.0396566915,"d_FT%":0.3271513424,"FG%":0.2268166055,"FT%":1.0,"TRB":0.3065866005,"AST":0.3558392896,"STL":0.3378858575,"BLK":0.1475430387,"TOV":-0.3550555557,"3P":0.4380821774,"PTS":0.4667293004,"Avg $":0.1674280849},"TRB":{"d_FG%":0.5966977863,"d_FT%":0.0824360791,"FG%":0.3678852041,"FT%":0.3065866005,"TRB":1.0,"AST":0.4655516759,"STL":0.4991783425,"BLK":0.6754244838,"TOV":-0.6175615225,"3P":0.2762133393,"PTS":0.6825979269,"Avg $":0.5220307582},"AST":{"d_FG%":0.1300219807,"d_FT%":0.4899635906,"FG%":0.0988724782,"FT%":0.3558392896,"TRB":0.4655516759,"AST":1.0,"STL":0.6675457451,"BLK":0.1803333524,"TOV":-0.8574592248,"3P":0.5633979856,"PTS":0.7561624647,"Avg $":0.584010367},"STL":{"d_FG%":0.1350785756,"d_FT%":0.2663646984,"FG%":0.1511447799,"FT%":0.3378858575,"TRB":0.4991783425,"AST":0.6675457451,"STL":1.0,"BLK":0.360608009,"TOV":-0.6447446895,"3P":0.5159096388,"PTS":0.6353494983,"Avg $":0.3888510925},"BLK":{"d_FG%":0.5095832968,"d_FT%":-0.0377552603,"FG%":0.337628504,"FT%":0.1475430387,"TRB":0.6754244838,"AST":0.1803333524,"STL":0.360608009,"BLK":1.0,"TOV":-0.3222337987,"3P":0.0868485361,"PTS":0.3950101411,"Avg $":0.3192636109},"TOV":{"d_FG%":-0.2331746983,"d_FT%":-0.4490154175,"FG%":-0.1709182757,"FT%":-0.3550555557,"TRB":-0.6175615225,"AST":-0.8574592248,"STL":-0.6447446895,"BLK":-0.3222337987,"TOV":1.0,"3P":-0.5619806964,"PTS":-0.8356618298,"Avg $":-0.6485117795},"3P":{"d_FG%":-0.152902563,"d_FT%":0.5258577065,"FG%":0.0429429963,"FT%":0.4380821774,"TRB":0.2762133393,"AST":0.5633979856,"STL":0.5159096388,"BLK":0.0868485361,"TOV":-0.5619806964,"3P":1.0,"PTS":0.7390258932,"Avg $":0.3600758125},"PTS":{"d_FG%":0.3270649443,"d_FT%":0.5438281661,"FG%":0.2825048181,"FT%":0.4667293004,"TRB":0.6825979269,"AST":0.7561624647,"STL":0.6353494983,"BLK":0.3950101411,"TOV":-0.8356618298,"3P":0.7390258932,"PTS":1.0,"Avg $":0.6698377555},"Avg $":{"d_FG%":0.3337150795,"d_FT%":0.4526918017,"FG%":0.1130481765,"FT%":0.1674280849,"TRB":0.5220307582,"AST":0.584010367,"STL":0.3888510925,"BLK":0.3192636109,"TOV":-0.6485117795,"3P":0.3600758125,"PTS":0.6698377555,"Avg $":1.0}}