{"d_FG%":{"d_FG%":1.0,"d_FT%":-0.0892599483,"FG%":0.4281617286,"FT%":0.0412559218,"TRB":0.6203211122,"AST":0.1406872807,"STL":0.1453981762,"BLK":0.5230744859,"TOV":-0.2511448681,"3P":-0.1655753064,"PTS":0.339172361,"Avg $":0.3513533621},"d_FT%":{"d_FG%":-0.0892599483,"d_FT%":1.0,"FG%":-0.032332775,"FT%":0.3257646998,"TRB":0.0808339182,"AST":0.4780952678,"STL":0.2748018803,"BLK":-0.041956468,"TOV":-0.4336385275,"3P":0.5212146986,"PTS":0.5420204681,"Avg $":0.4394747791},"FG%":{"d_FG%":0.4281617286,"d_FT%":-0.032332775,"FG%":1.0,"FT%":0.2854470073,"TRB":0.398182622,"AST":0.1200158739,"STL":0.1601549652,"BLK":0.3703576852,"TOV":-0.1970066181,"3P":0.0349810135,"PTS":0.2968337239,"Avg $":0.1231426416},"FT%":{"d_FG%":0.0412559218,"d_FT%":0.3257646998,"FG%":0.2854470073,"FT%":1.0,"TRB":0.3049662084,"AST":0.3455313068,"STL":0.3629459859,"BLK":0.1607290723,"TOV":-0.3556682373,"3P":0.4384876383,"PTS":0.4643270992,"Avg $":0.1647297939},"TRB":{"d_FG%":0.6203211122,"d_FT%":0.0808339182,"FG%":0.398182622,"FT%":0.3049662084,"TRB":1.0,"AST":0.4570076988,"STL":0.4985245793,"BLK":0.6860879555,"TOV":-0.6200354912,"3P":0.2645960307,"PTS":0.6769898946,"Avg $":0.5249121821},"AST":{"d_FG%":0.1406872807,"d_FT%":0.4780952678,"FG%":0.1200158739,"FT%":0.3455313068,"TRB":0.4570076988,"AST":1.0,"STL":0.6654495459,"BLK":0.1708431609,"TOV":-0.8628576322,"3P":0.5614977551,"PTS":0.7575126355,"Avg $":0.5810056309},"STL":{"d_FG%":0.1453981762,"d_FT%":0.2748018803,"FG%":0.1601549652,"FT%":0.3629459859,"TRB":0.4985245793,"AST":0.6654495459,"STL":1.0,"BLK":0.3549785671,"TOV":-0.6510369948,"3P":0.5178161427,"PTS":0.6338778429,"Avg $":0.3832809524},"BLK":{"d_FG%":0.5230744859,"d_FT%":-0.041956468,"FG%":0.3703576852,"FT%":0.1607290723,"TRB":0.6860879555,"AST":0.1708431609,"STL":0.3549785671,"BLK":1.0,"TOV":-0.3190880242,"3P":0.0779429003,"PTS":0.393888418,"Avg $":0.3306707442},"TOV":{"d_FG%":-0.2511448681,"d_FT%":-0.4336385275,"FG%":-0.1970066181,"FT%":-0.3556682373,"TRB":-0.6200354912,"AST":-0.8628576322,"STL":-0.6510369948,"BLK":-0.3190880242,"TOV":1.0,"3P":-0.5548137519,"PTS":-0.8371699455,"Avg $":-0.6399705338},"3P":{"d_FG%":-0.1655753064,"d_FT%":0.5212146986,"FG%":0.0349810135,"FT%":0.4384876383,"TRB":0.2645960307,"AST":0.5614977551,"STL":0.5178161427,"BLK":0.0779429003,"TOV":-0.5548137519,"3P":1.0,"PTS":0.7317777027,"Avg $":0.3577323747},"PTS":{"d_FG%":0.339172361,"d_FT%":0.5420204681,"FG%":0.2968337239,"FT%":0.4643270992,"TRB":0.6769898946,"AST":0.7575126355,"STL":0.6338778429,"BLK":0.393888418,"TOV":-0.8371699455,"3P":0.7317777027,"PTS":1.0,"Avg $":0.6708482277},"Avg $":{"d_FG%":0.3513533621,"d_FT%":0.4394747791,"FG%":0.1231426416,"FT%":0.1647297939,"TRB":0.5249121821,"AST":0.5810056309,"STL":0.3832809524,"BLK":0.3306707442,"TOV":-0.6399705338,"3P":0.3577323747,"PTS":0.6708482277,"Avg $":1.0}}