{"d_FG%":{"d_FG%":1.0,"d_FT%":0.0093373947,"FG%":0.5120206149,"FT%":0.0242243788,"TRB":0.6072973199,"AST":0.2134799977,"STL":0.1986004222,"BLK":0.4925349569,"TOV":-0.3401579069,"3P":-0.0675424646,"PTS":0.4310099619,"Avg $":0.4498585116},"d_FT%":{"d_FG%":0.0093373947,"d_FT%":1.0,"FG%":-0.0101726462,"FT%":0.3604667194,"TRB":0.0567108192,"AST":0.4517783598,"STL":0.2910695328,"BLK":-0.0976556613,"TOV":-0.3850690633,"3P":0.5317298827,"PTS":0.5344674023,"Avg $":0.4716749621},"FG%":{"d_FG%":0.5120206149,"d_FT%":-0.0101726462,"FG%":1.0,"FT%":0.237128756,"TRB":0.4672595405,"AST":0.153163383,"STL":0.2727780098,"BLK":0.3856029434,"TOV":-0.1922288476,"3P":0.0571348638,"PTS":0.3384858883,"Avg $":0.1731396559},"FT%":{"d_FG%":0.0242243788,"d_FT%":0.3604667194,"FG%":0.237128756,"FT%":1.0,"TRB":0.204975243,"AST":0.298639847,"STL":0.3399601434,"BLK":-0.001794679,"TOV":-0.2283768604,"3P":0.4243601162,"PTS":0.3978229065,"Avg $":0.169460044},"TRB":{"d_FG%":0.6072973199,"d_FT%":0.0567108192,"FG%":0.4672595405,"FT%":0.204975243,"TRB":1.0,"AST":0.4178218035,"STL":0.5061688019,"BLK":0.6130238747,"TOV":-0.566072456,"3P":0.1982033807,"PTS":0.6398767796,"Avg $":0.5082999949},"AST":{"d_FG%":0.2134799977,"d_FT%":0.4517783598,"FG%":0.153163383,"FT%":0.298639847,"TRB":0.4178218035,"AST":1.0,"STL":0.7013915958,"BLK":0.0786158255,"TOV":-0.8349769643,"3P":0.5267363803,"PTS":0.7477550764,"Avg $":0.6354635154},"STL":{"d_FG%":0.1986004222,"d_FT%":0.2910695328,"FG%":0.2727780098,"FT%":0.3399601434,"TRB":0.5061688019,"AST":0.7013915958,"STL":1.0,"BLK":0.2384877361,"TOV":-0.6254146667,"3P":0.5039396596,"PTS":0.6770113,"Avg $":0.4208345721},"BLK":{"d_FG%":0.4925349569,"d_FT%":-0.0976556613,"FG%":0.3856029434,"FT%":-0.001794679,"TRB":0.6130238747,"AST":0.0786158255,"STL":0.2384877361,"BLK":1.0,"TOV":-0.263699228,"3P":-0.0196321184,"PTS":0.2984180575,"Avg $":0.2969982731},"TOV":{"d_FG%":-0.3401579069,"d_FT%":-0.3850690633,"FG%":-0.1922288476,"FT%":-0.2283768604,"TRB":-0.566072456,"AST":-0.8349769643,"STL":-0.6254146667,"BLK":-0.263699228,"TOV":1.0,"3P":-0.4909904648,"PTS":-0.811464958,"Avg $":-0.6806299668},"3P":{"d_FG%":-0.0675424646,"d_FT%":0.5317298827,"FG%":0.0571348638,"FT%":0.4243601162,"TRB":0.1982033807,"AST":0.5267363803,"STL":0.5039396596,"BLK":-0.0196321184,"TOV":-0.4909904648,"3P":1.0,"PTS":0.7100842582,"Avg $":0.3832753499},"PTS":{"d_FG%":0.4310099619,"d_FT%":0.5344674023,"FG%":0.3384858883,"FT%":0.3978229065,"TRB":0.6398767796,"AST":0.7477550764,"STL":0.6770113,"BLK":0.2984180575,"TOV":-0.811464958,"3P":0.7100842582,"PTS":1.0,"Avg $":0.7161388615},"Avg $":{"d_FG%":0.4498585116,"d_FT%":0.4716749621,"FG%":0.1731396559,"FT%":0.169460044,"TRB":0.5082999949,"AST":0.6354635154,"STL":0.4208345721,"BLK":0.2969982731,"TOV":-0.6806299668,"3P":0.3832753499,"PTS":0.7161388615,"Avg $":1.0}}