{"d_FG%":{"d_FG%":1.0,"d_FT%":-0.0797712874,"FG%":0.4313331132,"FT%":0.0238471198,"TRB":0.6218465968,"AST":0.1139120964,"STL":0.1260195016,"BLK":0.5420568776,"TOV":-0.2379217192,"3P":-0.1823708541,"PTS":0.3293840187,"Avg $":0.3692178403},"d_FT%":{"d_FG%":-0.0797712874,"d_FT%":1.0,"FG%":-0.0363637257,"FT%":0.3141503832,"TRB":0.0743231889,"AST":0.4697889893,"STL":0.2679116072,"BLK":-0.0502090738,"TOV":-0.4274111181,"3P":0.5124279309,"PTS":0.5319231512,"Avg $":0.4305738494},"FG%":{"d_FG%":0.4313331132,"d_FT%":-0.0363637257,"FG%":1.0,"FT%":0.2567446557,"TRB":0.4068328105,"AST":0.0886677694,"STL":0.1248298443,"BLK":0.3984644269,"TOV":-0.1733836975,"3P":0.0178367863,"PTS":0.2835169515,"Avg $":0.1243460767},"FT%":{"d_FG%":0.0238471198,"d_FT%":0.3141503832,"FG%":0.2567446557,"FT%":1.0,"TRB":0.2893971512,"AST":0.3523764836,"STL":0.338591084,"BLK":0.1814441671,"TOV":-0.3422947514,"3P":0.4342334155,"PTS":0.4540555366,"Avg $":0.1581845797},"TRB":{"d_FG%":0.6218465968,"d_FT%":0.0743231889,"FG%":0.4068328105,"FT%":0.2893971512,"TRB":1.0,"AST":0.4316516292,"STL":0.470144364,"BLK":0.695804727,"TOV":-0.6075348955,"3P":0.2480039477,"PTS":0.6723037041,"Avg $":0.5138486615},"AST":{"d_FG%":0.1139120964,"d_FT%":0.4697889893,"FG%":0.0886677694,"FT%":0.3523764836,"TRB":0.4316516292,"AST":1.0,"STL":0.6841480314,"BLK":0.1773087143,"TOV":-0.8658215902,"3P":0.5533980457,"PTS":0.7417901146,"Avg $":0.5626629216},"STL":{"d_FG%":0.1260195016,"d_FT%":0.2679116072,"FG%":0.1248298443,"FT%":0.338591084,"TRB":0.470144364,"AST":0.6841480314,"STL":1.0,"BLK":0.3414584635,"TOV":-0.6555663039,"3P":0.5057845298,"PTS":0.6240311039,"Avg $":0.3714929694},"BLK":{"d_FG%":0.5420568776,"d_FT%":-0.0502090738,"FG%":0.3984644269,"FT%":0.1814441671,"TRB":0.695804727,"AST":0.1773087143,"STL":0.3414584635,"BLK":1.0,"TOV":-0.3305491057,"3P":0.060296062,"PTS":0.3988664494,"Avg $":0.3254499503},"TOV":{"d_FG%":-0.2379217192,"d_FT%":-0.4274111181,"FG%":-0.1733836975,"FT%":-0.3422947514,"TRB":-0.6075348955,"AST":-0.8658215902,"STL":-0.6555663039,"BLK":-0.3305491057,"TOV":1.0,"3P":-0.5478535104,"PTS":-0.837163619,"Avg $":-0.6346607296},"3P":{"d_FG%":-0.1823708541,"d_FT%":0.5124279309,"FG%":0.0178367863,"FT%":0.4342334155,"TRB":0.2480039477,"AST":0.5533980457,"STL":0.5057845298,"BLK":0.060296062,"TOV":-0.5478535104,"3P":1.0,"PTS":0.7271307255,"Avg $":0.3570059665},"PTS":{"d_FG%":0.3293840187,"d_FT%":0.5319231512,"FG%":0.2835169515,"FT%":0.4540555366,"TRB":0.6723037041,"AST":0.7417901146,"STL":0.6240311039,"BLK":0.3988664494,"TOV":-0.837163619,"3P":0.7271307255,"PTS":1.0,"Avg $":0.6682952014},"Avg $":{"d_FG%":0.3692178403,"d_FT%":0.4305738494,"FG%":0.1243460767,"FT%":0.1581845797,"TRB":0.5138486615,"AST":0.5626629216,"STL":0.3714929694,"BLK":0.3254499503,"TOV":-0.6346607296,"3P":0.3570059665,"PTS":0.6682952014,"Avg $":1.0}}