{"d_FG%":{"d_FG%":1.0,"d_FT%":-0.1131147049,"FG%":0.4131833842,"FT%":0.0373463899,"TRB":0.5962465277,"AST":0.1280842585,"STL":0.1368994203,"BLK":0.511943327,"TOV":-0.2322136133,"3P":-0.1549821678,"PTS":0.3257881764,"Avg $":0.3338404025},"d_FT%":{"d_FG%":-0.1131147049,"d_FT%":1.0,"FG%":-0.0367929301,"FT%":0.3266860352,"TRB":0.0758153918,"AST":0.4867857832,"STL":0.2614047293,"BLK":-0.0445625829,"TOV":-0.4430812511,"3P":0.5252144514,"PTS":0.5391264335,"Avg $":0.4481316489},"FG%":{"d_FG%":0.4131833842,"d_FT%":-0.0367929301,"FG%":1.0,"FT%":0.2261704106,"TRB":0.3692897277,"AST":0.099771408,"STL":0.1528761105,"BLK":0.3393139005,"TOV":-0.1721242591,"3P":0.043297789,"PTS":0.2835386015,"Avg $":0.1134823525},"FT%":{"d_FG%":0.0373463899,"d_FT%":0.3266860352,"FG%":0.2261704106,"FT%":1.0,"TRB":0.3077496467,"AST":0.3566945798,"STL":0.3394751819,"BLK":0.147387679,"TOV":-0.3553658792,"3P":0.4362150388,"PTS":0.4659348507,"Avg $":0.1668630684},"TRB":{"d_FG%":0.5962465277,"d_FT%":0.0758153918,"FG%":0.3692897277,"FT%":0.3077496467,"TRB":1.0,"AST":0.4642049952,"STL":0.4986544923,"BLK":0.6773170022,"TOV":-0.6166774659,"3P":0.274612183,"PTS":0.6810981778,"Avg $":0.521865269},"AST":{"d_FG%":0.1280842585,"d_FT%":0.4867857832,"FG%":0.099771408,"FT%":0.3566945798,"TRB":0.4642049952,"AST":1.0,"STL":0.6668432602,"BLK":0.1806704087,"TOV":-0.8577503005,"3P":0.5637997035,"PTS":0.7568411455,"Avg $":0.5843727332},"STL":{"d_FG%":0.1368994203,"d_FT%":0.2614047293,"FG%":0.1528761105,"FT%":0.3394751819,"TRB":0.4986544923,"AST":0.6668432602,"STL":1.0,"BLK":0.3599466226,"TOV":-0.6435890313,"3P":0.5155675179,"PTS":0.6349793455,"Avg $":0.3900209458},"BLK":{"d_FG%":0.511943327,"d_FT%":-0.0445625829,"FG%":0.3393139005,"FT%":0.147387679,"TRB":0.6773170022,"AST":0.1806704087,"STL":0.3599466226,"BLK":1.0,"TOV":-0.3215556437,"3P":0.0852513,"PTS":0.3950414745,"Avg $":0.3201194038},"TOV":{"d_FG%":-0.2322136133,"d_FT%":-0.4430812511,"FG%":-0.1721242591,"FT%":-0.3553658792,"TRB":-0.6166774659,"AST":-0.8577503005,"STL":-0.6435890313,"BLK":-0.3215556437,"TOV":1.0,"3P":-0.5594883609,"PTS":-0.8348292768,"Avg $":-0.6482497166},"3P":{"d_FG%":-0.1549821678,"d_FT%":0.5252144514,"FG%":0.043297789,"FT%":0.4362150388,"TRB":0.274612183,"AST":0.5637997035,"STL":0.5155675179,"BLK":0.0852513,"TOV":-0.5594883609,"3P":1.0,"PTS":0.738182055,"Avg $":0.3593584522},"PTS":{"d_FG%":0.3257881764,"d_FT%":0.5391264335,"FG%":0.2835386015,"FT%":0.4659348507,"TRB":0.6810981778,"AST":0.7568411455,"STL":0.6349793455,"BLK":0.3950414745,"TOV":-0.8348292768,"3P":0.738182055,"PTS":1.0,"Avg $":0.6698207217},"Avg $":{"d_FG%":0.3338404025,"d_FT%":0.4481316489,"FG%":0.1134823525,"FT%":0.1668630684,"TRB":0.521865269,"AST":0.5843727332,"STL":0.3900209458,"BLK":0.3201194038,"TOV":-0.6482497166,"3P":0.3593584522,"PTS":0.6698207217,"Avg $":1.0}}