{"d_FG%":{"d_FG%":1.0,"d_FT%":-0.1161327032,"FG%":0.4146704796,"FT%":0.0367319578,"TRB":0.5761064601,"AST":0.115191142,"STL":0.1206424747,"BLK":0.4991763109,"TOV":-0.2246336923,"3P":-0.1516443349,"PTS":0.3133968716,"Avg $":0.3156863268},"d_FT%":{"d_FG%":-0.1161327032,"d_FT%":1.0,"FG%":-0.0308570023,"FT%":0.3249664403,"TRB":0.0761859618,"AST":0.4680395279,"STL":0.2495198565,"BLK":-0.0316602848,"TOV":-0.4374769759,"3P":0.5160930637,"PTS":0.5379818871,"Avg $":0.4391171387},"FG%":{"d_FG%":0.4146704796,"d_FT%":-0.0308570023,"FG%":1.0,"FT%":0.2220624906,"TRB":0.3638374233,"AST":0.0959611085,"STL":0.1595384962,"BLK":0.3366620361,"TOV":-0.165992096,"3P":0.0441397265,"PTS":0.2811982538,"Avg $":0.1111620405},"FT%":{"d_FG%":0.0367319578,"d_FT%":0.3249664403,"FG%":0.2220624906,"FT%":1.0,"TRB":0.309236263,"AST":0.3506994107,"STL":0.3383269431,"BLK":0.1486630248,"TOV":-0.3586002629,"3P":0.4347302079,"PTS":0.4673644733,"Avg $":0.1665776903},"TRB":{"d_FG%":0.5761064601,"d_FT%":0.0761859618,"FG%":0.3638374233,"FT%":0.309236263,"TRB":1.0,"AST":0.4629713988,"STL":0.4867694324,"BLK":0.6688808082,"TOV":-0.6119849452,"3P":0.2781372287,"PTS":0.6790616853,"Avg $":0.5199765105},"AST":{"d_FG%":0.115191142,"d_FT%":0.4680395279,"FG%":0.0959611085,"FT%":0.3506994107,"TRB":0.4629713988,"AST":1.0,"STL":0.6592935778,"BLK":0.1825450898,"TOV":-0.8512106763,"3P":0.5573986193,"PTS":0.7515636244,"Avg $":0.57992826},"STL":{"d_FG%":0.1206424747,"d_FT%":0.2495198565,"FG%":0.1595384962,"FT%":0.3383269431,"TRB":0.4867694324,"AST":0.6592935778,"STL":1.0,"BLK":0.3629541664,"TOV":-0.6311043489,"3P":0.5080134947,"PTS":0.624655151,"Avg $":0.3717883013},"BLK":{"d_FG%":0.4991763109,"d_FT%":-0.0316602848,"FG%":0.3366620361,"FT%":0.1486630248,"TRB":0.6688808082,"AST":0.1825450898,"STL":0.3629541664,"BLK":1.0,"TOV":-0.3178935015,"3P":0.0967261864,"PTS":0.3928412233,"Avg $":0.3188676741},"TOV":{"d_FG%":-0.2246336923,"d_FT%":-0.4374769759,"FG%":-0.165992096,"FT%":-0.3586002629,"TRB":-0.6119849452,"AST":-0.8512106763,"STL":-0.6311043489,"BLK":-0.3178935015,"TOV":1.0,"3P":-0.5610347517,"PTS":-0.832590761,"Avg $":-0.6435515983},"3P":{"d_FG%":-0.1516443349,"d_FT%":0.5160930637,"FG%":0.0441397265,"FT%":0.4347302079,"TRB":0.2781372287,"AST":0.5573986193,"STL":0.5080134947,"BLK":0.0967261864,"TOV":-0.5610347517,"3P":1.0,"PTS":0.739827289,"Avg $":0.3560061087},"PTS":{"d_FG%":0.3133968716,"d_FT%":0.5379818871,"FG%":0.2811982538,"FT%":0.4673644733,"TRB":0.6790616853,"AST":0.7515636244,"STL":0.624655151,"BLK":0.3928412233,"TOV":-0.832590761,"3P":0.739827289,"PTS":1.0,"Avg $":0.6669296201},"Avg $":{"d_FG%":0.3156863268,"d_FT%":0.4391171387,"FG%":0.1111620405,"FT%":0.1665776903,"TRB":0.5199765105,"AST":0.57992826,"STL":0.3717883013,"BLK":0.3188676741,"TOV":-0.6435515983,"3P":0.3560061087,"PTS":0.6669296201,"Avg $":1.0}}