{"d_FG%":{"d_FG%":1.0,"d_FT%":-0.0028172738,"FG%":0.5143548538,"FT%":0.0197991996,"TRB":0.6026736562,"AST":0.2060524242,"STL":0.1936450433,"BLK":0.4952726522,"TOV":-0.3298653973,"3P":-0.0716770231,"PTS":0.4257054148,"Avg $":0.4491086799},"d_FT%":{"d_FG%":-0.0028172738,"d_FT%":1.0,"FG%":-0.01569176,"FT%":0.3589458439,"TRB":0.0522782225,"AST":0.4520282599,"STL":0.2892575742,"BLK":-0.1003204515,"TOV":-0.384198318,"3P":0.5336895026,"PTS":0.5312089711,"Avg $":0.4734083439},"FG%":{"d_FG%":0.5143548538,"d_FT%":-0.01569176,"FG%":1.0,"FT%":0.2252293641,"TRB":0.4677932071,"AST":0.1478074831,"STL":0.265185258,"BLK":0.417037675,"TOV":-0.1852611472,"3P":0.0528262823,"PTS":0.3359467286,"Avg $":0.1759717067},"FT%":{"d_FG%":0.0197991996,"d_FT%":0.3589458439,"FG%":0.2252293641,"FT%":1.0,"TRB":0.2017755628,"AST":0.2979388546,"STL":0.3442074869,"BLK":0.0158327391,"TOV":-0.2271445652,"3P":0.4243889562,"PTS":0.3939034615,"Avg $":0.1670655808},"TRB":{"d_FG%":0.6026736562,"d_FT%":0.0522782225,"FG%":0.4677932071,"FT%":0.2017755628,"TRB":1.0,"AST":0.4169365499,"STL":0.5057207574,"BLK":0.6267914532,"TOV":-0.5623901354,"3P":0.1992339122,"PTS":0.6399078502,"Avg $":0.5091639517},"AST":{"d_FG%":0.2060524242,"d_FT%":0.4520282599,"FG%":0.1478074831,"FT%":0.2979388546,"TRB":0.4169365499,"AST":1.0,"STL":0.7010022504,"BLK":0.0859974793,"TOV":-0.8364783904,"3P":0.5285673962,"PTS":0.7483320245,"Avg $":0.6375481315},"STL":{"d_FG%":0.1936450433,"d_FT%":0.2892575742,"FG%":0.265185258,"FT%":0.3442074869,"TRB":0.5057207574,"AST":0.7010022504,"STL":1.0,"BLK":0.2508429154,"TOV":-0.6250148251,"3P":0.5033603119,"PTS":0.6749853221,"Avg $":0.4213511527},"BLK":{"d_FG%":0.4952726522,"d_FT%":-0.1003204515,"FG%":0.417037675,"FT%":0.0158327391,"TRB":0.6267914532,"AST":0.0859974793,"STL":0.2508429154,"BLK":1.0,"TOV":-0.271189939,"3P":-0.0107033384,"PTS":0.3101558559,"Avg $":0.3020118592},"TOV":{"d_FG%":-0.3298653973,"d_FT%":-0.384198318,"FG%":-0.1852611472,"FT%":-0.2271445652,"TRB":-0.5623901354,"AST":-0.8364783904,"STL":-0.6250148251,"BLK":-0.271189939,"TOV":1.0,"3P":-0.4933489137,"PTS":-0.8104612607,"Avg $":-0.6798485432},"3P":{"d_FG%":-0.0716770231,"d_FT%":0.5336895026,"FG%":0.0528262823,"FT%":0.4243889562,"TRB":0.1992339122,"AST":0.5285673962,"STL":0.5033603119,"BLK":-0.0107033384,"TOV":-0.4933489137,"3P":1.0,"PTS":0.7106097959,"Avg $":0.3862100691},"PTS":{"d_FG%":0.4257054148,"d_FT%":0.5312089711,"FG%":0.3359467286,"FT%":0.3939034615,"TRB":0.6399078502,"AST":0.7483320245,"STL":0.6749853221,"BLK":0.3101558559,"TOV":-0.8104612607,"3P":0.7106097959,"PTS":1.0,"Avg $":0.7186290597},"Avg $":{"d_FG%":0.4491086799,"d_FT%":0.4734083439,"FG%":0.1759717067,"FT%":0.1670655808,"TRB":0.5091639517,"AST":0.6375481315,"STL":0.4213511527,"BLK":0.3020118592,"TOV":-0.6798485432,"3P":0.3862100691,"PTS":0.7186290597,"Avg $":1.0}}