{"d_FG%":{"d_FG%":1.0,"d_FT%":-0.0738967675,"FG%":0.4255181847,"FT%":0.0406634748,"TRB":0.6278255802,"AST":0.1257447411,"STL":0.1276309316,"BLK":0.551735453,"TOV":-0.2468872436,"3P":-0.166708764,"PTS":0.3383630708,"Avg $":0.366695758},"d_FT%":{"d_FG%":-0.0738967675,"d_FT%":1.0,"FG%":-0.0287328382,"FT%":0.3187029986,"TRB":0.0918220753,"AST":0.4758933973,"STL":0.2712602608,"BLK":-0.0389580654,"TOV":-0.4362237022,"3P":0.5180185536,"PTS":0.5411155755,"Avg $":0.439268348},"FG%":{"d_FG%":0.4255181847,"d_FT%":-0.0287328382,"FG%":1.0,"FT%":0.2801543506,"TRB":0.4016625081,"AST":0.101691805,"STL":0.1440852451,"BLK":0.393366042,"TOV":-0.1861242965,"3P":0.0334650565,"PTS":0.2884957775,"Avg $":0.1250302885},"FT%":{"d_FG%":0.0406634748,"d_FT%":0.3187029986,"FG%":0.2801543506,"FT%":1.0,"TRB":0.3139686249,"AST":0.3632266897,"STL":0.3713183588,"BLK":0.1970125339,"TOV":-0.3609249157,"3P":0.4451689618,"PTS":0.4716581672,"Avg $":0.1677876132},"TRB":{"d_FG%":0.6278255802,"d_FT%":0.0918220753,"FG%":0.4016625081,"FT%":0.3139686249,"TRB":1.0,"AST":0.4515776119,"STL":0.4855520478,"BLK":0.7040346832,"TOV":-0.6202336684,"3P":0.2637759405,"PTS":0.6782759847,"Avg $":0.5225432628},"AST":{"d_FG%":0.1257447411,"d_FT%":0.4758933973,"FG%":0.101691805,"FT%":0.3632266897,"TRB":0.4515776119,"AST":1.0,"STL":0.6837790389,"BLK":0.1798142598,"TOV":-0.86808988,"3P":0.5667725134,"PTS":0.7536545547,"Avg $":0.5730411021},"STL":{"d_FG%":0.1276309316,"d_FT%":0.2712602608,"FG%":0.1440852451,"FT%":0.3713183588,"TRB":0.4855520478,"AST":0.6837790389,"STL":1.0,"BLK":0.3438390148,"TOV":-0.655090013,"3P":0.51164249,"PTS":0.631616331,"Avg $":0.3734319219},"BLK":{"d_FG%":0.551735453,"d_FT%":-0.0389580654,"FG%":0.393366042,"FT%":0.1970125339,"TRB":0.7040346832,"AST":0.1798142598,"STL":0.3438390148,"BLK":1.0,"TOV":-0.3372695226,"3P":0.0625982744,"PTS":0.4059520881,"Avg $":0.3365669114},"TOV":{"d_FG%":-0.2468872436,"d_FT%":-0.4362237022,"FG%":-0.1861242965,"FT%":-0.3609249157,"TRB":-0.6202336684,"AST":-0.86808988,"STL":-0.655090013,"BLK":-0.3372695226,"TOV":1.0,"3P":-0.5591011082,"PTS":-0.8409536258,"Avg $":-0.6389140688},"3P":{"d_FG%":-0.166708764,"d_FT%":0.5180185536,"FG%":0.0334650565,"FT%":0.4451689618,"TRB":0.2637759405,"AST":0.5667725134,"STL":0.51164249,"BLK":0.0625982744,"TOV":-0.5591011082,"3P":1.0,"PTS":0.7357211189,"Avg $":0.3590852671},"PTS":{"d_FG%":0.3383630708,"d_FT%":0.5411155755,"FG%":0.2884957775,"FT%":0.4716581672,"TRB":0.6782759847,"AST":0.7536545547,"STL":0.631616331,"BLK":0.4059520881,"TOV":-0.8409536258,"3P":0.7357211189,"PTS":1.0,"Avg $":0.6690736779},"Avg $":{"d_FG%":0.366695758,"d_FT%":0.439268348,"FG%":0.1250302885,"FT%":0.1677876132,"TRB":0.5225432628,"AST":0.5730411021,"STL":0.3734319219,"BLK":0.3365669114,"TOV":-0.6389140688,"3P":0.3590852671,"PTS":0.6690736779,"Avg $":1.0}}