{"d_FG%":{"d_FG%":1.0,"d_FT%":-0.0687052971,"FG%":0.4310800337,"FT%":0.0397693445,"TRB":0.6315406998,"AST":0.1332143863,"STL":0.1378488282,"BLK":0.5516483053,"TOV":-0.2537834249,"3P":-0.1626793602,"PTS":0.3449786683,"Avg $":0.3758283258},"d_FT%":{"d_FG%":-0.0687052971,"d_FT%":1.0,"FG%":-0.0303335115,"FT%":0.3178996663,"TRB":0.0883171124,"AST":0.4785091314,"STL":0.2776544517,"BLK":-0.0416420089,"TOV":-0.4347861883,"3P":0.5200771191,"PTS":0.5392581431,"Avg $":0.440493742},"FG%":{"d_FG%":0.4310800337,"d_FT%":-0.0303335115,"FG%":1.0,"FT%":0.2823440894,"TRB":0.4049013931,"AST":0.1046405873,"STL":0.1472712688,"BLK":0.3959518795,"TOV":-0.1862949807,"3P":0.0317755032,"PTS":0.2900792108,"Avg $":0.1268563993},"FT%":{"d_FG%":0.0397693445,"d_FT%":0.3178996663,"FG%":0.2823440894,"FT%":1.0,"TRB":0.307233183,"AST":0.3627303159,"STL":0.3680562512,"BLK":0.1861022984,"TOV":-0.3558355249,"3P":0.4507274487,"PTS":0.468928904,"Avg $":0.1654148447},"TRB":{"d_FG%":0.6315406998,"d_FT%":0.0883171124,"FG%":0.4049013931,"FT%":0.307233183,"TRB":1.0,"AST":0.4499583462,"STL":0.4883550513,"BLK":0.7050735216,"TOV":-0.6179452266,"3P":0.2616523306,"PTS":0.6765572168,"Avg $":0.5214770577},"AST":{"d_FG%":0.1332143863,"d_FT%":0.4785091314,"FG%":0.1046405873,"FT%":0.3627303159,"TRB":0.4499583462,"AST":1.0,"STL":0.6878240127,"BLK":0.1795151775,"TOV":-0.8689031217,"3P":0.5702435087,"PTS":0.7560257207,"Avg $":0.571905798},"STL":{"d_FG%":0.1378488282,"d_FT%":0.2776544517,"FG%":0.1472712688,"FT%":0.3680562512,"TRB":0.4883550513,"AST":0.6878240127,"STL":1.0,"BLK":0.3477294441,"TOV":-0.6588081685,"3P":0.5154013621,"PTS":0.6379084052,"Avg $":0.3789361284},"BLK":{"d_FG%":0.5516483053,"d_FT%":-0.0416420089,"FG%":0.3959518795,"FT%":0.1861022984,"TRB":0.7050735216,"AST":0.1795151775,"STL":0.3477294441,"BLK":1.0,"TOV":-0.3407944144,"3P":0.0632127989,"PTS":0.4050999035,"Avg $":0.3376945682},"TOV":{"d_FG%":-0.2537834249,"d_FT%":-0.4347861883,"FG%":-0.1862949807,"FT%":-0.3558355249,"TRB":-0.6179452266,"AST":-0.8689031217,"STL":-0.6588081685,"BLK":-0.3407944144,"TOV":1.0,"3P":-0.5564276669,"PTS":-0.8407395315,"Avg $":-0.6391520381},"3P":{"d_FG%":-0.1626793602,"d_FT%":0.5200771191,"FG%":0.0317755032,"FT%":0.4507274487,"TRB":0.2616523306,"AST":0.5702435087,"STL":0.5154013621,"BLK":0.0632127989,"TOV":-0.5564276669,"3P":1.0,"PTS":0.7348244587,"Avg $":0.3598938573},"PTS":{"d_FG%":0.3449786683,"d_FT%":0.5392581431,"FG%":0.2900792108,"FT%":0.468928904,"TRB":0.6765572168,"AST":0.7560257207,"STL":0.6379084052,"BLK":0.4050999035,"TOV":-0.8407395315,"3P":0.7348244587,"PTS":1.0,"Avg $":0.6701268672},"Avg $":{"d_FG%":0.3758283258,"d_FT%":0.440493742,"FG%":0.1268563993,"FT%":0.1654148447,"TRB":0.5214770577,"AST":0.571905798,"STL":0.3789361284,"BLK":0.3376945682,"TOV":-0.6391520381,"3P":0.3598938573,"PTS":0.6701268672,"Avg $":1.0}}