{"d_FG%":{"d_FG%":1.0,"d_FT%":-0.0754048843,"FG%":0.5383231313,"FT%":-0.0376609977,"TRB":0.6022629511,"AST":0.131628837,"STL":0.132316787,"BLK":0.4939264499,"TOV":-0.2469905406,"3P":-0.1712225571,"PTS":0.3389933878,"Avg $":0.4068907222},"d_FT%":{"d_FG%":-0.0754048843,"d_FT%":1.0,"FG%":-0.06109924,"FT%":0.3712244948,"TRB":-0.0031391946,"AST":0.4123870968,"STL":0.2556177456,"BLK":-0.1439804503,"TOV":-0.3360197377,"3P":0.5153443239,"PTS":0.4999723231,"Avg $":0.4520884444},"FG%":{"d_FG%":0.5383231313,"d_FT%":-0.06109924,"FG%":1.0,"FT%":0.1861089875,"TRB":0.4423028652,"AST":0.0823847055,"STL":0.178964137,"BLK":0.413439898,"TOV":-0.1117079795,"3P":-0.0406831004,"PTS":0.2675479959,"Avg $":0.1600564438},"FT%":{"d_FG%":-0.0376609977,"d_FT%":0.3712244948,"FG%":0.1861089875,"FT%":1.0,"TRB":0.1377063424,"AST":0.2903484665,"STL":0.3171217339,"BLK":0.0074455137,"TOV":-0.2040405993,"3P":0.397741697,"PTS":0.3585643754,"Avg $":0.1481413626},"TRB":{"d_FG%":0.6022629511,"d_FT%":-0.0031391946,"FG%":0.4423028652,"FT%":0.1377063424,"TRB":1.0,"AST":0.4061068972,"STL":0.4660071941,"BLK":0.6496182033,"TOV":-0.5561074184,"3P":0.1958591093,"PTS":0.6257654027,"Avg $":0.5114358792},"AST":{"d_FG%":0.131628837,"d_FT%":0.4123870968,"FG%":0.0823847055,"FT%":0.2903484665,"TRB":0.4061068972,"AST":1.0,"STL":0.6999169976,"BLK":0.0719195526,"TOV":-0.8267690104,"3P":0.5241826524,"PTS":0.7383483512,"Avg $":0.6145493462},"STL":{"d_FG%":0.132316787,"d_FT%":0.2556177456,"FG%":0.178964137,"FT%":0.3171217339,"TRB":0.4660071941,"AST":0.6999169976,"STL":1.0,"BLK":0.266246576,"TOV":-0.6039153127,"3P":0.4918568603,"PTS":0.6484122221,"Avg $":0.415678101},"BLK":{"d_FG%":0.4939264499,"d_FT%":-0.1439804503,"FG%":0.413439898,"FT%":0.0074455137,"TRB":0.6496182033,"AST":0.0719195526,"STL":0.266246576,"BLK":1.0,"TOV":-0.2417989456,"3P":-0.0212049,"PTS":0.3041905374,"Avg $":0.2747453484},"TOV":{"d_FG%":-0.2469905406,"d_FT%":-0.3360197377,"FG%":-0.1117079795,"FT%":-0.2040405993,"TRB":-0.5561074184,"AST":-0.8267690104,"STL":-0.6039153127,"BLK":-0.2417989456,"TOV":1.0,"3P":-0.4930520623,"PTS":-0.8087453737,"Avg $":-0.6584403644},"3P":{"d_FG%":-0.1712225571,"d_FT%":0.5153443239,"FG%":-0.0406831004,"FT%":0.397741697,"TRB":0.1958591093,"AST":0.5241826524,"STL":0.4918568603,"BLK":-0.0212049,"TOV":-0.4930520623,"3P":1.0,"PTS":0.713538655,"Avg $":0.3773089314},"PTS":{"d_FG%":0.3389933878,"d_FT%":0.4999723231,"FG%":0.2675479959,"FT%":0.3585643754,"TRB":0.6257654027,"AST":0.7383483512,"STL":0.6484122221,"BLK":0.3041905374,"TOV":-0.8087453737,"3P":0.713538655,"PTS":1.0,"Avg $":0.7164563392},"Avg $":{"d_FG%":0.4068907222,"d_FT%":0.4520884444,"FG%":0.1600564438,"FT%":0.1481413626,"TRB":0.5114358792,"AST":0.6145493462,"STL":0.415678101,"BLK":0.2747453484,"TOV":-0.6584403644,"3P":0.3773089314,"PTS":0.7164563392,"Avg $":1.0}}