{"d_FG%":{"d_FG%":1.0,"d_FT%":-0.1171088888,"FG%":0.4139949089,"FT%":0.0366551146,"TRB":0.5799851523,"AST":0.117386216,"STL":0.1221949902,"BLK":0.4943171923,"TOV":-0.2273658414,"3P":-0.1495662189,"PTS":0.3163005896,"Avg $":0.3229038752},"d_FT%":{"d_FG%":-0.1171088888,"d_FT%":1.0,"FG%":-0.0305745679,"FT%":0.3274296041,"TRB":0.0760757013,"AST":0.4657378692,"STL":0.2546918251,"BLK":-0.0290958106,"TOV":-0.4341272758,"3P":0.5190563347,"PTS":0.5366146301,"Avg $":0.4385480236},"FG%":{"d_FG%":0.4139949089,"d_FT%":-0.0305745679,"FG%":1.0,"FT%":0.221247723,"TRB":0.3620663822,"AST":0.0962413387,"STL":0.1563652427,"BLK":0.3333246518,"TOV":-0.1657788212,"3P":0.0460469313,"PTS":0.2798775168,"Avg $":0.1129735121},"FT%":{"d_FG%":0.0366551146,"d_FT%":0.3274296041,"FG%":0.221247723,"FT%":1.0,"TRB":0.3092290479,"AST":0.3481265391,"STL":0.3428419122,"BLK":0.1485843149,"TOV":-0.3554333384,"3P":0.4321889193,"PTS":0.4664861368,"Avg $":0.1663706646},"TRB":{"d_FG%":0.5799851523,"d_FT%":0.0760757013,"FG%":0.3620663822,"FT%":0.3092290479,"TRB":1.0,"AST":0.4644790515,"STL":0.48319403,"BLK":0.6653522039,"TOV":-0.6136174791,"3P":0.2776151318,"PTS":0.6787979204,"Avg $":0.5200861372},"AST":{"d_FG%":0.117386216,"d_FT%":0.4657378692,"FG%":0.0962413387,"FT%":0.3481265391,"TRB":0.4644790515,"AST":1.0,"STL":0.6562307377,"BLK":0.1829234835,"TOV":-0.8500790122,"3P":0.5565082865,"PTS":0.7508069775,"Avg $":0.5774865292},"STL":{"d_FG%":0.1221949902,"d_FT%":0.2546918251,"FG%":0.1563652427,"FT%":0.3428419122,"TRB":0.48319403,"AST":0.6562307377,"STL":1.0,"BLK":0.3631323376,"TOV":-0.6253073317,"3P":0.5049072627,"PTS":0.6230035063,"Avg $":0.3702726356},"BLK":{"d_FG%":0.4943171923,"d_FT%":-0.0290958106,"FG%":0.3333246518,"FT%":0.1485843149,"TRB":0.6653522039,"AST":0.1829234835,"STL":0.3631323376,"BLK":1.0,"TOV":-0.3157314273,"3P":0.0943729959,"PTS":0.3910853404,"Avg $":0.3171267421},"TOV":{"d_FG%":-0.2273658414,"d_FT%":-0.4341272758,"FG%":-0.1657788212,"FT%":-0.3554333384,"TRB":-0.6136174791,"AST":-0.8500790122,"STL":-0.6253073317,"BLK":-0.3157314273,"TOV":1.0,"3P":-0.5599696992,"PTS":-0.8321573312,"Avg $":-0.6445364566},"3P":{"d_FG%":-0.1495662189,"d_FT%":0.5190563347,"FG%":0.0460469313,"FT%":0.4321889193,"TRB":0.2776151318,"AST":0.5565082865,"STL":0.5049072627,"BLK":0.0943729959,"TOV":-0.5599696992,"3P":1.0,"PTS":0.7405923391,"Avg $":0.3555336549},"PTS":{"d_FG%":0.3163005896,"d_FT%":0.5366146301,"FG%":0.2798775168,"FT%":0.4664861368,"TRB":0.6787979204,"AST":0.7508069775,"STL":0.6230035063,"BLK":0.3910853404,"TOV":-0.8321573312,"3P":0.7405923391,"PTS":1.0,"Avg $":0.6660729825},"Avg $":{"d_FG%":0.3229038752,"d_FT%":0.4385480236,"FG%":0.1129735121,"FT%":0.1663706646,"TRB":0.5200861372,"AST":0.5774865292,"STL":0.3702726356,"BLK":0.3171267421,"TOV":-0.6445364566,"3P":0.3555336549,"PTS":0.6660729825,"Avg $":1.0}}