{"d_FG%":{"d_FG%":1.0,"d_FT%":-0.0964415786,"FG%":0.5417755438,"FT%":-0.0299152516,"TRB":0.6073196855,"AST":0.1433768358,"STL":0.1430884599,"BLK":0.5022210762,"TOV":-0.2701636523,"3P":-0.1501486857,"PTS":0.3577625347,"Avg $":0.4095360356},"d_FT%":{"d_FG%":-0.0964415786,"d_FT%":1.0,"FG%":-0.0641170304,"FT%":0.3608965392,"TRB":0.0135987963,"AST":0.4277451708,"STL":0.2709968084,"BLK":-0.1398144864,"TOV":-0.3512949182,"3P":0.5234351928,"PTS":0.5061359467,"Avg $":0.4474633619},"FG%":{"d_FG%":0.5417755438,"d_FT%":-0.0641170304,"FG%":1.0,"FT%":0.1887393182,"TRB":0.4492005278,"AST":0.0869565348,"STL":0.1777375352,"BLK":0.4275038964,"TOV":-0.1186506409,"3P":-0.0312533423,"PTS":0.2718291415,"Avg $":0.1658268533},"FT%":{"d_FG%":-0.0299152516,"d_FT%":0.3608965392,"FG%":0.1887393182,"FT%":1.0,"TRB":0.1590858523,"AST":0.2778484578,"STL":0.3068953557,"BLK":0.0255990441,"TOV":-0.2047422301,"3P":0.3973592459,"PTS":0.356969243,"Avg $":0.1490927317},"TRB":{"d_FG%":0.6073196855,"d_FT%":0.0135987963,"FG%":0.4492005278,"FT%":0.1590858523,"TRB":1.0,"AST":0.4154259651,"STL":0.4831538141,"BLK":0.6490493668,"TOV":-0.5660769948,"3P":0.2185972815,"PTS":0.6395320463,"Avg $":0.5166702871},"AST":{"d_FG%":0.1433768358,"d_FT%":0.4277451708,"FG%":0.0869565348,"FT%":0.2778484578,"TRB":0.4154259651,"AST":1.0,"STL":0.7094016782,"BLK":0.0709035955,"TOV":-0.837362013,"3P":0.5313542569,"PTS":0.7431584285,"Avg $":0.6237873197},"STL":{"d_FG%":0.1430884599,"d_FT%":0.2709968084,"FG%":0.1777375352,"FT%":0.3068953557,"TRB":0.4831538141,"AST":0.7094016782,"STL":1.0,"BLK":0.2556837831,"TOV":-0.6308756858,"3P":0.4984567561,"PTS":0.6558517482,"Avg $":0.4236537503},"BLK":{"d_FG%":0.5022210762,"d_FT%":-0.1398144864,"FG%":0.4275038964,"FT%":0.0255990441,"TRB":0.6490493668,"AST":0.0709035955,"STL":0.2556837831,"BLK":1.0,"TOV":-0.2474400328,"3P":-0.0093544838,"PTS":0.3132999528,"Avg $":0.2892532012},"TOV":{"d_FG%":-0.2701636523,"d_FT%":-0.3512949182,"FG%":-0.1186506409,"FT%":-0.2047422301,"TRB":-0.5660769948,"AST":-0.837362013,"STL":-0.6308756858,"BLK":-0.2474400328,"TOV":1.0,"3P":-0.5055369541,"PTS":-0.816747823,"Avg $":-0.677124177},"3P":{"d_FG%":-0.1501486857,"d_FT%":0.5234351928,"FG%":-0.0312533423,"FT%":0.3973592459,"TRB":0.2185972815,"AST":0.5313542569,"STL":0.4984567561,"BLK":-0.0093544838,"TOV":-0.5055369541,"3P":1.0,"PTS":0.7185509434,"Avg $":0.3864918885},"PTS":{"d_FG%":0.3577625347,"d_FT%":0.5061359467,"FG%":0.2718291415,"FT%":0.356969243,"TRB":0.6395320463,"AST":0.7431584285,"STL":0.6558517482,"BLK":0.3132999528,"TOV":-0.816747823,"3P":0.7185509434,"PTS":1.0,"Avg $":0.7225564112},"Avg $":{"d_FG%":0.4095360356,"d_FT%":0.4474633619,"FG%":0.1658268533,"FT%":0.1490927317,"TRB":0.5166702871,"AST":0.6237873197,"STL":0.4236537503,"BLK":0.2892532012,"TOV":-0.677124177,"3P":0.3864918885,"PTS":0.7225564112,"Avg $":1.0}}