{"d_FG%":{"d_FG%":1.0,"d_FT%":-0.1496015091,"FG%":0.4419517355,"FT%":-0.0193258352,"TRB":0.5130103751,"AST":0.0181415631,"STL":0.0428676739,"BLK":0.4486555202,"TOV":-0.119291202,"3P":-0.2548887723,"PTS":0.2133992632,"Avg $":0.2584730634},"d_FT%":{"d_FG%":-0.1496015091,"d_FT%":1.0,"FG%":-0.0511810854,"FT%":0.3641927418,"TRB":0.0344365641,"AST":0.4363377335,"STL":0.2447552914,"BLK":-0.0901709985,"TOV":-0.4074603547,"3P":0.4745891412,"PTS":0.4975410319,"Avg $":0.3511452377},"FG%":{"d_FG%":0.4419517355,"d_FT%":-0.0511810854,"FG%":1.0,"FT%":0.1457654967,"TRB":0.3362500942,"AST":0.0690371185,"STL":0.1237687445,"BLK":0.2977026179,"TOV":-0.1599490621,"3P":-0.0048140106,"PTS":0.2132410917,"Avg $":0.1047291937},"FT%":{"d_FG%":-0.0193258352,"d_FT%":0.3641927418,"FG%":0.1457654967,"FT%":1.0,"TRB":0.2641539222,"AST":0.3168478795,"STL":0.3693741317,"BLK":0.0990595313,"TOV":-0.3446614013,"3P":0.3828392216,"PTS":0.4220763898,"Avg $":0.1533430381},"TRB":{"d_FG%":0.5130103751,"d_FT%":0.0344365641,"FG%":0.3362500942,"FT%":0.2641539222,"TRB":1.0,"AST":0.4623286874,"STL":0.5009212065,"BLK":0.6684110918,"TOV":-0.6091439979,"3P":0.2510179242,"PTS":0.6723419334,"Avg $":0.5197660304},"AST":{"d_FG%":0.0181415631,"d_FT%":0.4363377335,"FG%":0.0690371185,"FT%":0.3168478795,"TRB":0.4623286874,"AST":1.0,"STL":0.6683241516,"BLK":0.1568434517,"TOV":-0.8594236615,"3P":0.5471524445,"PTS":0.7544464231,"Avg $":0.5957097106},"STL":{"d_FG%":0.0428676739,"d_FT%":0.2447552914,"FG%":0.1237687445,"FT%":0.3693741317,"TRB":0.5009212065,"AST":0.6683241516,"STL":1.0,"BLK":0.3350006421,"TOV":-0.6419736666,"3P":0.5238082022,"PTS":0.6556476826,"Avg $":0.3799490554},"BLK":{"d_FG%":0.4486555202,"d_FT%":-0.0901709985,"FG%":0.2977026179,"FT%":0.0990595313,"TRB":0.6684110918,"AST":0.1568434517,"STL":0.3350006421,"BLK":1.0,"TOV":-0.282219223,"3P":0.0865157557,"PTS":0.3727625557,"Avg $":0.3086175101},"TOV":{"d_FG%":-0.119291202,"d_FT%":-0.4074603547,"FG%":-0.1599490621,"FT%":-0.3446614013,"TRB":-0.6091439979,"AST":-0.8594236615,"STL":-0.6419736666,"BLK":-0.282219223,"TOV":1.0,"3P":-0.5735667039,"PTS":-0.8471630785,"Avg $":-0.6513161869},"3P":{"d_FG%":-0.2548887723,"d_FT%":0.4745891412,"FG%":-0.0048140106,"FT%":0.3828392216,"TRB":0.2510179242,"AST":0.5471524445,"STL":0.5238082022,"BLK":0.0865157557,"TOV":-0.5735667039,"3P":1.0,"PTS":0.7285552457,"Avg $":0.355821768},"PTS":{"d_FG%":0.2133992632,"d_FT%":0.4975410319,"FG%":0.2132410917,"FT%":0.4220763898,"TRB":0.6723419334,"AST":0.7544464231,"STL":0.6556476826,"BLK":0.3727625557,"TOV":-0.8471630785,"3P":0.7285552457,"PTS":1.0,"Avg $":0.6702767521},"Avg $":{"d_FG%":0.2584730634,"d_FT%":0.3511452377,"FG%":0.1047291937,"FT%":0.1533430381,"TRB":0.5197660304,"AST":0.5957097106,"STL":0.3799490554,"BLK":0.3086175101,"TOV":-0.6513161869,"3P":0.355821768,"PTS":0.6702767521,"Avg $":1.0}}