{"d_FG%":{"d_FG%":1.0,"d_FT%":-0.0775094522,"FG%":0.4278944941,"FT%":0.0454705535,"TRB":0.6315510786,"AST":0.1399252792,"STL":0.1420437039,"BLK":0.549050706,"TOV":-0.2522717738,"3P":-0.155287797,"PTS":0.3473378092,"Avg $":0.3680795858},"d_FT%":{"d_FG%":-0.0775094522,"d_FT%":1.0,"FG%":-0.0279990268,"FT%":0.3241483273,"TRB":0.0941453068,"AST":0.4827061561,"STL":0.2719736771,"BLK":-0.0391542753,"TOV":-0.4375864721,"3P":0.5245343445,"PTS":0.5477894449,"Avg $":0.441122825},"FG%":{"d_FG%":0.4278944941,"d_FT%":-0.0279990268,"FG%":1.0,"FT%":0.2920617914,"TRB":0.4000750438,"AST":0.1058253177,"STL":0.1427927925,"BLK":0.3934783062,"TOV":-0.1796078992,"3P":0.0394853831,"PTS":0.294570182,"Avg $":0.1255169769},"FT%":{"d_FG%":0.0454705535,"d_FT%":0.3241483273,"FG%":0.2920617914,"FT%":1.0,"TRB":0.3095424119,"AST":0.3566829156,"STL":0.3511440164,"BLK":0.1981753454,"TOV":-0.3450810303,"3P":0.4466881911,"PTS":0.4736033961,"Avg $":0.1700643936},"TRB":{"d_FG%":0.6315510786,"d_FT%":0.0941453068,"FG%":0.4000750438,"FT%":0.3095424119,"TRB":1.0,"AST":0.4560108175,"STL":0.4921101257,"BLK":0.7012939008,"TOV":-0.6199103311,"3P":0.2612287726,"PTS":0.6764246661,"Avg $":0.5243183751},"AST":{"d_FG%":0.1399252792,"d_FT%":0.4827061561,"FG%":0.1058253177,"FT%":0.3566829156,"TRB":0.4560108175,"AST":1.0,"STL":0.6780830791,"BLK":0.1818188255,"TOV":-0.8607499318,"3P":0.5681501356,"PTS":0.7558764636,"Avg $":0.5769811871},"STL":{"d_FG%":0.1420437039,"d_FT%":0.2719736771,"FG%":0.1427927925,"FT%":0.3511440164,"TRB":0.4921101257,"AST":0.6780830791,"STL":1.0,"BLK":0.3481395602,"TOV":-0.6630142944,"3P":0.5084504976,"PTS":0.6272623154,"Avg $":0.3758734996},"BLK":{"d_FG%":0.549050706,"d_FT%":-0.0391542753,"FG%":0.3934783062,"FT%":0.1981753454,"TRB":0.7012939008,"AST":0.1818188255,"STL":0.3481395602,"BLK":1.0,"TOV":-0.3283795026,"3P":0.0699514554,"PTS":0.4063788161,"Avg $":0.3377740928},"TOV":{"d_FG%":-0.2522717738,"d_FT%":-0.4375864721,"FG%":-0.1796078992,"FT%":-0.3450810303,"TRB":-0.6199103311,"AST":-0.8607499318,"STL":-0.6630142944,"BLK":-0.3283795026,"TOV":1.0,"3P":-0.5487282215,"PTS":-0.8267518965,"Avg $":-0.6287109671},"3P":{"d_FG%":-0.155287797,"d_FT%":0.5245343445,"FG%":0.0394853831,"FT%":0.4466881911,"TRB":0.2612287726,"AST":0.5681501356,"STL":0.5084504976,"BLK":0.0699514554,"TOV":-0.5487282215,"3P":1.0,"PTS":0.7357154648,"Avg $":0.3587515482},"PTS":{"d_FG%":0.3473378092,"d_FT%":0.5477894449,"FG%":0.294570182,"FT%":0.4736033961,"TRB":0.6764246661,"AST":0.7558764636,"STL":0.6272623154,"BLK":0.4063788161,"TOV":-0.8267518965,"3P":0.7357154648,"PTS":1.0,"Avg $":0.6695213943},"Avg $":{"d_FG%":0.3680795858,"d_FT%":0.441122825,"FG%":0.1255169769,"FT%":0.1700643936,"TRB":0.5243183751,"AST":0.5769811871,"STL":0.3758734996,"BLK":0.3377740928,"TOV":-0.6287109671,"3P":0.3587515482,"PTS":0.6695213943,"Avg $":1.0}}