{"d_FG%":{"d_FG%":1.0,"d_FT%":-0.0801577586,"FG%":0.4253212874,"FT%":0.0418610868,"TRB":0.6288899618,"AST":0.1309805605,"STL":0.1362969156,"BLK":0.5527019016,"TOV":-0.2475263379,"3P":-0.1645156153,"PTS":0.3393512818,"Avg $":0.3639175426},"d_FT%":{"d_FG%":-0.0801577586,"d_FT%":1.0,"FG%":-0.0297277569,"FT%":0.3211683505,"TRB":0.0945181064,"AST":0.483733447,"STL":0.2748883465,"BLK":-0.0415765113,"TOV":-0.4421673555,"3P":0.523383185,"PTS":0.5458749241,"Avg $":0.4424759659},"FG%":{"d_FG%":0.4253212874,"d_FT%":-0.0297277569,"FG%":1.0,"FT%":0.280150803,"TRB":0.4017228212,"AST":0.1058093397,"STL":0.149596307,"BLK":0.3916005101,"TOV":-0.1899283043,"3P":0.0350810524,"PTS":0.2900439368,"Avg $":0.1234030909},"FT%":{"d_FG%":0.0418610868,"d_FT%":0.3211683505,"FG%":0.280150803,"FT%":1.0,"TRB":0.3128753108,"AST":0.3509785423,"STL":0.3547695067,"BLK":0.1950559955,"TOV":-0.3502693102,"3P":0.4434643799,"PTS":0.4684238941,"Avg $":0.1696101013},"TRB":{"d_FG%":0.6288899618,"d_FT%":0.0945181064,"FG%":0.4017228212,"FT%":0.3128753108,"TRB":1.0,"AST":0.4534770435,"STL":0.4916380081,"BLK":0.7055758615,"TOV":-0.61769732,"3P":0.2619308776,"PTS":0.6782457356,"Avg $":0.524123855},"AST":{"d_FG%":0.1309805605,"d_FT%":0.483733447,"FG%":0.1058093397,"FT%":0.3509785423,"TRB":0.4534770435,"AST":1.0,"STL":0.6845285464,"BLK":0.1801714649,"TOV":-0.8682024772,"3P":0.5686445341,"PTS":0.756272855,"Avg $":0.574115846},"STL":{"d_FG%":0.1362969156,"d_FT%":0.2748883465,"FG%":0.149596307,"FT%":0.3547695067,"TRB":0.4916380081,"AST":0.6845285464,"STL":1.0,"BLK":0.3477881531,"TOV":-0.6612458902,"3P":0.5188010415,"PTS":0.6374739918,"Avg $":0.3795544927},"BLK":{"d_FG%":0.5527019016,"d_FT%":-0.0415765113,"FG%":0.3916005101,"FT%":0.1950559955,"TRB":0.7055758615,"AST":0.1801714649,"STL":0.3477881531,"BLK":1.0,"TOV":-0.3350875121,"3P":0.0652840282,"PTS":0.4061475341,"Avg $":0.3388513074},"TOV":{"d_FG%":-0.2475263379,"d_FT%":-0.4421673555,"FG%":-0.1899283043,"FT%":-0.3502693102,"TRB":-0.61769732,"AST":-0.8682024772,"STL":-0.6612458902,"BLK":-0.3350875121,"TOV":1.0,"3P":-0.5570293006,"PTS":-0.8379474283,"Avg $":-0.6335246855},"3P":{"d_FG%":-0.1645156153,"d_FT%":0.523383185,"FG%":0.0350810524,"FT%":0.4434643799,"TRB":0.2619308776,"AST":0.5686445341,"STL":0.5188010415,"BLK":0.0652840282,"TOV":-0.5570293006,"3P":1.0,"PTS":0.7352689917,"Avg $":0.3577714149},"PTS":{"d_FG%":0.3393512818,"d_FT%":0.5458749241,"FG%":0.2900439368,"FT%":0.4684238941,"TRB":0.6782457356,"AST":0.756272855,"STL":0.6374739918,"BLK":0.4061475341,"TOV":-0.8379474283,"3P":0.7352689917,"PTS":1.0,"Avg $":0.6687884785},"Avg $":{"d_FG%":0.3639175426,"d_FT%":0.4424759659,"FG%":0.1234030909,"FT%":0.1696101013,"TRB":0.524123855,"AST":0.574115846,"STL":0.3795544927,"BLK":0.3388513074,"TOV":-0.6335246855,"3P":0.3577714149,"PTS":0.6687884785,"Avg $":1.0}}