{"d_FG%":{"d_FG%":1.0,"d_FT%":-0.0727516044,"FG%":0.4303653945,"FT%":0.0355214554,"TRB":0.6302266537,"AST":0.1276756633,"STL":0.1343265974,"BLK":0.5512713901,"TOV":-0.2485885055,"3P":-0.174613109,"PTS":0.3352600381,"Avg $":0.3727108773},"d_FT%":{"d_FG%":-0.0727516044,"d_FT%":1.0,"FG%":-0.0314378319,"FT%":0.3174262537,"TRB":0.0882634526,"AST":0.4812240521,"STL":0.2787394409,"BLK":-0.0445255307,"TOV":-0.437874291,"3P":0.5191653202,"PTS":0.5423862683,"Avg $":0.4408752578},"FG%":{"d_FG%":0.4303653945,"d_FT%":-0.0314378319,"FG%":1.0,"FT%":0.2734730305,"TRB":0.4030174039,"AST":0.1001773446,"STL":0.1409992823,"BLK":0.3958207902,"TOV":-0.1814660579,"3P":0.0233517022,"PTS":0.2841899645,"Avg $":0.1248874745},"FT%":{"d_FG%":0.0355214554,"d_FT%":0.3174262537,"FG%":0.2734730305,"FT%":1.0,"TRB":0.3082786074,"AST":0.3639609635,"STL":0.369131104,"BLK":0.1827193933,"TOV":-0.3585239458,"3P":0.4464604756,"PTS":0.4684639833,"Avg $":0.1654176221},"TRB":{"d_FG%":0.6302266537,"d_FT%":0.0882634526,"FG%":0.4030174039,"FT%":0.3082786074,"TRB":1.0,"AST":0.4490384608,"STL":0.4855998719,"BLK":0.7039226428,"TOV":-0.6185415578,"3P":0.2581512842,"PTS":0.6753819912,"Avg $":0.5214073302},"AST":{"d_FG%":0.1276756633,"d_FT%":0.4812240521,"FG%":0.1001773446,"FT%":0.3639609635,"TRB":0.4490384608,"AST":1.0,"STL":0.6886305358,"BLK":0.1808257063,"TOV":-0.8701257937,"3P":0.5691601268,"PTS":0.7568534125,"Avg $":0.571464262},"STL":{"d_FG%":0.1343265974,"d_FT%":0.2787394409,"FG%":0.1409992823,"FT%":0.369131104,"TRB":0.4855998719,"AST":0.6886305358,"STL":1.0,"BLK":0.3487970735,"TOV":-0.6641256755,"3P":0.5107264557,"PTS":0.6339091128,"Avg $":0.3767257016},"BLK":{"d_FG%":0.5512713901,"d_FT%":-0.0445255307,"FG%":0.3958207902,"FT%":0.1827193933,"TRB":0.7039226428,"AST":0.1808257063,"STL":0.3487970735,"BLK":1.0,"TOV":-0.3426953265,"3P":0.0606632253,"PTS":0.4034756446,"Avg $":0.3379483226},"TOV":{"d_FG%":-0.2485885055,"d_FT%":-0.437874291,"FG%":-0.1814660579,"FT%":-0.3585239458,"TRB":-0.6185415578,"AST":-0.8701257937,"STL":-0.6641256755,"BLK":-0.3426953265,"TOV":1.0,"3P":-0.5594257125,"PTS":-0.8439227596,"Avg $":-0.6398760445},"3P":{"d_FG%":-0.174613109,"d_FT%":0.5191653202,"FG%":0.0233517022,"FT%":0.4464604756,"TRB":0.2581512842,"AST":0.5691601268,"STL":0.5107264557,"BLK":0.0606632253,"TOV":-0.5594257125,"3P":1.0,"PTS":0.7326293222,"Avg $":0.3587893644},"PTS":{"d_FG%":0.3352600381,"d_FT%":0.5423862683,"FG%":0.2841899645,"FT%":0.4684639833,"TRB":0.6753819912,"AST":0.7568534125,"STL":0.6339091128,"BLK":0.4034756446,"TOV":-0.8439227596,"3P":0.7326293222,"PTS":1.0,"Avg $":0.6702859748},"Avg $":{"d_FG%":0.3727108773,"d_FT%":0.4408752578,"FG%":0.1248874745,"FT%":0.1654176221,"TRB":0.5214073302,"AST":0.571464262,"STL":0.3767257016,"BLK":0.3379483226,"TOV":-0.6398760445,"3P":0.3587893644,"PTS":0.6702859748,"Avg $":1.0}}