{"d_FG%":{"d_FG%":1.0,"d_FT%":-0.0965797727,"FG%":0.4193155326,"FT%":0.037660963,"TRB":0.6194719348,"AST":0.1336769268,"STL":0.1360934431,"BLK":0.523518853,"TOV":-0.2457734565,"3P":-0.1717080018,"PTS":0.3304902151,"Avg $":0.3550315128},"d_FT%":{"d_FG%":-0.0965797727,"d_FT%":1.0,"FG%":-0.0349596916,"FT%":0.3260307021,"TRB":0.083254392,"AST":0.4787457904,"STL":0.2688592428,"BLK":-0.0428032062,"TOV":-0.4365962465,"3P":0.5246296872,"PTS":0.542303138,"Avg $":0.4330755004},"FG%":{"d_FG%":0.4193155326,"d_FT%":-0.0349596916,"FG%":1.0,"FT%":0.2790112856,"TRB":0.3866112012,"AST":0.1078489312,"STL":0.1463413146,"BLK":0.364275899,"TOV":-0.1885710397,"3P":0.0346506496,"PTS":0.286548881,"Avg $":0.1213638721},"FT%":{"d_FG%":0.037660963,"d_FT%":0.3260307021,"FG%":0.2790112856,"FT%":1.0,"TRB":0.310124553,"AST":0.3625295468,"STL":0.3660035015,"BLK":0.1611454419,"TOV":-0.366075823,"3P":0.4406976515,"PTS":0.4743632852,"Avg $":0.1661853691},"TRB":{"d_FG%":0.6194719348,"d_FT%":0.083254392,"FG%":0.3866112012,"FT%":0.310124553,"TRB":1.0,"AST":0.4575097695,"STL":0.4967732856,"BLK":0.6874679249,"TOV":-0.6188809951,"3P":0.2596062046,"PTS":0.6751411853,"Avg $":0.5245164794},"AST":{"d_FG%":0.1336769268,"d_FT%":0.4787457904,"FG%":0.1078489312,"FT%":0.3625295468,"TRB":0.4575097695,"AST":1.0,"STL":0.6722471261,"BLK":0.1708592293,"TOV":-0.8678478737,"3P":0.5696218774,"PTS":0.7597692148,"Avg $":0.5813572371},"STL":{"d_FG%":0.1360934431,"d_FT%":0.2688592428,"FG%":0.1463413146,"FT%":0.3660035015,"TRB":0.4967732856,"AST":0.6722471261,"STL":1.0,"BLK":0.35387423,"TOV":-0.6500014178,"3P":0.5155691735,"PTS":0.6349293576,"Avg $":0.3806349703},"BLK":{"d_FG%":0.523518853,"d_FT%":-0.0428032062,"FG%":0.364275899,"FT%":0.1611454419,"TRB":0.6874679249,"AST":0.1708592293,"STL":0.35387423,"BLK":1.0,"TOV":-0.3167274696,"3P":0.0727844804,"PTS":0.3907125656,"Avg $":0.3275940702},"TOV":{"d_FG%":-0.2457734565,"d_FT%":-0.4365962465,"FG%":-0.1885710397,"FT%":-0.366075823,"TRB":-0.6188809951,"AST":-0.8678478737,"STL":-0.6500014178,"BLK":-0.3167274696,"TOV":1.0,"3P":-0.5560107139,"PTS":-0.8415753204,"Avg $":-0.6402268623},"3P":{"d_FG%":-0.1717080018,"d_FT%":0.5246296872,"FG%":0.0346506496,"FT%":0.4406976515,"TRB":0.2596062046,"AST":0.5696218774,"STL":0.5155691735,"BLK":0.0727844804,"TOV":-0.5560107139,"3P":1.0,"PTS":0.7321209099,"Avg $":0.3561119121},"PTS":{"d_FG%":0.3304902151,"d_FT%":0.542303138,"FG%":0.286548881,"FT%":0.4743632852,"TRB":0.6751411853,"AST":0.7597692148,"STL":0.6349293576,"BLK":0.3907125656,"TOV":-0.8415753204,"3P":0.7321209099,"PTS":1.0,"Avg $":0.6700978464},"Avg $":{"d_FG%":0.3550315128,"d_FT%":0.4330755004,"FG%":0.1213638721,"FT%":0.1661853691,"TRB":0.5245164794,"AST":0.5813572371,"STL":0.3806349703,"BLK":0.3275940702,"TOV":-0.6402268623,"3P":0.3561119121,"PTS":0.6700978464,"Avg $":1.0}}