{"d_FG%":{"d_FG%":1.0,"d_FT%":-0.1289899427,"FG%":0.3992510889,"FT%":0.0376478409,"TRB":0.5588904957,"AST":0.1065338583,"STL":0.1021350482,"BLK":0.4803536944,"TOV":-0.2143548365,"3P":-0.1587172578,"PTS":0.3021384485,"Avg $":0.3263441562},"d_FT%":{"d_FG%":-0.1289899427,"d_FT%":1.0,"FG%":-0.0367263758,"FT%":0.330427174,"TRB":0.0447710145,"AST":0.4248226936,"STL":0.2446212891,"BLK":-0.056364813,"TOV":-0.3924244181,"3P":0.4980794037,"PTS":0.5094652085,"Avg $":0.3875073705},"FG%":{"d_FG%":0.3992510889,"d_FT%":-0.0367263758,"FG%":1.0,"FT%":0.1897263498,"TRB":0.3583957883,"AST":0.0962536485,"STL":0.1649141286,"BLK":0.325724037,"TOV":-0.1664865531,"3P":0.0576944482,"PTS":0.277658064,"Avg $":0.1103523727},"FT%":{"d_FG%":0.0376478409,"d_FT%":0.330427174,"FG%":0.1897263498,"FT%":1.0,"TRB":0.3041752188,"AST":0.3317288597,"STL":0.3428745702,"BLK":0.1364976882,"TOV":-0.3123469342,"3P":0.4003714984,"PTS":0.4509188116,"Avg $":0.1599965784},"TRB":{"d_FG%":0.5588904957,"d_FT%":0.0447710145,"FG%":0.3583957883,"FT%":0.3041752188,"TRB":1.0,"AST":0.4577677568,"STL":0.457094334,"BLK":0.6554382612,"TOV":-0.5893988536,"3P":0.2703923305,"PTS":0.6721761757,"Avg $":0.516794072},"AST":{"d_FG%":0.1065338583,"d_FT%":0.4248226936,"FG%":0.0962536485,"FT%":0.3317288597,"TRB":0.4577677568,"AST":1.0,"STL":0.6320309766,"BLK":0.1777815055,"TOV":-0.8404184681,"3P":0.545610688,"PTS":0.7437966757,"Avg $":0.5715760951},"STL":{"d_FG%":0.1021350482,"d_FT%":0.2446212891,"FG%":0.1649141286,"FT%":0.3428745702,"TRB":0.457094334,"AST":0.6320309766,"STL":1.0,"BLK":0.3401506952,"TOV":-0.6037684193,"3P":0.4836884364,"PTS":0.6141149454,"Avg $":0.3509488032},"BLK":{"d_FG%":0.4803536944,"d_FT%":-0.056364813,"FG%":0.325724037,"FT%":0.1364976882,"TRB":0.6554382612,"AST":0.1777815055,"STL":0.3401506952,"BLK":1.0,"TOV":-0.2925708097,"3P":0.0777071942,"PTS":0.3750325003,"Avg $":0.3017171396},"TOV":{"d_FG%":-0.2143548365,"d_FT%":-0.3924244181,"FG%":-0.1664865531,"FT%":-0.3123469342,"TRB":-0.5893988536,"AST":-0.8404184681,"STL":-0.6037684193,"BLK":-0.2925708097,"TOV":1.0,"3P":-0.5503559944,"PTS":-0.8181279385,"Avg $":-0.6333383803},"3P":{"d_FG%":-0.1587172578,"d_FT%":0.4980794037,"FG%":0.0576944482,"FT%":0.4003714984,"TRB":0.2703923305,"AST":0.545610688,"STL":0.4836884364,"BLK":0.0777071942,"TOV":-0.5503559944,"3P":1.0,"PTS":0.7343671758,"Avg $":0.3632846985},"PTS":{"d_FG%":0.3021384485,"d_FT%":0.5094652085,"FG%":0.277658064,"FT%":0.4509188116,"TRB":0.6721761757,"AST":0.7437966757,"STL":0.6141149454,"BLK":0.3750325003,"TOV":-0.8181279385,"3P":0.7343671758,"PTS":1.0,"Avg $":0.6655570232},"Avg $":{"d_FG%":0.3263441562,"d_FT%":0.3875073705,"FG%":0.1103523727,"FT%":0.1599965784,"TRB":0.516794072,"AST":0.5715760951,"STL":0.3509488032,"BLK":0.3017171396,"TOV":-0.6333383803,"3P":0.3632846985,"PTS":0.6655570232,"Avg $":1.0}}