{"d_FG%":{"d_FG%":1.0,"d_FT%":-0.0815281566,"FG%":0.5220318064,"FT%":-0.0262818674,"TRB":0.6115390521,"AST":0.1479823021,"STL":0.1452093009,"BLK":0.5053568214,"TOV":-0.2744019354,"3P":-0.1477018038,"PTS":0.3598302029,"Avg $":0.4149816759},"d_FT%":{"d_FG%":-0.0815281566,"d_FT%":1.0,"FG%":-0.0589963635,"FT%":0.358871212,"TRB":0.0091164127,"AST":0.4199357181,"STL":0.2573041973,"BLK":-0.1374821582,"TOV":-0.3434398595,"3P":0.5199543891,"PTS":0.5027033448,"Avg $":0.4488455445},"FG%":{"d_FG%":0.5220318064,"d_FT%":-0.0589963635,"FG%":1.0,"FT%":0.2102235102,"TRB":0.4369418314,"AST":0.0912761103,"STL":0.2333953155,"BLK":0.4251881463,"TOV":-0.120492895,"3P":-0.0112874272,"PTS":0.2815691613,"Avg $":0.1604309974},"FT%":{"d_FG%":-0.0262818674,"d_FT%":0.358871212,"FG%":0.2102235102,"FT%":1.0,"TRB":0.1619791512,"AST":0.2826772356,"STL":0.3132803963,"BLK":0.0272131239,"TOV":-0.2028891765,"3P":0.4011070827,"PTS":0.364149603,"Avg $":0.1495766254},"TRB":{"d_FG%":0.6115390521,"d_FT%":0.0091164127,"FG%":0.4369418314,"FT%":0.1619791512,"TRB":1.0,"AST":0.4170638567,"STL":0.4692220112,"BLK":0.652997243,"TOV":-0.5673223026,"3P":0.2178753162,"PTS":0.6367489994,"Avg $":0.5166754421},"AST":{"d_FG%":0.1479823021,"d_FT%":0.4199357181,"FG%":0.0912761103,"FT%":0.2826772356,"TRB":0.4170638567,"AST":1.0,"STL":0.6803836733,"BLK":0.073768574,"TOV":-0.8376161519,"3P":0.529381283,"PTS":0.7406155425,"Avg $":0.622354027},"STL":{"d_FG%":0.1452093009,"d_FT%":0.2573041973,"FG%":0.2333953155,"FT%":0.3132803963,"TRB":0.4692220112,"AST":0.6803836733,"STL":1.0,"BLK":0.2752577861,"TOV":-0.5970712892,"3P":0.495036366,"PTS":0.6509889388,"Avg $":0.407239637},"BLK":{"d_FG%":0.5053568214,"d_FT%":-0.1374821582,"FG%":0.4251881463,"FT%":0.0272131239,"TRB":0.652997243,"AST":0.073768574,"STL":0.2752577861,"BLK":1.0,"TOV":-0.2467376492,"3P":-0.0051700954,"PTS":0.3154637001,"Avg $":0.2867142268},"TOV":{"d_FG%":-0.2744019354,"d_FT%":-0.3434398595,"FG%":-0.120492895,"FT%":-0.2028891765,"TRB":-0.5673223026,"AST":-0.8376161519,"STL":-0.5970712892,"BLK":-0.2467376492,"TOV":1.0,"3P":-0.5047568478,"PTS":-0.8114108908,"Avg $":-0.6760544108},"3P":{"d_FG%":-0.1477018038,"d_FT%":0.5199543891,"FG%":-0.0112874272,"FT%":0.4011070827,"TRB":0.2178753162,"AST":0.529381283,"STL":0.495036366,"BLK":-0.0051700954,"TOV":-0.5047568478,"3P":1.0,"PTS":0.7212254428,"Avg $":0.3856047542},"PTS":{"d_FG%":0.3598302029,"d_FT%":0.5027033448,"FG%":0.2815691613,"FT%":0.364149603,"TRB":0.6367489994,"AST":0.7406155425,"STL":0.6509889388,"BLK":0.3154637001,"TOV":-0.8114108908,"3P":0.7212254428,"PTS":1.0,"Avg $":0.7190179176},"Avg $":{"d_FG%":0.4149816759,"d_FT%":0.4488455445,"FG%":0.1604309974,"FT%":0.1495766254,"TRB":0.5166754421,"AST":0.622354027,"STL":0.407239637,"BLK":0.2867142268,"TOV":-0.6760544108,"3P":0.3856047542,"PTS":0.7190179176,"Avg $":1.0}}