{"d_FG%":{"d_FG%":1.0,"d_FT%":-0.1126003179,"FG%":0.414301755,"FT%":0.0397204783,"TRB":0.5811069278,"AST":0.1183503579,"STL":0.1251046844,"BLK":0.504396884,"TOV":-0.2276297993,"3P":-0.1475051664,"PTS":0.3193021262,"Avg $":0.3186389079},"d_FT%":{"d_FG%":-0.1126003179,"d_FT%":1.0,"FG%":-0.0308856524,"FT%":0.3239292527,"TRB":0.0733724941,"AST":0.4677876684,"STL":0.2464447411,"BLK":-0.0320522807,"TOV":-0.4375208206,"3P":0.5144905874,"PTS":0.5343869181,"Avg $":0.442490882},"FG%":{"d_FG%":0.414301755,"d_FT%":-0.0308856524,"FG%":1.0,"FT%":0.2254560483,"TRB":0.3669896342,"AST":0.0964932251,"STL":0.1598896077,"BLK":0.3396148337,"TOV":-0.1696979588,"3P":0.0448608282,"PTS":0.2843204433,"Avg $":0.1121760754},"FT%":{"d_FG%":0.0397204783,"d_FT%":0.3239292527,"FG%":0.2254560483,"FT%":1.0,"TRB":0.3092444831,"AST":0.3509087495,"STL":0.3386245432,"BLK":0.1493236249,"TOV":-0.356866609,"3P":0.4349646037,"PTS":0.4662420129,"Avg $":0.1669893429},"TRB":{"d_FG%":0.5811069278,"d_FT%":0.0733724941,"FG%":0.3669896342,"FT%":0.3092444831,"TRB":1.0,"AST":0.4632949994,"STL":0.4923293854,"BLK":0.6700786996,"TOV":-0.6134753574,"3P":0.2784688998,"PTS":0.6798127636,"Avg $":0.5204055764},"AST":{"d_FG%":0.1183503579,"d_FT%":0.4677876684,"FG%":0.0964932251,"FT%":0.3509087495,"TRB":0.4632949994,"AST":1.0,"STL":0.6603889493,"BLK":0.1784671395,"TOV":-0.8534216777,"3P":0.5595048485,"PTS":0.7518499822,"Avg $":0.5813896082},"STL":{"d_FG%":0.1251046844,"d_FT%":0.2464447411,"FG%":0.1598896077,"FT%":0.3386245432,"TRB":0.4923293854,"AST":0.6603889493,"STL":1.0,"BLK":0.3619686524,"TOV":-0.6371312327,"3P":0.5121743275,"PTS":0.6296486321,"Avg $":0.380580491},"BLK":{"d_FG%":0.504396884,"d_FT%":-0.0320522807,"FG%":0.3396148337,"FT%":0.1493236249,"TRB":0.6700786996,"AST":0.1784671395,"STL":0.3619686524,"BLK":1.0,"TOV":-0.3184168705,"3P":0.0908363529,"PTS":0.3903969227,"Avg $":0.3144426565},"TOV":{"d_FG%":-0.2276297993,"d_FT%":-0.4375208206,"FG%":-0.1696979588,"FT%":-0.356866609,"TRB":-0.6134753574,"AST":-0.8534216777,"STL":-0.6371312327,"BLK":-0.3184168705,"TOV":1.0,"3P":-0.5625000591,"PTS":-0.8335162433,"Avg $":-0.6466112303},"3P":{"d_FG%":-0.1475051664,"d_FT%":0.5144905874,"FG%":0.0448608282,"FT%":0.4349646037,"TRB":0.2784688998,"AST":0.5595048485,"STL":0.5121743275,"BLK":0.0908363529,"TOV":-0.5625000591,"3P":1.0,"PTS":0.7398039964,"Avg $":0.3567611554},"PTS":{"d_FG%":0.3193021262,"d_FT%":0.5343869181,"FG%":0.2843204433,"FT%":0.4662420129,"TRB":0.6798127636,"AST":0.7518499822,"STL":0.6296486321,"BLK":0.3903969227,"TOV":-0.8335162433,"3P":0.7398039964,"PTS":1.0,"Avg $":0.6676709084},"Avg $":{"d_FG%":0.3186389079,"d_FT%":0.442490882,"FG%":0.1121760754,"FT%":0.1669893429,"TRB":0.5204055764,"AST":0.5813896082,"STL":0.380580491,"BLK":0.3144426565,"TOV":-0.6466112303,"3P":0.3567611554,"PTS":0.6676709084,"Avg $":1.0}}