{"d_FG%":{"d_FG%":1.0,"d_FT%":-0.0404787702,"FG%":0.4263563611,"FT%":0.021772741,"TRB":0.4892838453,"AST":0.0031852398,"STL":0.0535467394,"BLK":0.4125180794,"TOV":-0.0926371596,"3P":-0.2135984548,"PTS":0.2309794621,"Avg $":0.2530688555},"d_FT%":{"d_FG%":-0.0404787702,"d_FT%":1.0,"FG%":-0.0155535248,"FT%":0.3627779688,"TRB":0.0408935573,"AST":0.3973556747,"STL":0.2210989242,"BLK":-0.0805754636,"TOV":-0.3716261507,"3P":0.4318717563,"PTS":0.4726052118,"Avg $":0.3521364751},"FG%":{"d_FG%":0.4263563611,"d_FT%":-0.0155535248,"FG%":1.0,"FT%":0.1998939976,"TRB":0.3147299766,"AST":0.0897721327,"STL":0.1494306693,"BLK":0.2810182428,"TOV":-0.1539551515,"3P":0.0387835325,"PTS":0.233847794,"Avg $":0.1023934171},"FT%":{"d_FG%":0.021772741,"d_FT%":0.3627779688,"FG%":0.1998939976,"FT%":1.0,"TRB":0.3045086563,"AST":0.3325827825,"STL":0.3922706394,"BLK":0.172653543,"TOV":-0.370595584,"3P":0.3992817498,"PTS":0.4543437266,"Avg $":0.1734296482},"TRB":{"d_FG%":0.4892838453,"d_FT%":0.0408935573,"FG%":0.3147299766,"FT%":0.3045086563,"TRB":1.0,"AST":0.4651474214,"STL":0.502460673,"BLK":0.6628570073,"TOV":-0.6100202126,"3P":0.2798403787,"PTS":0.6776228334,"Avg $":0.5180794613},"AST":{"d_FG%":0.0031852398,"d_FT%":0.3973556747,"FG%":0.0897721327,"FT%":0.3325827825,"TRB":0.4651474214,"AST":1.0,"STL":0.6673315062,"BLK":0.1743956502,"TOV":-0.8406893746,"3P":0.5543593685,"PTS":0.7482998646,"Avg $":0.5933193986},"STL":{"d_FG%":0.0535467394,"d_FT%":0.2210989242,"FG%":0.1494306693,"FT%":0.3922706394,"TRB":0.502460673,"AST":0.6673315062,"STL":1.0,"BLK":0.370641387,"TOV":-0.6406451062,"3P":0.5088406989,"PTS":0.6483710609,"Avg $":0.3980037658},"BLK":{"d_FG%":0.4125180794,"d_FT%":-0.0805754636,"FG%":0.2810182428,"FT%":0.172653543,"TRB":0.6628570073,"AST":0.1743956502,"STL":0.370641387,"BLK":1.0,"TOV":-0.2959858169,"3P":0.1141394031,"PTS":0.3793146243,"Avg $":0.3270336981},"TOV":{"d_FG%":-0.0926371596,"d_FT%":-0.3716261507,"FG%":-0.1539551515,"FT%":-0.370595584,"TRB":-0.6100202126,"AST":-0.8406893746,"STL":-0.6406451062,"BLK":-0.2959858169,"TOV":1.0,"3P":-0.579857995,"PTS":-0.8367763533,"Avg $":-0.6372776312},"3P":{"d_FG%":-0.2135984548,"d_FT%":0.4318717563,"FG%":0.0387835325,"FT%":0.3992817498,"TRB":0.2798403787,"AST":0.5543593685,"STL":0.5088406989,"BLK":0.1141394031,"TOV":-0.579857995,"3P":1.0,"PTS":0.7424397761,"Avg $":0.3744285202},"PTS":{"d_FG%":0.2309794621,"d_FT%":0.4726052118,"FG%":0.233847794,"FT%":0.4543437266,"TRB":0.6776228334,"AST":0.7482998646,"STL":0.6483710609,"BLK":0.3793146243,"TOV":-0.8367763533,"3P":0.7424397761,"PTS":1.0,"Avg $":0.6574250065},"Avg $":{"d_FG%":0.2530688555,"d_FT%":0.3521364751,"FG%":0.1023934171,"FT%":0.1734296482,"TRB":0.5180794613,"AST":0.5933193986,"STL":0.3980037658,"BLK":0.3270336981,"TOV":-0.6372776312,"3P":0.3744285202,"PTS":0.6574250065,"Avg $":1.0}}