{"d_FG%":{"d_FG%":1.0,"d_FT%":-0.139109569,"FG%":0.4360726738,"FT%":-0.0012366673,"TRB":0.5246400172,"AST":0.032482979,"STL":0.0614611883,"BLK":0.4657938815,"TOV":-0.133582047,"3P":-0.2264823056,"PTS":0.2366330989,"Avg $":0.2716656703},"d_FT%":{"d_FG%":-0.139109569,"d_FT%":1.0,"FG%":-0.0457354148,"FT%":0.3661864933,"TRB":0.0359892819,"AST":0.4370140524,"STL":0.2559697928,"BLK":-0.0928835938,"TOV":-0.4044269765,"3P":0.4649262076,"PTS":0.4931026866,"Avg $":0.3493416656},"FG%":{"d_FG%":0.4360726738,"d_FT%":-0.0457354148,"FG%":1.0,"FT%":0.1594536581,"TRB":0.342179002,"AST":0.0775315615,"STL":0.1414201934,"BLK":0.306824541,"TOV":-0.1638297363,"3P":0.0094424765,"PTS":0.2231956845,"Avg $":0.1070758096},"FT%":{"d_FG%":-0.0012366673,"d_FT%":0.3661864933,"FG%":0.1594536581,"FT%":1.0,"TRB":0.27730489,"AST":0.3254485066,"STL":0.3833286078,"BLK":0.1179636767,"TOV":-0.357079215,"3P":0.3934984119,"PTS":0.4357110383,"Avg $":0.1591896797},"TRB":{"d_FG%":0.5246400172,"d_FT%":0.0359892819,"FG%":0.342179002,"FT%":0.27730489,"TRB":1.0,"AST":0.4662320152,"STL":0.5069623727,"BLK":0.6687673891,"TOV":-0.6135815762,"3P":0.2586004527,"PTS":0.6751802072,"Avg $":0.5200951229},"AST":{"d_FG%":0.032482979,"d_FT%":0.4370140524,"FG%":0.0775315615,"FT%":0.3254485066,"TRB":0.4662320152,"AST":1.0,"STL":0.67138705,"BLK":0.1611184303,"TOV":-0.8615139798,"3P":0.5473688418,"PTS":0.7522943918,"Avg $":0.5947021391},"STL":{"d_FG%":0.0614611883,"d_FT%":0.2559697928,"FG%":0.1414201934,"FT%":0.3833286078,"TRB":0.5069623727,"AST":0.67138705,"STL":1.0,"BLK":0.3405229561,"TOV":-0.6526984941,"3P":0.535688572,"PTS":0.6652049515,"Avg $":0.3844868125},"BLK":{"d_FG%":0.4657938815,"d_FT%":-0.0928835938,"FG%":0.306824541,"FT%":0.1179636767,"TRB":0.6687673891,"AST":0.1611184303,"STL":0.3405229561,"BLK":1.0,"TOV":-0.2866797604,"3P":0.1006504175,"PTS":0.3787860829,"Avg $":0.309406833},"TOV":{"d_FG%":-0.133582047,"d_FT%":-0.4044269765,"FG%":-0.1638297363,"FT%":-0.357079215,"TRB":-0.6135815762,"AST":-0.8615139798,"STL":-0.6526984941,"BLK":-0.2866797604,"TOV":1.0,"3P":-0.5705453843,"PTS":-0.8430285763,"Avg $":-0.6464979496},"3P":{"d_FG%":-0.2264823056,"d_FT%":0.4649262076,"FG%":0.0094424765,"FT%":0.3934984119,"TRB":0.2586004527,"AST":0.5473688418,"STL":0.535688572,"BLK":0.1006504175,"TOV":-0.5705453843,"3P":1.0,"PTS":0.7328442721,"Avg $":0.3555881278},"PTS":{"d_FG%":0.2366330989,"d_FT%":0.4931026866,"FG%":0.2231956845,"FT%":0.4357110383,"TRB":0.6751802072,"AST":0.7522943918,"STL":0.6652049515,"BLK":0.3787860829,"TOV":-0.8430285763,"3P":0.7328442721,"PTS":1.0,"Avg $":0.6673174002},"Avg $":{"d_FG%":0.2716656703,"d_FT%":0.3493416656,"FG%":0.1070758096,"FT%":0.1591896797,"TRB":0.5200951229,"AST":0.5947021391,"STL":0.3844868125,"BLK":0.309406833,"TOV":-0.6464979496,"3P":0.3555881278,"PTS":0.6673174002,"Avg $":1.0}}