{"d_FG%":{"d_FG%":1.0,"d_FT%":-0.1044772404,"FG%":0.4119473661,"FT%":0.0399210931,"TRB":0.5962016893,"AST":0.1271552142,"STL":0.1342133684,"BLK":0.5079672416,"TOV":-0.232924039,"3P":-0.1541667428,"PTS":0.3253634223,"Avg $":0.3282223652},"d_FT%":{"d_FG%":-0.1044772404,"d_FT%":1.0,"FG%":-0.0317596283,"FT%":0.3269399718,"TRB":0.0863576071,"AST":0.4928663742,"STL":0.2652929343,"BLK":-0.033223749,"TOV":-0.4520484166,"3P":0.5254709414,"PTS":0.5473551097,"Avg $":0.4595732492},"FG%":{"d_FG%":0.4119473661,"d_FT%":-0.0317596283,"FG%":1.0,"FT%":0.2273114778,"TRB":0.3692026208,"AST":0.0990382701,"STL":0.1540130587,"BLK":0.3372593287,"TOV":-0.1692105433,"3P":0.04085635,"PTS":0.2804880554,"Avg $":0.1124996905},"FT%":{"d_FG%":0.0399210931,"d_FT%":0.3269399718,"FG%":0.2273114778,"FT%":1.0,"TRB":0.3065035748,"AST":0.3564177207,"STL":0.3358381877,"BLK":0.1483781802,"TOV":-0.3571851722,"3P":0.4380730393,"PTS":0.4675707398,"Avg $":0.1679013164},"TRB":{"d_FG%":0.5962016893,"d_FT%":0.0863576071,"FG%":0.3692026208,"FT%":0.3065035748,"TRB":1.0,"AST":0.465789317,"STL":0.4978628935,"BLK":0.6752970199,"TOV":-0.6191573052,"3P":0.2766115231,"PTS":0.6829952668,"Avg $":0.5225945768},"AST":{"d_FG%":0.1271552142,"d_FT%":0.4928663742,"FG%":0.0990382701,"FT%":0.3564177207,"TRB":0.465789317,"AST":1.0,"STL":0.6671780552,"BLK":0.1808001239,"TOV":-0.8574690291,"3P":0.5640048229,"PTS":0.7568783478,"Avg $":0.583379765},"STL":{"d_FG%":0.1342133684,"d_FT%":0.2652929343,"FG%":0.1540130587,"FT%":0.3358381877,"TRB":0.4978628935,"AST":0.6671780552,"STL":1.0,"BLK":0.3603510573,"TOV":-0.6428498024,"3P":0.5151025009,"PTS":0.6344845545,"Avg $":0.3857494719},"BLK":{"d_FG%":0.5079672416,"d_FT%":-0.033223749,"FG%":0.3372593287,"FT%":0.1483781802,"TRB":0.6752970199,"AST":0.1808001239,"STL":0.3603510573,"BLK":1.0,"TOV":-0.3239538576,"3P":0.0891647678,"PTS":0.3956449402,"Avg $":0.3203552955},"TOV":{"d_FG%":-0.232924039,"d_FT%":-0.4520484166,"FG%":-0.1692105433,"FT%":-0.3571851722,"TRB":-0.6191573052,"AST":-0.8574690291,"STL":-0.6428498024,"BLK":-0.3239538576,"TOV":1.0,"3P":-0.5614265274,"PTS":-0.8361798296,"Avg $":-0.6479230442},"3P":{"d_FG%":-0.1541667428,"d_FT%":0.5254709414,"FG%":0.04085635,"FT%":0.4380730393,"TRB":0.2766115231,"AST":0.5640048229,"STL":0.5151025009,"BLK":0.0891647678,"TOV":-0.5614265274,"3P":1.0,"PTS":0.7388470774,"Avg $":0.3591070828},"PTS":{"d_FG%":0.3253634223,"d_FT%":0.5473551097,"FG%":0.2804880554,"FT%":0.4675707398,"TRB":0.6829952668,"AST":0.7568783478,"STL":0.6344845545,"BLK":0.3956449402,"TOV":-0.8361798296,"3P":0.7388470774,"PTS":1.0,"Avg $":0.669353866},"Avg $":{"d_FG%":0.3282223652,"d_FT%":0.4595732492,"FG%":0.1124996905,"FT%":0.1679013164,"TRB":0.5225945768,"AST":0.583379765,"STL":0.3857494719,"BLK":0.3203552955,"TOV":-0.6479230442,"3P":0.3591070828,"PTS":0.669353866,"Avg $":1.0}}