{"d_FG%":{"d_FG%":1.0,"d_FT%":-0.110868293,"FG%":0.4000116212,"FT%":0.0253418688,"TRB":0.5351290502,"AST":0.0830804499,"STL":0.0869825882,"BLK":0.4531118508,"TOV":-0.1890608894,"3P":-0.1865555792,"PTS":0.2757642079,"Avg $":0.3094846824},"d_FT%":{"d_FG%":-0.110868293,"d_FT%":1.0,"FG%":-0.0202513492,"FT%":0.3519437601,"TRB":0.0710391824,"AST":0.4453612606,"STL":0.2652243329,"BLK":-0.0431165969,"TOV":-0.4247202717,"3P":0.5015370661,"PTS":0.5315700798,"Avg $":0.393454599},"FG%":{"d_FG%":0.4000116212,"d_FT%":-0.0202513492,"FG%":1.0,"FT%":0.1981151817,"TRB":0.3424997736,"AST":0.0938771943,"STL":0.1829374519,"BLK":0.3077963183,"TOV":-0.1680561738,"3P":0.0754127109,"PTS":0.2693613166,"Avg $":0.1200628079},"FT%":{"d_FG%":0.0253418688,"d_FT%":0.3519437601,"FG%":0.1981151817,"FT%":1.0,"TRB":0.304395656,"AST":0.345972927,"STL":0.3805637402,"BLK":0.1327997618,"TOV":-0.3640450138,"3P":0.417303341,"PTS":0.4659836409,"Avg $":0.167231964},"TRB":{"d_FG%":0.5351290502,"d_FT%":0.0710391824,"FG%":0.3424997736,"FT%":0.304395656,"TRB":1.0,"AST":0.4666856073,"STL":0.48814022,"BLK":0.6701173554,"TOV":-0.6103577908,"3P":0.2668898318,"PTS":0.6712998619,"Avg $":0.5147690705},"AST":{"d_FG%":0.0830804499,"d_FT%":0.4453612606,"FG%":0.0938771943,"FT%":0.345972927,"TRB":0.4666856073,"AST":1.0,"STL":0.6518602322,"BLK":0.1624406878,"TOV":-0.8535963084,"3P":0.5512087035,"PTS":0.7535201068,"Avg $":0.5837885337},"STL":{"d_FG%":0.0869825882,"d_FT%":0.2652243329,"FG%":0.1829374519,"FT%":0.3805637402,"TRB":0.48814022,"AST":0.6518602322,"STL":1.0,"BLK":0.3448963567,"TOV":-0.6290942774,"3P":0.5200534907,"PTS":0.648461827,"Avg $":0.3734993421},"BLK":{"d_FG%":0.4531118508,"d_FT%":-0.0431165969,"FG%":0.3077963183,"FT%":0.1327997618,"TRB":0.6701173554,"AST":0.1624406878,"STL":0.3448963567,"BLK":1.0,"TOV":-0.2960688153,"3P":0.0806134552,"PTS":0.3698214354,"Avg $":0.2976742085},"TOV":{"d_FG%":-0.1890608894,"d_FT%":-0.4247202717,"FG%":-0.1680561738,"FT%":-0.3640450138,"TRB":-0.6103577908,"AST":-0.8535963084,"STL":-0.6290942774,"BLK":-0.2960688153,"TOV":1.0,"3P":-0.5549930545,"PTS":-0.8363441039,"Avg $":-0.6437616549},"3P":{"d_FG%":-0.1865555792,"d_FT%":0.5015370661,"FG%":0.0754127109,"FT%":0.417303341,"TRB":0.2668898318,"AST":0.5512087035,"STL":0.5200534907,"BLK":0.0806134552,"TOV":-0.5549930545,"3P":1.0,"PTS":0.7355376107,"Avg $":0.3602436442},"PTS":{"d_FG%":0.2757642079,"d_FT%":0.5315700798,"FG%":0.2693613166,"FT%":0.4659836409,"TRB":0.6712998619,"AST":0.7535201068,"STL":0.648461827,"BLK":0.3698214354,"TOV":-0.8363441039,"3P":0.7355376107,"PTS":1.0,"Avg $":0.6683487056},"Avg $":{"d_FG%":0.3094846824,"d_FT%":0.393454599,"FG%":0.1200628079,"FT%":0.167231964,"TRB":0.5147690705,"AST":0.5837885337,"STL":0.3734993421,"BLK":0.2976742085,"TOV":-0.6437616549,"3P":0.3602436442,"PTS":0.6683487056,"Avg $":1.0}}