{"d_FG%":{"d_FG%":1.0,"d_FT%":-0.0851755812,"FG%":0.4066516569,"FT%":0.0107881807,"TRB":0.4735294893,"AST":0.0112172121,"STL":0.0471245395,"BLK":0.3873307487,"TOV":-0.0946179799,"3P":-0.2098145957,"PTS":0.2223777302,"Avg $":0.2466753324},"d_FT%":{"d_FG%":-0.0851755812,"d_FT%":1.0,"FG%":-0.0344548671,"FT%":0.3533826899,"TRB":0.0067517105,"AST":0.3568937162,"STL":0.1889037331,"BLK":-0.1080967612,"TOV":-0.329757218,"3P":0.4160323364,"PTS":0.4220489769,"Avg $":0.296609175},"FG%":{"d_FG%":0.4066516569,"d_FT%":-0.0344548671,"FG%":1.0,"FT%":0.1538531843,"TRB":0.2942202815,"AST":0.0842673126,"STL":0.1443058486,"BLK":0.2495294189,"TOV":-0.1494497949,"3P":0.0434742684,"PTS":0.2268249363,"Avg $":0.095172755},"FT%":{"d_FG%":0.0107881807,"d_FT%":0.3533826899,"FG%":0.1538531843,"FT%":1.0,"TRB":0.3219640867,"AST":0.3384988623,"STL":0.3978124108,"BLK":0.1758632317,"TOV":-0.3720138118,"3P":0.4039340172,"PTS":0.4649819556,"Avg $":0.1784369492},"TRB":{"d_FG%":0.4735294893,"d_FT%":0.0067517105,"FG%":0.2942202815,"FT%":0.3219640867,"TRB":1.0,"AST":0.4674065811,"STL":0.5140919655,"BLK":0.6512385438,"TOV":-0.6201317668,"3P":0.2940152569,"PTS":0.6871379777,"Avg $":0.5248321018},"AST":{"d_FG%":0.0112172121,"d_FT%":0.3568937162,"FG%":0.0842673126,"FT%":0.3384988623,"TRB":0.4674065811,"AST":1.0,"STL":0.6470729583,"BLK":0.1735576567,"TOV":-0.830237184,"3P":0.5526343364,"PTS":0.7460478502,"Avg $":0.5907180184},"STL":{"d_FG%":0.0471245395,"d_FT%":0.1889037331,"FG%":0.1443058486,"FT%":0.3978124108,"TRB":0.5140919655,"AST":0.6470729583,"STL":1.0,"BLK":0.3786134837,"TOV":-0.6414934959,"3P":0.5019630347,"PTS":0.6378969613,"Avg $":0.3894596311},"BLK":{"d_FG%":0.3873307487,"d_FT%":-0.1080967612,"FG%":0.2495294189,"FT%":0.1758632317,"TRB":0.6512385438,"AST":0.1735576567,"STL":0.3786134837,"BLK":1.0,"TOV":-0.3065646135,"3P":0.123099569,"PTS":0.3749274065,"Avg $":0.3070082582},"TOV":{"d_FG%":-0.0946179799,"d_FT%":-0.329757218,"FG%":-0.1494497949,"FT%":-0.3720138118,"TRB":-0.6201317668,"AST":-0.830237184,"STL":-0.6414934959,"BLK":-0.3065646135,"TOV":1.0,"3P":-0.5731290092,"PTS":-0.8297483264,"Avg $":-0.6325303508},"3P":{"d_FG%":-0.2098145957,"d_FT%":0.4160323364,"FG%":0.0434742684,"FT%":0.4039340172,"TRB":0.2940152569,"AST":0.5526343364,"STL":0.5019630347,"BLK":0.123099569,"TOV":-0.5731290092,"3P":1.0,"PTS":0.7455211836,"Avg $":0.3768877839},"PTS":{"d_FG%":0.2223777302,"d_FT%":0.4220489769,"FG%":0.2268249363,"FT%":0.4649819556,"TRB":0.6871379777,"AST":0.7460478502,"STL":0.6378969613,"BLK":0.3749274065,"TOV":-0.8297483264,"3P":0.7455211836,"PTS":1.0,"Avg $":0.6495063268},"Avg $":{"d_FG%":0.2466753324,"d_FT%":0.296609175,"FG%":0.095172755,"FT%":0.1784369492,"TRB":0.5248321018,"AST":0.5907180184,"STL":0.3894596311,"BLK":0.3070082582,"TOV":-0.6325303508,"3P":0.3768877839,"PTS":0.6495063268,"Avg $":1.0}}