{"d_FG%":{"d_FG%":1.0,"d_FT%":-0.0864560996,"FG%":0.4280107603,"FT%":0.0442385844,"TRB":0.6218156878,"AST":0.1476208862,"STL":0.1430238891,"BLK":0.5197928568,"TOV":-0.2551825224,"3P":-0.157192992,"PTS":0.3469936893,"Avg $":0.3550257368},"d_FT%":{"d_FG%":-0.0864560996,"d_FT%":1.0,"FG%":-0.0316029564,"FT%":0.3241176362,"TRB":0.0769290962,"AST":0.4800873268,"STL":0.2677342321,"BLK":-0.047915905,"TOV":-0.4370721201,"3P":0.5208210867,"PTS":0.5389669359,"Avg $":0.4361579583},"FG%":{"d_FG%":0.4280107603,"d_FT%":-0.0316029564,"FG%":1.0,"FT%":0.2981250625,"TRB":0.4006490173,"AST":0.1144611109,"STL":0.1575013796,"BLK":0.3615759159,"TOV":-0.1939445383,"3P":0.0424569357,"PTS":0.2988559988,"Avg $":0.1231419981},"FT%":{"d_FG%":0.0442385844,"d_FT%":0.3241176362,"FG%":0.2981250625,"FT%":1.0,"TRB":0.3042833344,"AST":0.3558555062,"STL":0.3497937903,"BLK":0.1518233319,"TOV":-0.3501570888,"3P":0.437323079,"PTS":0.4678414925,"Avg $":0.1644864433},"TRB":{"d_FG%":0.6218156878,"d_FT%":0.0769290962,"FG%":0.4006490173,"FT%":0.3042833344,"TRB":1.0,"AST":0.4639258833,"STL":0.4946775414,"BLK":0.6779503904,"TOV":-0.6184546771,"3P":0.2668192252,"PTS":0.6801808887,"Avg $":0.5250405828},"AST":{"d_FG%":0.1476208862,"d_FT%":0.4800873268,"FG%":0.1144611109,"FT%":0.3558555062,"TRB":0.4639258833,"AST":1.0,"STL":0.6680111836,"BLK":0.1734960985,"TOV":-0.8666557111,"3P":0.5685333883,"PTS":0.7593764321,"Avg $":0.5847428327},"STL":{"d_FG%":0.1430238891,"d_FT%":0.2677342321,"FG%":0.1575013796,"FT%":0.3497937903,"TRB":0.4946775414,"AST":0.6680111836,"STL":1.0,"BLK":0.3567579512,"TOV":-0.6477981307,"3P":0.512130839,"PTS":0.6283659977,"Avg $":0.3789257602},"BLK":{"d_FG%":0.5197928568,"d_FT%":-0.047915905,"FG%":0.3615759159,"FT%":0.1518233319,"TRB":0.6779503904,"AST":0.1734960985,"STL":0.3567579512,"BLK":1.0,"TOV":-0.3183653843,"3P":0.0753742064,"PTS":0.391006967,"Avg $":0.3283000665},"TOV":{"d_FG%":-0.2551825224,"d_FT%":-0.4370721201,"FG%":-0.1939445383,"FT%":-0.3501570888,"TRB":-0.6184546771,"AST":-0.8666557111,"STL":-0.6477981307,"BLK":-0.3183653843,"TOV":1.0,"3P":-0.5571489804,"PTS":-0.8361582673,"Avg $":-0.6424026078},"3P":{"d_FG%":-0.157192992,"d_FT%":0.5208210867,"FG%":0.0424569357,"FT%":0.437323079,"TRB":0.2668192252,"AST":0.5685333883,"STL":0.512130839,"BLK":0.0753742064,"TOV":-0.5571489804,"3P":1.0,"PTS":0.7335954731,"Avg $":0.3595960368},"PTS":{"d_FG%":0.3469936893,"d_FT%":0.5389669359,"FG%":0.2988559988,"FT%":0.4678414925,"TRB":0.6801808887,"AST":0.7593764321,"STL":0.6283659977,"BLK":0.391006967,"TOV":-0.8361582673,"3P":0.7335954731,"PTS":1.0,"Avg $":0.6700421985},"Avg $":{"d_FG%":0.3550257368,"d_FT%":0.4361579583,"FG%":0.1231419981,"FT%":0.1644864433,"TRB":0.5250405828,"AST":0.5847428327,"STL":0.3789257602,"BLK":0.3283000665,"TOV":-0.6424026078,"3P":0.3595960368,"PTS":0.6700421985,"Avg $":1.0}}