{"d_FG%":{"d_FG%":1.0,"d_FT%":-0.1340696899,"FG%":0.423496694,"FT%":-0.0072667115,"TRB":0.5230168923,"AST":0.0464993586,"STL":0.0517177465,"BLK":0.4423915946,"TOV":-0.1467957512,"3P":-0.2366544081,"PTS":0.2343301669,"Avg $":0.2832030757},"d_FT%":{"d_FG%":-0.1340696899,"d_FT%":1.0,"FG%":-0.0434353824,"FT%":0.3557989714,"TRB":0.0539955889,"AST":0.4303581404,"STL":0.2249671649,"BLK":-0.0610758681,"TOV":-0.4065867,"3P":0.4826389553,"PTS":0.5136493,"Avg $":0.3739998663},"FG%":{"d_FG%":0.423496694,"d_FT%":-0.0434353824,"FG%":1.0,"FT%":0.1279802066,"TRB":0.3272739789,"AST":0.0728343699,"STL":0.1014894205,"BLK":0.2500385682,"TOV":-0.1422436118,"3P":0.0096834398,"PTS":0.2226762506,"Avg $":0.1139512215},"FT%":{"d_FG%":-0.0072667115,"d_FT%":0.3557989714,"FG%":0.1279802066,"FT%":1.0,"TRB":0.2571101111,"AST":0.3343302385,"STL":0.3779955969,"BLK":0.0809157333,"TOV":-0.3512804288,"3P":0.388950349,"PTS":0.4310939764,"Avg $":0.1568070958},"TRB":{"d_FG%":0.5230168923,"d_FT%":0.0539955889,"FG%":0.3272739789,"FT%":0.2571101111,"TRB":1.0,"AST":0.4632293027,"STL":0.4701036366,"BLK":0.6704744316,"TOV":-0.5957545794,"3P":0.2478408031,"PTS":0.66398738,"Avg $":0.5146270218},"AST":{"d_FG%":0.0464993586,"d_FT%":0.4303581404,"FG%":0.0728343699,"FT%":0.3343302385,"TRB":0.4632293027,"AST":1.0,"STL":0.6361192176,"BLK":0.1531601766,"TOV":-0.8583620207,"3P":0.547747978,"PTS":0.7531782174,"Avg $":0.5848221874},"STL":{"d_FG%":0.0517177465,"d_FT%":0.2249671649,"FG%":0.1014894205,"FT%":0.3779955969,"TRB":0.4701036366,"AST":0.6361192176,"STL":1.0,"BLK":0.3426054988,"TOV":-0.6024076144,"3P":0.4906302068,"PTS":0.6071625416,"Avg $":0.3499530681},"BLK":{"d_FG%":0.4423915946,"d_FT%":-0.0610758681,"FG%":0.2500385682,"FT%":0.0809157333,"TRB":0.6704744316,"AST":0.1531601766,"STL":0.3426054988,"BLK":1.0,"TOV":-0.2712251646,"3P":0.0692563169,"PTS":0.3520648651,"Avg $":0.2975315559},"TOV":{"d_FG%":-0.1467957512,"d_FT%":-0.4065867,"FG%":-0.1422436118,"FT%":-0.3512804288,"TRB":-0.5957545794,"AST":-0.8583620207,"STL":-0.6024076144,"BLK":-0.2712251646,"TOV":1.0,"3P":-0.5573980772,"PTS":-0.8376551615,"Avg $":-0.646138804},"3P":{"d_FG%":-0.2366544081,"d_FT%":0.4826389553,"FG%":0.0096834398,"FT%":0.388950349,"TRB":0.2478408031,"AST":0.547747978,"STL":0.4906302068,"BLK":0.0692563169,"TOV":-0.5573980772,"3P":1.0,"PTS":0.7276620773,"Avg $":0.3559525766},"PTS":{"d_FG%":0.2343301669,"d_FT%":0.5136493,"FG%":0.2226762506,"FT%":0.4310939764,"TRB":0.66398738,"AST":0.7531782174,"STL":0.6071625416,"BLK":0.3520648651,"TOV":-0.8376551615,"3P":0.7276620773,"PTS":1.0,"Avg $":0.6681381612},"Avg $":{"d_FG%":0.2832030757,"d_FT%":0.3739998663,"FG%":0.1139512215,"FT%":0.1568070958,"TRB":0.5146270218,"AST":0.5848221874,"STL":0.3499530681,"BLK":0.2975315559,"TOV":-0.646138804,"3P":0.3559525766,"PTS":0.6681381612,"Avg $":1.0}}