{"d_FG%":{"d_FG%":1.0,"d_FT%":-0.0887666322,"FG%":0.4279318435,"FT%":0.0411683511,"TRB":0.6208254091,"AST":0.1423403602,"STL":0.1463829395,"BLK":0.522815865,"TOV":-0.2517659993,"3P":-0.1654768753,"PTS":0.3404477293,"Avg $":0.3519964687},"d_FT%":{"d_FG%":-0.0887666322,"d_FT%":1.0,"FG%":-0.0329903096,"FT%":0.3249828995,"TRB":0.0803344367,"AST":0.4781094129,"STL":0.274256701,"BLK":-0.0420328768,"TOV":-0.4337172536,"3P":0.5190304676,"PTS":0.5403744661,"Avg $":0.4397976565},"FG%":{"d_FG%":0.4279318435,"d_FT%":-0.0329903096,"FG%":1.0,"FT%":0.2850968969,"TRB":0.398159795,"AST":0.1203433094,"STL":0.1597355979,"BLK":0.3693379787,"TOV":-0.1967255756,"3P":0.0342803304,"PTS":0.2968863377,"Avg $":0.1232016368},"FT%":{"d_FG%":0.0411683511,"d_FT%":0.3249828995,"FG%":0.2850968969,"FT%":1.0,"TRB":0.3044359987,"AST":0.3453464426,"STL":0.3607922314,"BLK":0.1584631311,"TOV":-0.3538383446,"3P":0.4369415527,"PTS":0.4634417665,"Avg $":0.1647016141},"TRB":{"d_FG%":0.6208254091,"d_FT%":0.0803344367,"FG%":0.398159795,"FT%":0.3044359987,"TRB":1.0,"AST":0.457314814,"STL":0.4983718604,"BLK":0.6852623191,"TOV":-0.6193625312,"3P":0.2643594532,"PTS":0.6772171652,"Avg $":0.5249260188},"AST":{"d_FG%":0.1423403602,"d_FT%":0.4781094129,"FG%":0.1203433094,"FT%":0.3453464426,"TRB":0.457314814,"AST":1.0,"STL":0.6651432364,"BLK":0.1705527867,"TOV":-0.8627875179,"3P":0.5611797619,"PTS":0.7574930695,"Avg $":0.5819781295},"STL":{"d_FG%":0.1463829395,"d_FT%":0.274256701,"FG%":0.1597355979,"FT%":0.3607922314,"TRB":0.4983718604,"AST":0.6651432364,"STL":1.0,"BLK":0.3557630054,"TOV":-0.6504724838,"3P":0.518045212,"PTS":0.6340456249,"Avg $":0.3848029025},"BLK":{"d_FG%":0.522815865,"d_FT%":-0.0420328768,"FG%":0.3693379787,"FT%":0.1584631311,"TRB":0.6852623191,"AST":0.1705527867,"STL":0.3557630054,"BLK":1.0,"TOV":-0.3185802727,"3P":0.0778798163,"PTS":0.3938084823,"Avg $":0.3308405793},"TOV":{"d_FG%":-0.2517659993,"d_FT%":-0.4337172536,"FG%":-0.1967255756,"FT%":-0.3538383446,"TRB":-0.6193625312,"AST":-0.8627875179,"STL":-0.6504724838,"BLK":-0.3185802727,"TOV":1.0,"3P":-0.5551798536,"PTS":-0.8370545219,"Avg $":-0.6402889151},"3P":{"d_FG%":-0.1654768753,"d_FT%":0.5190304676,"FG%":0.0342803304,"FT%":0.4369415527,"TRB":0.2643594532,"AST":0.5611797619,"STL":0.518045212,"BLK":0.0778798163,"TOV":-0.5551798536,"3P":1.0,"PTS":0.7312716608,"Avg $":0.357924287},"PTS":{"d_FG%":0.3404477293,"d_FT%":0.5403744661,"FG%":0.2968863377,"FT%":0.4634417665,"TRB":0.6772171652,"AST":0.7574930695,"STL":0.6340456249,"BLK":0.3938084823,"TOV":-0.8370545219,"3P":0.7312716608,"PTS":1.0,"Avg $":0.6706171171},"Avg $":{"d_FG%":0.3519964687,"d_FT%":0.4397976565,"FG%":0.1232016368,"FT%":0.1647016141,"TRB":0.5249260188,"AST":0.5819781295,"STL":0.3848029025,"BLK":0.3308405793,"TOV":-0.6402889151,"3P":0.357924287,"PTS":0.6706171171,"Avg $":1.0}}