{"d_FG%":{"d_FG%":1.0,"d_FT%":-0.125992081,"FG%":0.3995306234,"FT%":0.0287798895,"TRB":0.5640275251,"AST":0.1013325254,"STL":0.110914017,"BLK":0.4937767713,"TOV":-0.2087348324,"3P":-0.1616526928,"PTS":0.3008432213,"Avg $":0.3134201178},"d_FT%":{"d_FG%":-0.125992081,"d_FT%":1.0,"FG%":-0.0328354558,"FT%":0.3256049371,"TRB":0.0680766168,"AST":0.4506643898,"STL":0.2485824541,"BLK":-0.0296894442,"TOV":-0.4261982469,"3P":0.5134789736,"PTS":0.5292861907,"Avg $":0.4294067823},"FG%":{"d_FG%":0.3995306234,"d_FT%":-0.0328354558,"FG%":1.0,"FT%":0.2062059084,"TRB":0.3396493634,"AST":0.0866798948,"STL":0.1423321198,"BLK":0.3184696141,"TOV":-0.1524242354,"3P":0.0499993436,"PTS":0.2678073689,"Avg $":0.1093291849},"FT%":{"d_FG%":0.0287798895,"d_FT%":0.3256049371,"FG%":0.2062059084,"FT%":1.0,"TRB":0.3047220866,"AST":0.3398415438,"STL":0.3419006622,"BLK":0.1552269326,"TOV":-0.3456404813,"3P":0.4196246253,"PTS":0.4587701515,"Avg $":0.1638268608},"TRB":{"d_FG%":0.5640275251,"d_FT%":0.0680766168,"FG%":0.3396493634,"FT%":0.3047220866,"TRB":1.0,"AST":0.4649612153,"STL":0.483150111,"BLK":0.6640142416,"TOV":-0.6099981492,"3P":0.2783571126,"PTS":0.677737415,"Avg $":0.5198910514},"AST":{"d_FG%":0.1013325254,"d_FT%":0.4506643898,"FG%":0.0866798948,"FT%":0.3398415438,"TRB":0.4649612153,"AST":1.0,"STL":0.6526471527,"BLK":0.1855667161,"TOV":-0.849841089,"3P":0.5548640207,"PTS":0.7489433445,"Avg $":0.5776156676},"STL":{"d_FG%":0.110914017,"d_FT%":0.2485824541,"FG%":0.1423321198,"FT%":0.3419006622,"TRB":0.483150111,"AST":0.6526471527,"STL":1.0,"BLK":0.3662295331,"TOV":-0.620953887,"3P":0.5023282364,"PTS":0.6203613552,"Avg $":0.3700179167},"BLK":{"d_FG%":0.4937767713,"d_FT%":-0.0296894442,"FG%":0.3184696141,"FT%":0.1552269326,"TRB":0.6640142416,"AST":0.1855667161,"STL":0.3662295331,"BLK":1.0,"TOV":-0.3122996045,"3P":0.0957829917,"PTS":0.3905670146,"Avg $":0.3171752845},"TOV":{"d_FG%":-0.2087348324,"d_FT%":-0.4261982469,"FG%":-0.1524242354,"FT%":-0.3456404813,"TRB":-0.6099981492,"AST":-0.849841089,"STL":-0.620953887,"BLK":-0.3122996045,"TOV":1.0,"3P":-0.562265181,"PTS":-0.8303187185,"Avg $":-0.6441443714},"3P":{"d_FG%":-0.1616526928,"d_FT%":0.5134789736,"FG%":0.0499993436,"FT%":0.4196246253,"TRB":0.2783571126,"AST":0.5548640207,"STL":0.5023282364,"BLK":0.0957829917,"TOV":-0.562265181,"3P":1.0,"PTS":0.7401370819,"Avg $":0.3560085925},"PTS":{"d_FG%":0.3008432213,"d_FT%":0.5292861907,"FG%":0.2678073689,"FT%":0.4587701515,"TRB":0.677737415,"AST":0.7489433445,"STL":0.6203613552,"BLK":0.3905670146,"TOV":-0.8303187185,"3P":0.7401370819,"PTS":1.0,"Avg $":0.6666289948},"Avg $":{"d_FG%":0.3134201178,"d_FT%":0.4294067823,"FG%":0.1093291849,"FT%":0.1638268608,"TRB":0.5198910514,"AST":0.5776156676,"STL":0.3700179167,"BLK":0.3171752845,"TOV":-0.6441443714,"3P":0.3560085925,"PTS":0.6666289948,"Avg $":1.0}}