{"d_FG%":{"d_FG%":1.0,"d_FT%":-0.1027119098,"FG%":0.4265547412,"FT%":0.0057503997,"TRB":0.4955409311,"AST":0.0122342163,"STL":0.0626803464,"BLK":0.4032247245,"TOV":-0.1058215998,"3P":-0.2145166295,"PTS":0.230601421,"Avg $":0.2781536924},"d_FT%":{"d_FG%":-0.1027119098,"d_FT%":1.0,"FG%":-0.0371336445,"FT%":0.3554491251,"TRB":0.0032917297,"AST":0.3928933328,"STL":0.2315390934,"BLK":-0.1030665552,"TOV":-0.3462082421,"3P":0.4341335763,"PTS":0.4426756024,"Avg $":0.312424383},"FG%":{"d_FG%":0.4265547412,"d_FT%":-0.0371336445,"FG%":1.0,"FT%":0.1605597017,"TRB":0.3038793829,"AST":0.0827642498,"STL":0.1333178915,"BLK":0.2371421676,"TOV":-0.1620543125,"3P":0.0272990254,"PTS":0.2232205834,"Avg $":0.1045660091},"FT%":{"d_FG%":0.0057503997,"d_FT%":0.3554491251,"FG%":0.1605597017,"FT%":1.0,"TRB":0.2861811768,"AST":0.332637165,"STL":0.3975214059,"BLK":0.1367260121,"TOV":-0.3679846036,"3P":0.4109295014,"PTS":0.4534187378,"Avg $":0.1655514111},"TRB":{"d_FG%":0.4955409311,"d_FT%":0.0032917297,"FG%":0.3038793829,"FT%":0.2861811768,"TRB":1.0,"AST":0.4652192619,"STL":0.4996319186,"BLK":0.6574659203,"TOV":-0.6162831273,"3P":0.2769259285,"PTS":0.6760770069,"Avg $":0.5134776913},"AST":{"d_FG%":0.0122342163,"d_FT%":0.3928933328,"FG%":0.0827642498,"FT%":0.332637165,"TRB":0.4652192619,"AST":1.0,"STL":0.6516946465,"BLK":0.1544195903,"TOV":-0.8511101275,"3P":0.5484228294,"PTS":0.749534638,"Avg $":0.5956881951},"STL":{"d_FG%":0.0626803464,"d_FT%":0.2315390934,"FG%":0.1333178915,"FT%":0.3975214059,"TRB":0.4996319186,"AST":0.6516946465,"STL":1.0,"BLK":0.3465215968,"TOV":-0.6276526215,"3P":0.534749027,"PTS":0.6567000913,"Avg $":0.3858514096},"BLK":{"d_FG%":0.4032247245,"d_FT%":-0.1030665552,"FG%":0.2371421676,"FT%":0.1367260121,"TRB":0.6574659203,"AST":0.1544195903,"STL":0.3465215968,"BLK":1.0,"TOV":-0.2813552664,"3P":0.0939844834,"PTS":0.3564116268,"Avg $":0.3132868984},"TOV":{"d_FG%":-0.1058215998,"d_FT%":-0.3462082421,"FG%":-0.1620543125,"FT%":-0.3679846036,"TRB":-0.6162831273,"AST":-0.8511101275,"STL":-0.6276526215,"BLK":-0.2813552664,"TOV":1.0,"3P":-0.5653896404,"PTS":-0.8339930404,"Avg $":-0.6436570482},"3P":{"d_FG%":-0.2145166295,"d_FT%":0.4341335763,"FG%":0.0272990254,"FT%":0.4109295014,"TRB":0.2769259285,"AST":0.5484228294,"STL":0.534749027,"BLK":0.0939844834,"TOV":-0.5653896404,"3P":1.0,"PTS":0.7428933165,"Avg $":0.3696439026},"PTS":{"d_FG%":0.230601421,"d_FT%":0.4426756024,"FG%":0.2232205834,"FT%":0.4534187378,"TRB":0.6760770069,"AST":0.749534638,"STL":0.6567000913,"BLK":0.3564116268,"TOV":-0.8339930404,"3P":0.7428933165,"PTS":1.0,"Avg $":0.6623630786},"Avg $":{"d_FG%":0.2781536924,"d_FT%":0.312424383,"FG%":0.1045660091,"FT%":0.1655514111,"TRB":0.5134776913,"AST":0.5956881951,"STL":0.3858514096,"BLK":0.3132868984,"TOV":-0.6436570482,"3P":0.3696439026,"PTS":0.6623630786,"Avg $":1.0}}