{"d_FG%":{"d_FG%":1.0,"d_FT%":-0.0971795745,"FG%":0.4305501806,"FT%":0.0046269865,"TRB":0.4902594581,"AST":0.0041759307,"STL":0.0467541558,"BLK":0.3984073011,"TOV":-0.0874542508,"3P":-0.2252563345,"PTS":0.2186030069,"Avg $":0.2595725394},"d_FT%":{"d_FG%":-0.0971795745,"d_FT%":1.0,"FG%":-0.0383528295,"FT%":0.3629534312,"TRB":0.0070035638,"AST":0.3954113233,"STL":0.2111346462,"BLK":-0.1048842953,"TOV":-0.3536510584,"3P":0.4378320883,"PTS":0.4507138051,"Avg $":0.331259009},"FG%":{"d_FG%":0.4305501806,"d_FT%":-0.0383528295,"FG%":1.0,"FT%":0.1565144914,"TRB":0.3036673813,"AST":0.0798279412,"STL":0.1091760666,"BLK":0.2395885462,"TOV":-0.1544379871,"3P":0.0278021728,"PTS":0.2178826223,"Avg $":0.101489738},"FT%":{"d_FG%":0.0046269865,"d_FT%":0.3629534312,"FG%":0.1565144914,"FT%":1.0,"TRB":0.2974067414,"AST":0.3281190022,"STL":0.3908327337,"BLK":0.1600851189,"TOV":-0.368375701,"3P":0.4073015042,"PTS":0.450401395,"Avg $":0.1670796404},"TRB":{"d_FG%":0.4902594581,"d_FT%":0.0070035638,"FG%":0.3036673813,"FT%":0.2974067414,"TRB":1.0,"AST":0.4641356693,"STL":0.4985724631,"BLK":0.6496976605,"TOV":-0.6148755797,"3P":0.2788984166,"PTS":0.6798152294,"Avg $":0.5159912242},"AST":{"d_FG%":0.0041759307,"d_FT%":0.3954113233,"FG%":0.0798279412,"FT%":0.3281190022,"TRB":0.4641356693,"AST":1.0,"STL":0.6476545147,"BLK":0.1570143494,"TOV":-0.8470013704,"3P":0.5538229112,"PTS":0.7496140663,"Avg $":0.595380659},"STL":{"d_FG%":0.0467541558,"d_FT%":0.2111346462,"FG%":0.1091760666,"FT%":0.3908327337,"TRB":0.4985724631,"AST":0.6476545147,"STL":1.0,"BLK":0.3942643673,"TOV":-0.6259887424,"3P":0.4978561255,"PTS":0.6311340856,"Avg $":0.3804651464},"BLK":{"d_FG%":0.3984073011,"d_FT%":-0.1048842953,"FG%":0.2395885462,"FT%":0.1600851189,"TRB":0.6496976605,"AST":0.1570143494,"STL":0.3942643673,"BLK":1.0,"TOV":-0.2772206479,"3P":0.1023645568,"PTS":0.3644800393,"Avg $":0.3167158699},"TOV":{"d_FG%":-0.0874542508,"d_FT%":-0.3536510584,"FG%":-0.1544379871,"FT%":-0.368375701,"TRB":-0.6148755797,"AST":-0.8470013704,"STL":-0.6259887424,"BLK":-0.2772206479,"TOV":1.0,"3P":-0.5793184084,"PTS":-0.8388503421,"Avg $":-0.6385785115},"3P":{"d_FG%":-0.2252563345,"d_FT%":0.4378320883,"FG%":0.0278021728,"FT%":0.4073015042,"TRB":0.2788984166,"AST":0.5538229112,"STL":0.4978561255,"BLK":0.1023645568,"TOV":-0.5793184084,"3P":1.0,"PTS":0.7427786244,"Avg $":0.3723665714},"PTS":{"d_FG%":0.2186030069,"d_FT%":0.4507138051,"FG%":0.2178826223,"FT%":0.450401395,"TRB":0.6798152294,"AST":0.7496140663,"STL":0.6311340856,"BLK":0.3644800393,"TOV":-0.8388503421,"3P":0.7427786244,"PTS":1.0,"Avg $":0.6619581707},"Avg $":{"d_FG%":0.2595725394,"d_FT%":0.331259009,"FG%":0.101489738,"FT%":0.1670796404,"TRB":0.5159912242,"AST":0.595380659,"STL":0.3804651464,"BLK":0.3167158699,"TOV":-0.6385785115,"3P":0.3723665714,"PTS":0.6619581707,"Avg $":1.0}}