{"d_FG%":{"d_FG%":1.0,"d_FT%":-0.1320535102,"FG%":0.4290885916,"FT%":-0.0030949045,"TRB":0.5269154087,"AST":0.052568051,"STL":0.0627828979,"BLK":0.4479785147,"TOV":-0.153641921,"3P":-0.2267777007,"PTS":0.2427836437,"Avg $":0.2822666784},"d_FT%":{"d_FG%":-0.1320535102,"d_FT%":1.0,"FG%":-0.0446079008,"FT%":0.3551422179,"TRB":0.0512901905,"AST":0.4281124555,"STL":0.2405882757,"BLK":-0.0700524948,"TOV":-0.4054759563,"3P":0.4824474895,"PTS":0.5103782916,"Avg $":0.3678401286},"FG%":{"d_FG%":0.4290885916,"d_FT%":-0.0446079008,"FG%":1.0,"FT%":0.1421603494,"TRB":0.3204776164,"AST":0.0842445333,"STL":0.1205180328,"BLK":0.2535518422,"TOV":-0.1546799739,"3P":0.0099738136,"PTS":0.2254142017,"Avg $":0.1152648785},"FT%":{"d_FG%":-0.0030949045,"d_FT%":0.3551422179,"FG%":0.1421603494,"FT%":1.0,"TRB":0.2616293581,"AST":0.3209111305,"STL":0.3657263027,"BLK":0.0769163331,"TOV":-0.3452052886,"3P":0.3844472445,"PTS":0.4297041178,"Avg $":0.1495105741},"TRB":{"d_FG%":0.5269154087,"d_FT%":0.0512901905,"FG%":0.3204776164,"FT%":0.2616293581,"TRB":1.0,"AST":0.4647127598,"STL":0.4970175769,"BLK":0.665387914,"TOV":-0.5981378292,"3P":0.2485391329,"PTS":0.6631678576,"Avg $":0.5135660889},"AST":{"d_FG%":0.052568051,"d_FT%":0.4281124555,"FG%":0.0842445333,"FT%":0.3209111305,"TRB":0.4647127598,"AST":1.0,"STL":0.6588312692,"BLK":0.1491259225,"TOV":-0.8561287482,"3P":0.544438843,"PTS":0.7496287376,"Avg $":0.5876622342},"STL":{"d_FG%":0.0627828979,"d_FT%":0.2405882757,"FG%":0.1205180328,"FT%":0.3657263027,"TRB":0.4970175769,"AST":0.6588312692,"STL":1.0,"BLK":0.3378661924,"TOV":-0.6334034286,"3P":0.5182942306,"PTS":0.6417511279,"Avg $":0.3690407107},"BLK":{"d_FG%":0.4479785147,"d_FT%":-0.0700524948,"FG%":0.2535518422,"FT%":0.0769163331,"TRB":0.665387914,"AST":0.1491259225,"STL":0.3378661924,"BLK":1.0,"TOV":-0.2705848479,"3P":0.0705251424,"PTS":0.3507838061,"Avg $":0.2960154035},"TOV":{"d_FG%":-0.153641921,"d_FT%":-0.4054759563,"FG%":-0.1546799739,"FT%":-0.3452052886,"TRB":-0.5981378292,"AST":-0.8561287482,"STL":-0.6334034286,"BLK":-0.2705848479,"TOV":1.0,"3P":-0.5637446073,"PTS":-0.8407354062,"Avg $":-0.6446875659},"3P":{"d_FG%":-0.2267777007,"d_FT%":0.4824474895,"FG%":0.0099738136,"FT%":0.3844472445,"TRB":0.2485391329,"AST":0.544438843,"STL":0.5182942306,"BLK":0.0705251424,"TOV":-0.5637446073,"3P":1.0,"PTS":0.7296960504,"Avg $":0.3530329818},"PTS":{"d_FG%":0.2427836437,"d_FT%":0.5103782916,"FG%":0.2254142017,"FT%":0.4297041178,"TRB":0.6631678576,"AST":0.7496287376,"STL":0.6417511279,"BLK":0.3507838061,"TOV":-0.8407354062,"3P":0.7296960504,"PTS":1.0,"Avg $":0.6634330287},"Avg $":{"d_FG%":0.2822666784,"d_FT%":0.3678401286,"FG%":0.1152648785,"FT%":0.1495105741,"TRB":0.5135660889,"AST":0.5876622342,"STL":0.3690407107,"BLK":0.2960154035,"TOV":-0.6446875659,"3P":0.3530329818,"PTS":0.6634330287,"Avg $":1.0}}