{"d_FG%":{"d_FG%":1.0,"d_FT%":-0.1085017732,"FG%":0.4139158226,"FT%":0.0424130606,"TRB":0.5857169082,"AST":0.1224163963,"STL":0.1244146229,"BLK":0.5043773344,"TOV":-0.2320040289,"3P":-0.154146992,"PTS":0.3207522302,"Avg $":0.3213191657},"d_FT%":{"d_FG%":-0.1085017732,"d_FT%":1.0,"FG%":-0.0295433195,"FT%":0.3230240836,"TRB":0.0768127466,"AST":0.4833212088,"STL":0.249336735,"BLK":-0.0336403302,"TOV":-0.4437190333,"3P":0.5182906819,"PTS":0.5407486668,"Avg $":0.4524914699},"FG%":{"d_FG%":0.4139158226,"d_FT%":-0.0295433195,"FG%":1.0,"FT%":0.2342141133,"TRB":0.371306557,"AST":0.0991583243,"STL":0.1618966408,"BLK":0.3420468291,"TOV":-0.173484206,"3P":0.0442081778,"PTS":0.2840129661,"Avg $":0.1122740707},"FT%":{"d_FG%":0.0424130606,"d_FT%":0.3230240836,"FG%":0.2342141133,"FT%":1.0,"TRB":0.3089547024,"AST":0.3529942097,"STL":0.3343018709,"BLK":0.1515280507,"TOV":-0.3581616788,"3P":0.4369098316,"PTS":0.4684013988,"Avg $":0.1677572601},"TRB":{"d_FG%":0.5857169082,"d_FT%":0.0768127466,"FG%":0.371306557,"FT%":0.3089547024,"TRB":1.0,"AST":0.4640778721,"STL":0.4909014322,"BLK":0.6733154652,"TOV":-0.6143296419,"3P":0.2778381421,"PTS":0.6814619495,"Avg $":0.5204009172},"AST":{"d_FG%":0.1224163963,"d_FT%":0.4833212088,"FG%":0.0991583243,"FT%":0.3529942097,"TRB":0.4640778721,"AST":1.0,"STL":0.6614709038,"BLK":0.1819838729,"TOV":-0.8563338114,"3P":0.5609516763,"PTS":0.7543241682,"Avg $":0.5827811854},"STL":{"d_FG%":0.1244146229,"d_FT%":0.249336735,"FG%":0.1618966408,"FT%":0.3343018709,"TRB":0.4909014322,"AST":0.6614709038,"STL":1.0,"BLK":0.3590875344,"TOV":-0.6359108467,"3P":0.5102168313,"PTS":0.6262321935,"Avg $":0.3773863353},"BLK":{"d_FG%":0.5043773344,"d_FT%":-0.0336403302,"FG%":0.3420468291,"FT%":0.1515280507,"TRB":0.6733154652,"AST":0.1819838729,"STL":0.3590875344,"BLK":1.0,"TOV":-0.3229586632,"3P":0.0909386715,"PTS":0.3925840011,"Avg $":0.3141682174},"TOV":{"d_FG%":-0.2320040289,"d_FT%":-0.4437190333,"FG%":-0.173484206,"FT%":-0.3581616788,"TRB":-0.6143296419,"AST":-0.8563338114,"STL":-0.6359108467,"BLK":-0.3229586632,"TOV":1.0,"3P":-0.5608860578,"PTS":-0.8351757112,"Avg $":-0.6457308518},"3P":{"d_FG%":-0.154146992,"d_FT%":0.5182906819,"FG%":0.0442081778,"FT%":0.4369098316,"TRB":0.2778381421,"AST":0.5609516763,"STL":0.5102168313,"BLK":0.0909386715,"TOV":-0.5608860578,"3P":1.0,"PTS":0.7382815289,"Avg $":0.357689783},"PTS":{"d_FG%":0.3207522302,"d_FT%":0.5407486668,"FG%":0.2840129661,"FT%":0.4684013988,"TRB":0.6814619495,"AST":0.7543241682,"STL":0.6262321935,"BLK":0.3925840011,"TOV":-0.8351757112,"3P":0.7382815289,"PTS":1.0,"Avg $":0.6698766423},"Avg $":{"d_FG%":0.3213191657,"d_FT%":0.4524914699,"FG%":0.1122740707,"FT%":0.1677572601,"TRB":0.5204009172,"AST":0.5827811854,"STL":0.3773863353,"BLK":0.3141682174,"TOV":-0.6457308518,"3P":0.357689783,"PTS":0.6698766423,"Avg $":1.0}}