{"d_FG%":{"d_FG%":1.0,"d_FT%":-0.0783063249,"FG%":0.4414444184,"FT%":0.0291974596,"TRB":0.6291114691,"AST":0.1216877297,"STL":0.1315022559,"BLK":0.5483734008,"TOV":-0.2478381494,"3P":-0.1720998333,"PTS":0.341498671,"Avg $":0.3758874148},"d_FT%":{"d_FG%":-0.0783063249,"d_FT%":1.0,"FG%":-0.0397660787,"FT%":0.3131474,"TRB":0.0660372724,"AST":0.465844034,"STL":0.2617331777,"BLK":-0.0576955431,"TOV":-0.4240156598,"3P":0.5103681058,"PTS":0.5261264867,"Avg $":0.4261239998},"FG%":{"d_FG%":0.4414444184,"d_FT%":-0.0397660787,"FG%":1.0,"FT%":0.2796647669,"TRB":0.4214193731,"AST":0.098601171,"STL":0.1396398854,"BLK":0.4120855149,"TOV":-0.1762317706,"3P":0.0223183299,"PTS":0.292485622,"Avg $":0.1278611561},"FT%":{"d_FG%":0.0291974596,"d_FT%":0.3131474,"FG%":0.2796647669,"FT%":1.0,"TRB":0.2863449006,"AST":0.3496163491,"STL":0.330415649,"BLK":0.1813438785,"TOV":-0.3505932702,"3P":0.4320844094,"PTS":0.4542677864,"Avg $":0.1571523377},"TRB":{"d_FG%":0.6291114691,"d_FT%":0.0660372724,"FG%":0.4214193731,"FT%":0.2863449006,"TRB":1.0,"AST":0.4264835804,"STL":0.4591767495,"BLK":0.6973664634,"TOV":-0.6051179782,"3P":0.237241906,"PTS":0.6683941975,"Avg $":0.5132092303},"AST":{"d_FG%":0.1216877297,"d_FT%":0.465844034,"FG%":0.098601171,"FT%":0.3496163491,"TRB":0.4264835804,"AST":1.0,"STL":0.6835109279,"BLK":0.1662241342,"TOV":-0.8651721253,"3P":0.5489078862,"PTS":0.740398655,"Avg $":0.5608073731},"STL":{"d_FG%":0.1315022559,"d_FT%":0.2617331777,"FG%":0.1396398854,"FT%":0.330415649,"TRB":0.4591767495,"AST":0.6835109279,"STL":1.0,"BLK":0.3352423549,"TOV":-0.6516195651,"3P":0.5019231006,"PTS":0.6201750306,"Avg $":0.3702354994},"BLK":{"d_FG%":0.5483734008,"d_FT%":-0.0576955431,"FG%":0.4120855149,"FT%":0.1813438785,"TRB":0.6973664634,"AST":0.1662241342,"STL":0.3352423549,"BLK":1.0,"TOV":-0.3305730454,"3P":0.0478917734,"PTS":0.3937405963,"Avg $":0.3243009174},"TOV":{"d_FG%":-0.2478381494,"d_FT%":-0.4240156598,"FG%":-0.1762317706,"FT%":-0.3505932702,"TRB":-0.6051179782,"AST":-0.8651721253,"STL":-0.6516195651,"BLK":-0.3305730454,"TOV":1.0,"3P":-0.5449801226,"PTS":-0.8370404582,"Avg $":-0.6360814831},"3P":{"d_FG%":-0.1720998333,"d_FT%":0.5103681058,"FG%":0.0223183299,"FT%":0.4320844094,"TRB":0.237241906,"AST":0.5489078862,"STL":0.5019231006,"BLK":0.0478917734,"TOV":-0.5449801226,"3P":1.0,"PTS":0.72385039,"Avg $":0.354403222},"PTS":{"d_FG%":0.341498671,"d_FT%":0.5261264867,"FG%":0.292485622,"FT%":0.4542677864,"TRB":0.6683941975,"AST":0.740398655,"STL":0.6201750306,"BLK":0.3937405963,"TOV":-0.8370404582,"3P":0.72385039,"PTS":1.0,"Avg $":0.6685374191},"Avg $":{"d_FG%":0.3758874148,"d_FT%":0.4261239998,"FG%":0.1278611561,"FT%":0.1571523377,"TRB":0.5132092303,"AST":0.5608073731,"STL":0.3702354994,"BLK":0.3243009174,"TOV":-0.6360814831,"3P":0.354403222,"PTS":0.6685374191,"Avg $":1.0}}