{"d_FG%":{"d_FG%":1.0,"d_FT%":-0.1057022284,"FG%":0.409062948,"FT%":0.0186578593,"TRB":0.5350733285,"AST":0.0787319762,"STL":0.0825943099,"BLK":0.4506432796,"TOV":-0.186087862,"3P":-0.1943938934,"PTS":0.2706879798,"Avg $":0.3087689157},"d_FT%":{"d_FG%":-0.1057022284,"d_FT%":1.0,"FG%":-0.0218522964,"FT%":0.3580665191,"TRB":0.0792882629,"AST":0.4492582449,"STL":0.2639424091,"BLK":-0.038567065,"TOV":-0.4315990797,"3P":0.4984408557,"PTS":0.5378132912,"Avg $":0.3963899579},"FG%":{"d_FG%":0.409062948,"d_FT%":-0.0218522964,"FG%":1.0,"FT%":0.1724940033,"TRB":0.3412082193,"AST":0.0855308707,"STL":0.1741845033,"BLK":0.2908254015,"TOV":-0.161284548,"3P":0.0639136501,"PTS":0.257725344,"Avg $":0.1209524561},"FT%":{"d_FG%":0.0186578593,"d_FT%":0.3580665191,"FG%":0.1724940033,"FT%":1.0,"TRB":0.2880316658,"AST":0.3384648566,"STL":0.3993010876,"BLK":0.1285046009,"TOV":-0.3598395265,"3P":0.4059743355,"PTS":0.4539729658,"Avg $":0.1658814246},"TRB":{"d_FG%":0.5350733285,"d_FT%":0.0792882629,"FG%":0.3412082193,"FT%":0.2880316658,"TRB":1.0,"AST":0.459841314,"STL":0.5020773179,"BLK":0.6701513958,"TOV":-0.6070377365,"3P":0.2584692519,"PTS":0.6682671323,"Avg $":0.5132921468},"AST":{"d_FG%":0.0787319762,"d_FT%":0.4492582449,"FG%":0.0855308707,"FT%":0.3384648566,"TRB":0.459841314,"AST":1.0,"STL":0.6596822125,"BLK":0.1584495571,"TOV":-0.8563344714,"3P":0.5472043004,"PTS":0.7503935196,"Avg $":0.5831922627},"STL":{"d_FG%":0.0825943099,"d_FT%":0.2639424091,"FG%":0.1741845033,"FT%":0.3993010876,"TRB":0.5020773179,"AST":0.6596822125,"STL":1.0,"BLK":0.3539262697,"TOV":-0.63821725,"3P":0.5331965937,"PTS":0.6563312667,"Avg $":0.3748234797},"BLK":{"d_FG%":0.4506432796,"d_FT%":-0.038567065,"FG%":0.2908254015,"FT%":0.1285046009,"TRB":0.6701513958,"AST":0.1584495571,"STL":0.3539262697,"BLK":1.0,"TOV":-0.289463375,"3P":0.0811236257,"PTS":0.3657144386,"Avg $":0.2940253419},"TOV":{"d_FG%":-0.186087862,"d_FT%":-0.4315990797,"FG%":-0.161284548,"FT%":-0.3598395265,"TRB":-0.6070377365,"AST":-0.8563344714,"STL":-0.63821725,"BLK":-0.289463375,"TOV":1.0,"3P":-0.5557172766,"PTS":-0.8380846775,"Avg $":-0.6468981736},"3P":{"d_FG%":-0.1943938934,"d_FT%":0.4984408557,"FG%":0.0639136501,"FT%":0.4059743355,"TRB":0.2584692519,"AST":0.5472043004,"STL":0.5331965937,"BLK":0.0811236257,"TOV":-0.5557172766,"3P":1.0,"PTS":0.7333928644,"Avg $":0.3595621467},"PTS":{"d_FG%":0.2706879798,"d_FT%":0.5378132912,"FG%":0.257725344,"FT%":0.4539729658,"TRB":0.6682671323,"AST":0.7503935196,"STL":0.6563312667,"BLK":0.3657144386,"TOV":-0.8380846775,"3P":0.7333928644,"PTS":1.0,"Avg $":0.6682834332},"Avg $":{"d_FG%":0.3087689157,"d_FT%":0.3963899579,"FG%":0.1209524561,"FT%":0.1658814246,"TRB":0.5132921468,"AST":0.5831922627,"STL":0.3748234797,"BLK":0.2940253419,"TOV":-0.6468981736,"3P":0.3595621467,"PTS":0.6682834332,"Avg $":1.0}}