{"d_FG%":{"d_FG%":1.0,"d_FT%":-0.0851577432,"FG%":0.4260707056,"FT%":0.0425150584,"TRB":0.6199779067,"AST":0.1476743387,"STL":0.1441458303,"BLK":0.5179673692,"TOV":-0.2576072381,"3P":-0.1564784725,"PTS":0.3475156803,"Avg $":0.3587936458},"d_FT%":{"d_FG%":-0.0851577432,"d_FT%":1.0,"FG%":-0.0329097665,"FT%":0.3229964948,"TRB":0.0757021271,"AST":0.4760663223,"STL":0.2633103466,"BLK":-0.0486433143,"TOV":-0.4348571168,"3P":0.5154208018,"PTS":0.5370546185,"Avg $":0.4333376171},"FG%":{"d_FG%":0.4260707056,"d_FT%":-0.0329097665,"FG%":1.0,"FT%":0.2828459787,"TRB":0.3952569198,"AST":0.1122758858,"STL":0.1550839433,"BLK":0.3540732709,"TOV":-0.1894346131,"3P":0.0408512012,"PTS":0.2960540365,"Avg $":0.1224617627},"FT%":{"d_FG%":0.0425150584,"d_FT%":0.3229964948,"FG%":0.2828459787,"FT%":1.0,"TRB":0.3016595554,"AST":0.3527911017,"STL":0.3450291395,"BLK":0.1540101575,"TOV":-0.3485108803,"3P":0.4330708448,"PTS":0.4640123479,"Avg $":0.1636553262},"TRB":{"d_FG%":0.6199779067,"d_FT%":0.0757021271,"FG%":0.3952569198,"FT%":0.3016595554,"TRB":1.0,"AST":0.4638519438,"STL":0.4942792952,"BLK":0.6750432969,"TOV":-0.6191506155,"3P":0.2683783901,"PTS":0.6808763354,"Avg $":0.5250007146},"AST":{"d_FG%":0.1476743387,"d_FT%":0.4760663223,"FG%":0.1122758858,"FT%":0.3527911017,"TRB":0.4638519438,"AST":1.0,"STL":0.6681380071,"BLK":0.1723845461,"TOV":-0.8652843248,"3P":0.5683623352,"PTS":0.7593651488,"Avg $":0.5842865485},"STL":{"d_FG%":0.1441458303,"d_FT%":0.2633103466,"FG%":0.1550839433,"FT%":0.3450291395,"TRB":0.4942792952,"AST":0.6681380071,"STL":1.0,"BLK":0.354839768,"TOV":-0.6477009785,"3P":0.5134315786,"PTS":0.6295708986,"Avg $":0.3792997717},"BLK":{"d_FG%":0.5179673692,"d_FT%":-0.0486433143,"FG%":0.3540732709,"FT%":0.1540101575,"TRB":0.6750432969,"AST":0.1723845461,"STL":0.354839768,"BLK":1.0,"TOV":-0.3167336283,"3P":0.0768318262,"PTS":0.3898183577,"Avg $":0.3254983773},"TOV":{"d_FG%":-0.2576072381,"d_FT%":-0.4348571168,"FG%":-0.1894346131,"FT%":-0.3485108803,"TRB":-0.6191506155,"AST":-0.8652843248,"STL":-0.6477009785,"BLK":-0.3167336283,"TOV":1.0,"3P":-0.5591257103,"PTS":-0.8363930269,"Avg $":-0.6426516085},"3P":{"d_FG%":-0.1564784725,"d_FT%":0.5154208018,"FG%":0.0408512012,"FT%":0.4330708448,"TRB":0.2683783901,"AST":0.5683623352,"STL":0.5134315786,"BLK":0.0768318262,"TOV":-0.5591257103,"3P":1.0,"PTS":0.7344275457,"Avg $":0.3594447862},"PTS":{"d_FG%":0.3475156803,"d_FT%":0.5370546185,"FG%":0.2960540365,"FT%":0.4640123479,"TRB":0.6808763354,"AST":0.7593651488,"STL":0.6295708986,"BLK":0.3898183577,"TOV":-0.8363930269,"3P":0.7344275457,"PTS":1.0,"Avg $":0.6705421809},"Avg $":{"d_FG%":0.3587936458,"d_FT%":0.4333376171,"FG%":0.1224617627,"FT%":0.1636553262,"TRB":0.5250007146,"AST":0.5842865485,"STL":0.3792997717,"BLK":0.3254983773,"TOV":-0.6426516085,"3P":0.3594447862,"PTS":0.6705421809,"Avg $":1.0}}