{"d_FG%":{"d_FG%":1.0,"d_FT%":-0.0920690324,"FG%":0.4259267748,"FT%":0.0402130658,"TRB":0.6194385672,"AST":0.1377525449,"STL":0.1425150023,"BLK":0.5246190077,"TOV":-0.2474589857,"3P":-0.166649265,"PTS":0.3364091784,"Avg $":0.349910782},"d_FT%":{"d_FG%":-0.0920690324,"d_FT%":1.0,"FG%":-0.0323513392,"FT%":0.3239753015,"TRB":0.0796271224,"AST":0.4761581736,"STL":0.2714324391,"BLK":-0.0417611323,"TOV":-0.4276063306,"3P":0.5200853982,"PTS":0.5388204994,"Avg $":0.4369591235},"FG%":{"d_FG%":0.4259267748,"d_FT%":-0.0323513392,"FG%":1.0,"FT%":0.3057957736,"TRB":0.4006165987,"AST":0.1201457208,"STL":0.1665687867,"BLK":0.3769629097,"TOV":-0.2063423197,"3P":0.038549046,"PTS":0.2999972031,"Avg $":0.1230458849},"FT%":{"d_FG%":0.0402130658,"d_FT%":0.3239753015,"FG%":0.3057957736,"FT%":1.0,"TRB":0.3071213049,"AST":0.3617654011,"STL":0.3627585575,"BLK":0.1617817441,"TOV":-0.3625246418,"3P":0.4354665807,"PTS":0.4700326342,"Avg $":0.1654884721},"TRB":{"d_FG%":0.6194385672,"d_FT%":0.0796271224,"FG%":0.4006165987,"FT%":0.3071213049,"TRB":1.0,"AST":0.4616417308,"STL":0.5004857029,"BLK":0.6868968811,"TOV":-0.6172397921,"3P":0.2645744308,"PTS":0.6775744504,"Avg $":0.5254286407},"AST":{"d_FG%":0.1377525449,"d_FT%":0.4761581736,"FG%":0.1201457208,"FT%":0.3617654011,"TRB":0.4616417308,"AST":1.0,"STL":0.6769963343,"BLK":0.1777925877,"TOV":-0.8677600646,"3P":0.5669218233,"PTS":0.7605716495,"Avg $":0.582877129},"STL":{"d_FG%":0.1425150023,"d_FT%":0.2714324391,"FG%":0.1665687867,"FT%":0.3627585575,"TRB":0.5004857029,"AST":0.6769963343,"STL":1.0,"BLK":0.3572755779,"TOV":-0.6522715936,"3P":0.5202936443,"PTS":0.6381676278,"Avg $":0.3837219373},"BLK":{"d_FG%":0.5246190077,"d_FT%":-0.0417611323,"FG%":0.3769629097,"FT%":0.1617817441,"TRB":0.6868968811,"AST":0.1777925877,"STL":0.3572755779,"BLK":1.0,"TOV":-0.3200733375,"3P":0.0772646104,"PTS":0.3963383135,"Avg $":0.3303041318},"TOV":{"d_FG%":-0.2474589857,"d_FT%":-0.4276063306,"FG%":-0.2063423197,"FT%":-0.3625246418,"TRB":-0.6172397921,"AST":-0.8677600646,"STL":-0.6522715936,"BLK":-0.3200733375,"TOV":1.0,"3P":-0.5511979712,"PTS":-0.8367541235,"Avg $":-0.6379434976},"3P":{"d_FG%":-0.166649265,"d_FT%":0.5200853982,"FG%":0.038549046,"FT%":0.4354665807,"TRB":0.2645744308,"AST":0.5669218233,"STL":0.5202936443,"BLK":0.0772646104,"TOV":-0.5511979712,"3P":1.0,"PTS":0.7322590926,"Avg $":0.3575639607},"PTS":{"d_FG%":0.3364091784,"d_FT%":0.5388204994,"FG%":0.2999972031,"FT%":0.4700326342,"TRB":0.6775744504,"AST":0.7605716495,"STL":0.6381676278,"BLK":0.3963383135,"TOV":-0.8367541235,"3P":0.7322590926,"PTS":1.0,"Avg $":0.6703523979},"Avg $":{"d_FG%":0.349910782,"d_FT%":0.4369591235,"FG%":0.1230458849,"FT%":0.1654884721,"TRB":0.5254286407,"AST":0.582877129,"STL":0.3837219373,"BLK":0.3303041318,"TOV":-0.6379434976,"3P":0.3575639607,"PTS":0.6703523979,"Avg $":1.0}}