{"d_FG%":{"d_FG%":1.0,"d_FT%":-0.1406783081,"FG%":0.4059482231,"FT%":0.0337773181,"TRB":0.5643497539,"AST":0.1089876693,"STL":0.1098635473,"BLK":0.481845861,"TOV":-0.2170897752,"3P":-0.157219604,"PTS":0.3071471637,"Avg $":0.3179537056},"d_FT%":{"d_FG%":-0.1406783081,"d_FT%":1.0,"FG%":-0.038082717,"FT%":0.3223177203,"TRB":0.0313967783,"AST":0.4199479633,"STL":0.2266642867,"BLK":-0.0592800311,"TOV":-0.3843505985,"3P":0.4976992256,"PTS":0.4981601722,"Avg $":0.39168946},"FG%":{"d_FG%":0.4059482231,"d_FT%":-0.038082717,"FG%":1.0,"FT%":0.2275741337,"TRB":0.3452041355,"AST":0.0956590922,"STL":0.1577516734,"BLK":0.3289631405,"TOV":-0.1651350046,"3P":0.0543207374,"PTS":0.279682495,"Avg $":0.1123932967},"FT%":{"d_FG%":0.0337773181,"d_FT%":0.3223177203,"FG%":0.2275741337,"FT%":1.0,"TRB":0.2958663375,"AST":0.3245113819,"STL":0.3457994626,"BLK":0.1392090146,"TOV":-0.3292082857,"3P":0.4017947624,"PTS":0.4494558169,"Avg $":0.1606959532},"TRB":{"d_FG%":0.5643497539,"d_FT%":0.0313967783,"FG%":0.3452041355,"FT%":0.2958663375,"TRB":1.0,"AST":0.4603775864,"STL":0.4685369877,"BLK":0.6519072155,"TOV":-0.6000537233,"3P":0.2720710658,"PTS":0.6694498856,"Avg $":0.5143036746},"AST":{"d_FG%":0.1089876693,"d_FT%":0.4199479633,"FG%":0.0956590922,"FT%":0.3245113819,"TRB":0.4603775864,"AST":1.0,"STL":0.6385153713,"BLK":0.1824350186,"TOV":-0.8485213925,"3P":0.5429827922,"PTS":0.7447624444,"Avg $":0.5743020575},"STL":{"d_FG%":0.1098635473,"d_FT%":0.2266642867,"FG%":0.1577516734,"FT%":0.3457994626,"TRB":0.4685369877,"AST":0.6385153713,"STL":1.0,"BLK":0.3680451459,"TOV":-0.6170843678,"3P":0.4678125776,"PTS":0.6254599572,"Avg $":0.3709965521},"BLK":{"d_FG%":0.481845861,"d_FT%":-0.0592800311,"FG%":0.3289631405,"FT%":0.1392090146,"TRB":0.6519072155,"AST":0.1824350186,"STL":0.3680451459,"BLK":1.0,"TOV":-0.29175022,"3P":0.0755466556,"PTS":0.3769165535,"Avg $":0.3080029271},"TOV":{"d_FG%":-0.2170897752,"d_FT%":-0.3843505985,"FG%":-0.1651350046,"FT%":-0.3292082857,"TRB":-0.6000537233,"AST":-0.8485213925,"STL":-0.6170843678,"BLK":-0.29175022,"TOV":1.0,"3P":-0.553957833,"PTS":-0.8251960609,"Avg $":-0.6364206358},"3P":{"d_FG%":-0.157219604,"d_FT%":0.4976992256,"FG%":0.0543207374,"FT%":0.4017947624,"TRB":0.2720710658,"AST":0.5429827922,"STL":0.4678125776,"BLK":0.0755466556,"TOV":-0.553957833,"3P":1.0,"PTS":0.7294922,"Avg $":0.3510076125},"PTS":{"d_FG%":0.3071471637,"d_FT%":0.4981601722,"FG%":0.279682495,"FT%":0.4494558169,"TRB":0.6694498856,"AST":0.7447624444,"STL":0.6254599572,"BLK":0.3769165535,"TOV":-0.8251960609,"3P":0.7294922,"PTS":1.0,"Avg $":0.6666753621},"Avg $":{"d_FG%":0.3179537056,"d_FT%":0.39168946,"FG%":0.1123932967,"FT%":0.1606959532,"TRB":0.5143036746,"AST":0.5743020575,"STL":0.3709965521,"BLK":0.3080029271,"TOV":-0.6364206358,"3P":0.3510076125,"PTS":0.6666753621,"Avg $":1.0}}