{"d_FG%":{"d_FG%":1.0,"d_FT%":-0.067427222,"FG%":0.5261627473,"FT%":-0.0295520629,"TRB":0.6087637046,"AST":0.1471305266,"STL":0.1452765635,"BLK":0.5035409687,"TOV":-0.2687728424,"3P":-0.1529970238,"PTS":0.3539319972,"Avg $":0.4180979513},"d_FT%":{"d_FG%":-0.067427222,"d_FT%":1.0,"FG%":-0.058360291,"FT%":0.3585034408,"TRB":0.0040356163,"AST":0.4135448682,"STL":0.254618116,"BLK":-0.1364083647,"TOV":-0.3403344489,"3P":0.5120622473,"PTS":0.4982209362,"Avg $":0.4546484449},"FG%":{"d_FG%":0.5261627473,"d_FT%":-0.058360291,"FG%":1.0,"FT%":0.1529641983,"TRB":0.4327776154,"AST":0.0891097531,"STL":0.188634609,"BLK":0.4144185051,"TOV":-0.1154896238,"3P":-0.0265027729,"PTS":0.2691422585,"Avg $":0.1614978911},"FT%":{"d_FG%":-0.0295520629,"d_FT%":0.3585034408,"FG%":0.1529641983,"FT%":1.0,"TRB":0.1404063652,"AST":0.2839666149,"STL":0.3050297734,"BLK":0.0090240592,"TOV":-0.204919205,"3P":0.394249213,"PTS":0.3451811548,"Avg $":0.147227981},"TRB":{"d_FG%":0.6087637046,"d_FT%":0.0040356163,"FG%":0.4327776154,"FT%":0.1404063652,"TRB":1.0,"AST":0.4199239868,"STL":0.4836767391,"BLK":0.6533733331,"TOV":-0.5646595766,"3P":0.2161866489,"PTS":0.6335401478,"Avg $":0.5153610625},"AST":{"d_FG%":0.1471305266,"d_FT%":0.4135448682,"FG%":0.0891097531,"FT%":0.2839666149,"TRB":0.4199239868,"AST":1.0,"STL":0.7092350891,"BLK":0.0804577167,"TOV":-0.8355770433,"3P":0.5331159509,"PTS":0.7440170474,"Avg $":0.6178193205},"STL":{"d_FG%":0.1452765635,"d_FT%":0.254618116,"FG%":0.188634609,"FT%":0.3050297734,"TRB":0.4836767391,"AST":0.7092350891,"STL":1.0,"BLK":0.2801944954,"TOV":-0.6167219881,"3P":0.5048772543,"PTS":0.6617768009,"Avg $":0.4135978507},"BLK":{"d_FG%":0.5035409687,"d_FT%":-0.1364083647,"FG%":0.4144185051,"FT%":0.0090240592,"TRB":0.6533733331,"AST":0.0804577167,"STL":0.2801944954,"BLK":1.0,"TOV":-0.2502115959,"3P":-0.0022375534,"PTS":0.3162928024,"Avg $":0.2874768572},"TOV":{"d_FG%":-0.2687728424,"d_FT%":-0.3403344489,"FG%":-0.1154896238,"FT%":-0.204919205,"TRB":-0.5646595766,"AST":-0.8355770433,"STL":-0.6167219881,"BLK":-0.2502115959,"TOV":1.0,"3P":-0.5050048922,"PTS":-0.8113156694,"Avg $":-0.6724133866},"3P":{"d_FG%":-0.1529970238,"d_FT%":0.5120622473,"FG%":-0.0265027729,"FT%":0.394249213,"TRB":0.2161866489,"AST":0.5331159509,"STL":0.5048772543,"BLK":-0.0022375534,"TOV":-0.5050048922,"3P":1.0,"PTS":0.7212640095,"Avg $":0.38177112},"PTS":{"d_FG%":0.3539319972,"d_FT%":0.4982209362,"FG%":0.2691422585,"FT%":0.3451811548,"TRB":0.6335401478,"AST":0.7440170474,"STL":0.6617768009,"BLK":0.3162928024,"TOV":-0.8113156694,"3P":0.7212640095,"PTS":1.0,"Avg $":0.7176965163},"Avg $":{"d_FG%":0.4180979513,"d_FT%":0.4546484449,"FG%":0.1614978911,"FT%":0.147227981,"TRB":0.5153610625,"AST":0.6178193205,"STL":0.4135978507,"BLK":0.2874768572,"TOV":-0.6724133866,"3P":0.38177112,"PTS":0.7176965163,"Avg $":1.0}}