{"d_FG%":{"d_FG%":1.0,"d_FT%":-0.116392465,"FG%":0.4019765587,"FT%":0.0475957752,"TRB":0.5762470603,"AST":0.1255241294,"STL":0.1232962668,"BLK":0.4912096089,"TOV":-0.2312079703,"3P":-0.1379049626,"PTS":0.3287992526,"Avg $":0.3363584824},"d_FT%":{"d_FG%":-0.116392465,"d_FT%":1.0,"FG%":-0.0303855783,"FT%":0.3320166052,"TRB":0.0479261036,"AST":0.4331843821,"STL":0.2424603644,"BLK":-0.0491932173,"TOV":-0.4002557202,"3P":0.5053019902,"PTS":0.5146449174,"Avg $":0.4009774656},"FG%":{"d_FG%":0.4019765587,"d_FT%":-0.0303855783,"FG%":1.0,"FT%":0.2290252412,"TRB":0.3590455243,"AST":0.1063586511,"STL":0.1773691794,"BLK":0.3389022522,"TOV":-0.1682673411,"3P":0.0630747319,"PTS":0.2880372849,"Avg $":0.1115308768},"FT%":{"d_FG%":0.0475957752,"d_FT%":0.3320166052,"FG%":0.2290252412,"FT%":1.0,"TRB":0.3034526003,"AST":0.3344251383,"STL":0.3308650314,"BLK":0.1448877005,"TOV":-0.3212836039,"3P":0.4134065844,"PTS":0.4541924082,"Avg $":0.160730088},"TRB":{"d_FG%":0.5762470603,"d_FT%":0.0479261036,"FG%":0.3590455243,"FT%":0.3034526003,"TRB":1.0,"AST":0.4621452941,"STL":0.4632811245,"BLK":0.6568052147,"TOV":-0.5922099792,"3P":0.2711432794,"PTS":0.6736134101,"Avg $":0.5168561815},"AST":{"d_FG%":0.1255241294,"d_FT%":0.4331843821,"FG%":0.1063586511,"FT%":0.3344251383,"TRB":0.4621452941,"AST":1.0,"STL":0.6323120659,"BLK":0.1854807936,"TOV":-0.8420198256,"3P":0.5476152443,"PTS":0.7448101608,"Avg $":0.5726752529},"STL":{"d_FG%":0.1232962668,"d_FT%":0.2424603644,"FG%":0.1773691794,"FT%":0.3308650314,"TRB":0.4632811245,"AST":0.6323120659,"STL":1.0,"BLK":0.3539394066,"TOV":-0.6019236798,"3P":0.4799226429,"PTS":0.6154675877,"Avg $":0.3528551272},"BLK":{"d_FG%":0.4912096089,"d_FT%":-0.0491932173,"FG%":0.3389022522,"FT%":0.1448877005,"TRB":0.6568052147,"AST":0.1854807936,"STL":0.3539394066,"BLK":1.0,"TOV":-0.2849100867,"3P":0.0781609517,"PTS":0.3801296859,"Avg $":0.3039602978},"TOV":{"d_FG%":-0.2312079703,"d_FT%":-0.4002557202,"FG%":-0.1682673411,"FT%":-0.3212836039,"TRB":-0.5922099792,"AST":-0.8420198256,"STL":-0.6019236798,"BLK":-0.2849100867,"TOV":1.0,"3P":-0.5519806427,"PTS":-0.8170630205,"Avg $":-0.6325706092},"3P":{"d_FG%":-0.1379049626,"d_FT%":0.5053019902,"FG%":0.0630747319,"FT%":0.4134065844,"TRB":0.2711432794,"AST":0.5476152443,"STL":0.4799226429,"BLK":0.0781609517,"TOV":-0.5519806427,"3P":1.0,"PTS":0.7361609477,"Avg $":0.3605429722},"PTS":{"d_FG%":0.3287992526,"d_FT%":0.5146449174,"FG%":0.2880372849,"FT%":0.4541924082,"TRB":0.6736134101,"AST":0.7448101608,"STL":0.6154675877,"BLK":0.3801296859,"TOV":-0.8170630205,"3P":0.7361609477,"PTS":1.0,"Avg $":0.6634301351},"Avg $":{"d_FG%":0.3363584824,"d_FT%":0.4009774656,"FG%":0.1115308768,"FT%":0.160730088,"TRB":0.5168561815,"AST":0.5726752529,"STL":0.3528551272,"BLK":0.3039602978,"TOV":-0.6325706092,"3P":0.3605429722,"PTS":0.6634301351,"Avg $":1.0}}