{"d_FG%":{"d_FG%":1.0,"d_FT%":-0.0716878911,"FG%":0.4294802392,"FT%":0.0387299334,"TRB":0.6304935966,"AST":0.1300483603,"STL":0.1332373882,"BLK":0.5522988629,"TOV":-0.251441304,"3P":-0.1639015363,"PTS":0.3420507593,"Avg $":0.3699749868},"d_FT%":{"d_FG%":-0.0716878911,"d_FT%":1.0,"FG%":-0.0303305437,"FT%":0.3174631166,"TRB":0.087333646,"AST":0.475879823,"STL":0.2712784634,"BLK":-0.040252493,"TOV":-0.4328056968,"3P":0.5196025871,"PTS":0.5393813226,"Avg $":0.4382434389},"FG%":{"d_FG%":0.4294802392,"d_FT%":-0.0303305437,"FG%":1.0,"FT%":0.2742388995,"TRB":0.4014660384,"AST":0.1014815493,"STL":0.1435254657,"BLK":0.3924115775,"TOV":-0.1848107165,"3P":0.0298494302,"PTS":0.286358879,"Avg $":0.1250887678},"FT%":{"d_FG%":0.0387299334,"d_FT%":0.3174631166,"FG%":0.2742388995,"FT%":1.0,"TRB":0.308861018,"AST":0.3608126062,"STL":0.3648372623,"BLK":0.1933715628,"TOV":-0.3535119814,"3P":0.4491857161,"PTS":0.4678668012,"Avg $":0.1651980974},"TRB":{"d_FG%":0.6304935966,"d_FT%":0.087333646,"FG%":0.4014660384,"FT%":0.308861018,"TRB":1.0,"AST":0.4513325914,"STL":0.4871604545,"BLK":0.7040081204,"TOV":-0.6197882735,"3P":0.2623297708,"PTS":0.6770881881,"Avg $":0.5221118318},"AST":{"d_FG%":0.1300483603,"d_FT%":0.475879823,"FG%":0.1014815493,"FT%":0.3608126062,"TRB":0.4513325914,"AST":1.0,"STL":0.6853742869,"BLK":0.1801235891,"TOV":-0.868494297,"3P":0.5695250751,"PTS":0.7554218326,"Avg $":0.5727898247},"STL":{"d_FG%":0.1332373882,"d_FT%":0.2712784634,"FG%":0.1435254657,"FT%":0.3648372623,"TRB":0.4871604545,"AST":0.6853742869,"STL":1.0,"BLK":0.3442021071,"TOV":-0.6566043505,"3P":0.5125980308,"PTS":0.6336760862,"Avg $":0.3752651558},"BLK":{"d_FG%":0.5522988629,"d_FT%":-0.040252493,"FG%":0.3924115775,"FT%":0.1933715628,"TRB":0.7040081204,"AST":0.1801235891,"STL":0.3442021071,"BLK":1.0,"TOV":-0.3384272361,"3P":0.0643352062,"PTS":0.4054901553,"Avg $":0.337089514},"TOV":{"d_FG%":-0.251441304,"d_FT%":-0.4328056968,"FG%":-0.1848107165,"FT%":-0.3535119814,"TRB":-0.6197882735,"AST":-0.868494297,"STL":-0.6566043505,"BLK":-0.3384272361,"TOV":1.0,"3P":-0.5594663274,"PTS":-0.8419221791,"Avg $":-0.6394959927},"3P":{"d_FG%":-0.1639015363,"d_FT%":0.5196025871,"FG%":0.0298494302,"FT%":0.4491857161,"TRB":0.2623297708,"AST":0.5695250751,"STL":0.5125980308,"BLK":0.0643352062,"TOV":-0.5594663274,"3P":1.0,"PTS":0.7354566584,"Avg $":0.3594392695},"PTS":{"d_FG%":0.3420507593,"d_FT%":0.5393813226,"FG%":0.286358879,"FT%":0.4678668012,"TRB":0.6770881881,"AST":0.7554218326,"STL":0.6336760862,"BLK":0.4054901553,"TOV":-0.8419221791,"3P":0.7354566584,"PTS":1.0,"Avg $":0.6696508437},"Avg $":{"d_FG%":0.3699749868,"d_FT%":0.4382434389,"FG%":0.1250887678,"FT%":0.1651980974,"TRB":0.5221118318,"AST":0.5727898247,"STL":0.3752651558,"BLK":0.337089514,"TOV":-0.6394959927,"3P":0.3594392695,"PTS":0.6696508437,"Avg $":1.0}}