{"d_FG%":{"d_FG%":1.0,"d_FT%":-0.0800417727,"FG%":0.4252139174,"FT%":0.0418509201,"TRB":0.6285683893,"AST":0.1316507995,"STL":0.1367291747,"BLK":0.5525726967,"TOV":-0.2485058372,"3P":-0.1641922225,"PTS":0.3395489919,"Avg $":0.3643592451},"d_FT%":{"d_FG%":-0.0800417727,"d_FT%":1.0,"FG%":-0.0295733702,"FT%":0.3211872751,"TRB":0.095591926,"AST":0.4833872895,"STL":0.274475366,"BLK":-0.0411696621,"TOV":-0.4428640326,"3P":0.523582885,"PTS":0.5463996308,"Avg $":0.44262074},"FG%":{"d_FG%":0.4252139174,"d_FT%":-0.0295733702,"FG%":1.0,"FT%":0.2798723571,"TRB":0.4015315854,"AST":0.1062007678,"STL":0.149943042,"BLK":0.392557922,"TOV":-0.1900219329,"3P":0.0352000551,"PTS":0.290101509,"Avg $":0.1234853929},"FT%":{"d_FG%":0.0418509201,"d_FT%":0.3211872751,"FG%":0.2798723571,"FT%":1.0,"TRB":0.3135026835,"AST":0.3510064112,"STL":0.3551518855,"BLK":0.1976702924,"TOV":-0.3500246449,"3P":0.4433448441,"PTS":0.4687826579,"Avg $":0.1696075827},"TRB":{"d_FG%":0.6285683893,"d_FT%":0.095591926,"FG%":0.4015315854,"FT%":0.3135026835,"TRB":1.0,"AST":0.4534555956,"STL":0.4913327889,"BLK":0.7059297302,"TOV":-0.6186562566,"3P":0.2617966322,"PTS":0.6781784643,"Avg $":0.5242528691},"AST":{"d_FG%":0.1316507995,"d_FT%":0.4833872895,"FG%":0.1062007678,"FT%":0.3510064112,"TRB":0.4534555956,"AST":1.0,"STL":0.6856285431,"BLK":0.1811960681,"TOV":-0.867380619,"3P":0.5688334703,"PTS":0.7564731942,"Avg $":0.5742469774},"STL":{"d_FG%":0.1367291747,"d_FT%":0.274475366,"FG%":0.149943042,"FT%":0.3551518855,"TRB":0.4913327889,"AST":0.6856285431,"STL":1.0,"BLK":0.3491049109,"TOV":-0.6621343962,"3P":0.5182828687,"PTS":0.6374264248,"Avg $":0.3797076903},"BLK":{"d_FG%":0.5525726967,"d_FT%":-0.0411696621,"FG%":0.392557922,"FT%":0.1976702924,"TRB":0.7059297302,"AST":0.1811960681,"STL":0.3491049109,"BLK":1.0,"TOV":-0.3361260962,"3P":0.0656392397,"PTS":0.4068938924,"Avg $":0.3388551968},"TOV":{"d_FG%":-0.2485058372,"d_FT%":-0.4428640326,"FG%":-0.1900219329,"FT%":-0.3500246449,"TRB":-0.6186562566,"AST":-0.867380619,"STL":-0.6621343962,"BLK":-0.3361260962,"TOV":1.0,"3P":-0.5585604793,"PTS":-0.8387377379,"Avg $":-0.6343067838},"3P":{"d_FG%":-0.1641922225,"d_FT%":0.523582885,"FG%":0.0352000551,"FT%":0.4433448441,"TRB":0.2617966322,"AST":0.5688334703,"STL":0.5182828687,"BLK":0.0656392397,"TOV":-0.5585604793,"3P":1.0,"PTS":0.7352372358,"Avg $":0.3580592308},"PTS":{"d_FG%":0.3395489919,"d_FT%":0.5463996308,"FG%":0.290101509,"FT%":0.4687826579,"TRB":0.6781784643,"AST":0.7564731942,"STL":0.6374264248,"BLK":0.4068938924,"TOV":-0.8387377379,"3P":0.7352372358,"PTS":1.0,"Avg $":0.6690408301},"Avg $":{"d_FG%":0.3643592451,"d_FT%":0.44262074,"FG%":0.1234853929,"FT%":0.1696075827,"TRB":0.5242528691,"AST":0.5742469774,"STL":0.3797076903,"BLK":0.3388551968,"TOV":-0.6343067838,"3P":0.3580592308,"PTS":0.6690408301,"Avg $":1.0}}