{"d_FG%":{"d_FG%":1.0,"d_FT%":-0.0697761375,"FG%":0.4301821738,"FT%":0.0337784872,"TRB":0.6309804454,"AST":0.1270854781,"STL":0.1344648328,"BLK":0.5514764042,"TOV":-0.2487550439,"3P":-0.1759946202,"PTS":0.3356982494,"Avg $":0.3724465515},"d_FT%":{"d_FG%":-0.0697761375,"d_FT%":1.0,"FG%":-0.0311286397,"FT%":0.3176024866,"TRB":0.0888572906,"AST":0.4822792721,"STL":0.2786755216,"BLK":-0.0429704049,"TOV":-0.4389765788,"3P":0.5177523861,"PTS":0.5432020762,"Avg $":0.4431159137},"FG%":{"d_FG%":0.4301821738,"d_FT%":-0.0311286397,"FG%":1.0,"FT%":0.2733340373,"TRB":0.4035434365,"AST":0.0997605756,"STL":0.1410346836,"BLK":0.3950402444,"TOV":-0.1805392642,"3P":0.0228205461,"PTS":0.2838916723,"Avg $":0.1241177862},"FT%":{"d_FG%":0.0337784872,"d_FT%":0.3176024866,"FG%":0.2733340373,"FT%":1.0,"TRB":0.3077766029,"AST":0.3627954882,"STL":0.3724695838,"BLK":0.1845522078,"TOV":-0.3594188297,"3P":0.4468679176,"PTS":0.4678557064,"Avg $":0.1653779729},"TRB":{"d_FG%":0.6309804454,"d_FT%":0.0888572906,"FG%":0.4035434365,"FT%":0.3077766029,"TRB":1.0,"AST":0.448082017,"STL":0.4851017773,"BLK":0.7035001766,"TOV":-0.6176784171,"3P":0.2566717475,"PTS":0.6747607229,"Avg $":0.5211133295},"AST":{"d_FG%":0.1270854781,"d_FT%":0.4822792721,"FG%":0.0997605756,"FT%":0.3627954882,"TRB":0.448082017,"AST":1.0,"STL":0.6899651737,"BLK":0.1797354648,"TOV":-0.8702524088,"3P":0.5692157252,"PTS":0.7571189428,"Avg $":0.5716111756},"STL":{"d_FG%":0.1344648328,"d_FT%":0.2786755216,"FG%":0.1410346836,"FT%":0.3724695838,"TRB":0.4851017773,"AST":0.6899651737,"STL":1.0,"BLK":0.3479888108,"TOV":-0.664636394,"3P":0.5107340504,"PTS":0.6344659252,"Avg $":0.3770503572},"BLK":{"d_FG%":0.5514764042,"d_FT%":-0.0429704049,"FG%":0.3950402444,"FT%":0.1845522078,"TRB":0.7035001766,"AST":0.1797354648,"STL":0.3479888108,"BLK":1.0,"TOV":-0.3421764183,"3P":0.0592756673,"PTS":0.4020477866,"Avg $":0.3370857231},"TOV":{"d_FG%":-0.2487550439,"d_FT%":-0.4389765788,"FG%":-0.1805392642,"FT%":-0.3594188297,"TRB":-0.6176784171,"AST":-0.8702524088,"STL":-0.664636394,"BLK":-0.3421764183,"TOV":1.0,"3P":-0.5593150266,"PTS":-0.8447521791,"Avg $":-0.641141311},"3P":{"d_FG%":-0.1759946202,"d_FT%":0.5177523861,"FG%":0.0228205461,"FT%":0.4468679176,"TRB":0.2566717475,"AST":0.5692157252,"STL":0.5107340504,"BLK":0.0592756673,"TOV":-0.5593150266,"3P":1.0,"PTS":0.7319703275,"Avg $":0.358854589},"PTS":{"d_FG%":0.3356982494,"d_FT%":0.5432020762,"FG%":0.2838916723,"FT%":0.4678557064,"TRB":0.6747607229,"AST":0.7571189428,"STL":0.6344659252,"BLK":0.4020477866,"TOV":-0.8447521791,"3P":0.7319703275,"PTS":1.0,"Avg $":0.6704921439},"Avg $":{"d_FG%":0.3724465515,"d_FT%":0.4431159137,"FG%":0.1241177862,"FT%":0.1653779729,"TRB":0.5211133295,"AST":0.5716111756,"STL":0.3770503572,"BLK":0.3370857231,"TOV":-0.641141311,"3P":0.358854589,"PTS":0.6704921439,"Avg $":1.0}}