{"d_FG%":{"d_FG%":1.0,"d_FT%":-0.0689088009,"FG%":0.4154306939,"FT%":0.0256194269,"TRB":0.4720960472,"AST":0.0271549419,"STL":0.0592106479,"BLK":0.3725006055,"TOV":-0.1024592089,"3P":-0.1901831575,"PTS":0.2325771159,"Avg $":0.2284687615},"d_FT%":{"d_FG%":-0.0689088009,"d_FT%":1.0,"FG%":-0.0323850779,"FT%":0.3565200847,"TRB":-0.0033115774,"AST":0.3293555442,"STL":0.1819409334,"BLK":-0.1190164093,"TOV":-0.2908123351,"3P":0.4032265248,"PTS":0.4068884014,"Avg $":0.260690611},"FG%":{"d_FG%":0.4154306939,"d_FT%":-0.0323850779,"FG%":1.0,"FT%":0.2159556793,"TRB":0.3220877109,"AST":0.1073264466,"STL":0.1761506559,"BLK":0.2662895554,"TOV":-0.1683227441,"3P":0.0698781003,"PTS":0.2566283471,"Avg $":0.1008037383},"FT%":{"d_FG%":0.0256194269,"d_FT%":0.3565200847,"FG%":0.2159556793,"FT%":1.0,"TRB":0.3300378323,"AST":0.3368375564,"STL":0.4006419809,"BLK":0.1747221714,"TOV":-0.3727899182,"3P":0.407804684,"PTS":0.4738451395,"Avg $":0.180594991},"TRB":{"d_FG%":0.4720960472,"d_FT%":-0.0033115774,"FG%":0.3220877109,"FT%":0.3300378323,"TRB":1.0,"AST":0.4722890096,"STL":0.5135503297,"BLK":0.644516585,"TOV":-0.6201587341,"3P":0.2978982427,"PTS":0.6869603129,"Avg $":0.5303775305},"AST":{"d_FG%":0.0271549419,"d_FT%":0.3293555442,"FG%":0.1073264466,"FT%":0.3368375564,"TRB":0.4722890096,"AST":1.0,"STL":0.6388644266,"BLK":0.178972607,"TOV":-0.8260980083,"3P":0.552991296,"PTS":0.7441948516,"Avg $":0.5898556364},"STL":{"d_FG%":0.0592106479,"d_FT%":0.1819409334,"FG%":0.1761506559,"FT%":0.4006419809,"TRB":0.5135503297,"AST":0.6388644266,"STL":1.0,"BLK":0.3710257478,"TOV":-0.6377046405,"3P":0.5043545886,"PTS":0.6347149747,"Avg $":0.3942274559},"BLK":{"d_FG%":0.3725006055,"d_FT%":-0.1190164093,"FG%":0.2662895554,"FT%":0.1747221714,"TRB":0.644516585,"AST":0.178972607,"STL":0.3710257478,"BLK":1.0,"TOV":-0.3003497104,"3P":0.1238180932,"PTS":0.3665595235,"Avg $":0.3018989091},"TOV":{"d_FG%":-0.1024592089,"d_FT%":-0.2908123351,"FG%":-0.1683227441,"FT%":-0.3727899182,"TRB":-0.6201587341,"AST":-0.8260980083,"STL":-0.6377046405,"BLK":-0.3003497104,"TOV":1.0,"3P":-0.5646061174,"PTS":-0.8194907038,"Avg $":-0.6301878895},"3P":{"d_FG%":-0.1901831575,"d_FT%":0.4032265248,"FG%":0.0698781003,"FT%":0.407804684,"TRB":0.2978982427,"AST":0.552991296,"STL":0.5043545886,"BLK":0.1238180932,"TOV":-0.5646061174,"3P":1.0,"PTS":0.7442769386,"Avg $":0.3725046113},"PTS":{"d_FG%":0.2325771159,"d_FT%":0.4068884014,"FG%":0.2566283471,"FT%":0.4738451395,"TRB":0.6869603129,"AST":0.7441948516,"STL":0.6347149747,"BLK":0.3665595235,"TOV":-0.8194907038,"3P":0.7442769386,"PTS":1.0,"Avg $":0.6454684301},"Avg $":{"d_FG%":0.2284687615,"d_FT%":0.260690611,"FG%":0.1008037383,"FT%":0.180594991,"TRB":0.5303775305,"AST":0.5898556364,"STL":0.3942274559,"BLK":0.3018989091,"TOV":-0.6301878895,"3P":0.3725046113,"PTS":0.6454684301,"Avg $":1.0}}