{"d_FG%":{"d_FG%":1.0,"d_FT%":-0.0812917042,"FG%":0.4312259185,"FT%":0.0231773738,"TRB":0.6207658109,"AST":0.1125980131,"STL":0.1231360001,"BLK":0.5433936981,"TOV":-0.2360278382,"3P":-0.1836125499,"PTS":0.3269908249,"Avg $":0.3681397286},"d_FT%":{"d_FG%":-0.0812917042,"d_FT%":1.0,"FG%":-0.0371548853,"FT%":0.3135219555,"TRB":0.072981892,"AST":0.469586337,"STL":0.2685671649,"BLK":-0.051740962,"TOV":-0.4266151838,"3P":0.5132717307,"PTS":0.532243319,"Avg $":0.4302812033},"FG%":{"d_FG%":0.4312259185,"d_FT%":-0.0371548853,"FG%":1.0,"FT%":0.250567807,"TRB":0.4067432386,"AST":0.0866515777,"STL":0.1190084473,"BLK":0.3995378297,"TOV":-0.1708558158,"3P":0.0158379221,"PTS":0.2808006818,"Avg $":0.1236557523},"FT%":{"d_FG%":0.0231773738,"d_FT%":0.3135219555,"FG%":0.250567807,"FT%":1.0,"TRB":0.2901660477,"AST":0.3519171604,"STL":0.3355033793,"BLK":0.1833222912,"TOV":-0.3423309918,"3P":0.4340936983,"PTS":0.453270511,"Avg $":0.158161904},"TRB":{"d_FG%":0.6207658109,"d_FT%":0.072981892,"FG%":0.4067432386,"FT%":0.2901660477,"TRB":1.0,"AST":0.4332835579,"STL":0.4725354527,"BLK":0.7006468324,"TOV":-0.607274237,"3P":0.2492483322,"PTS":0.6735146848,"Avg $":0.5138373846},"AST":{"d_FG%":0.1125980131,"d_FT%":0.469586337,"FG%":0.0866515777,"FT%":0.3519171604,"TRB":0.4332835579,"AST":1.0,"STL":0.6863286682,"BLK":0.1782368107,"TOV":-0.8667124232,"3P":0.5540051349,"PTS":0.7421340638,"Avg $":0.5624115107},"STL":{"d_FG%":0.1231360001,"d_FT%":0.2685671649,"FG%":0.1190084473,"FT%":0.3355033793,"TRB":0.4725354527,"AST":0.6863286682,"STL":1.0,"BLK":0.3479522866,"TOV":-0.6566352166,"3P":0.5075271007,"PTS":0.625895355,"Avg $":0.3721315868},"BLK":{"d_FG%":0.5433936981,"d_FT%":-0.051740962,"FG%":0.3995378297,"FT%":0.1833222912,"TRB":0.7006468324,"AST":0.1782368107,"STL":0.3479522866,"BLK":1.0,"TOV":-0.3349518186,"3P":0.0611407511,"PTS":0.400608904,"Avg $":0.3276110603},"TOV":{"d_FG%":-0.2360278382,"d_FT%":-0.4266151838,"FG%":-0.1708558158,"FT%":-0.3423309918,"TRB":-0.607274237,"AST":-0.8667124232,"STL":-0.6566352166,"BLK":-0.3349518186,"TOV":1.0,"3P":-0.5487130113,"PTS":-0.8384407892,"Avg $":-0.6347120088},"3P":{"d_FG%":-0.1836125499,"d_FT%":0.5132717307,"FG%":0.0158379221,"FT%":0.4340936983,"TRB":0.2492483322,"AST":0.5540051349,"STL":0.5075271007,"BLK":0.0611407511,"TOV":-0.5487130113,"3P":1.0,"PTS":0.7271944443,"Avg $":0.3565794552},"PTS":{"d_FG%":0.3269908249,"d_FT%":0.532243319,"FG%":0.2808006818,"FT%":0.453270511,"TRB":0.6735146848,"AST":0.7421340638,"STL":0.625895355,"BLK":0.400608904,"TOV":-0.8384407892,"3P":0.7271944443,"PTS":1.0,"Avg $":0.6682887631},"Avg $":{"d_FG%":0.3681397286,"d_FT%":0.4302812033,"FG%":0.1236557523,"FT%":0.158161904,"TRB":0.5138373846,"AST":0.5624115107,"STL":0.3721315868,"BLK":0.3276110603,"TOV":-0.6347120088,"3P":0.3565794552,"PTS":0.6682887631,"Avg $":1.0}}