{"d_FG%":{"d_FG%":1.0,"d_FT%":-0.0856090015,"FG%":0.4261923172,"FT%":0.0433611123,"TRB":0.6198069895,"AST":0.1464059488,"STL":0.1452489091,"BLK":0.5184247567,"TOV":-0.2549555641,"3P":-0.1583252486,"PTS":0.3458604186,"Avg $":0.3572079289},"d_FT%":{"d_FG%":-0.0856090015,"d_FT%":1.0,"FG%":-0.0323336959,"FT%":0.3234892562,"TRB":0.0774125903,"AST":0.4767364023,"STL":0.2647137418,"BLK":-0.0472370487,"TOV":-0.4356191893,"3P":0.5167857771,"PTS":0.537560963,"Avg $":0.4333653262},"FG%":{"d_FG%":0.4261923172,"d_FT%":-0.0323336959,"FG%":1.0,"FT%":0.2899704764,"TRB":0.396052001,"AST":0.112266602,"STL":0.1552002147,"BLK":0.357185463,"TOV":-0.1915498159,"3P":0.0412938617,"PTS":0.2961364135,"Avg $":0.1226161017},"FT%":{"d_FG%":0.0433611123,"d_FT%":0.3234892562,"FG%":0.2899704764,"FT%":1.0,"TRB":0.3049152325,"AST":0.3540070992,"STL":0.3496064445,"BLK":0.1516968207,"TOV":-0.3498370611,"3P":0.4370180788,"PTS":0.467833974,"Avg $":0.1639460085},"TRB":{"d_FG%":0.6198069895,"d_FT%":0.0774125903,"FG%":0.396052001,"FT%":0.3049152325,"TRB":1.0,"AST":0.4645107375,"STL":0.4952332057,"BLK":0.6757499211,"TOV":-0.6186006564,"3P":0.2681294057,"PTS":0.6809650315,"Avg $":0.5249975839},"AST":{"d_FG%":0.1464059488,"d_FT%":0.4767364023,"FG%":0.112266602,"FT%":0.3540070992,"TRB":0.4645107375,"AST":1.0,"STL":0.6685361802,"BLK":0.1732518112,"TOV":-0.8665629855,"3P":0.569264228,"PTS":0.759835229,"Avg $":0.5848908889},"STL":{"d_FG%":0.1452489091,"d_FT%":0.2647137418,"FG%":0.1552002147,"FT%":0.3496064445,"TRB":0.4952332057,"AST":0.6685361802,"STL":1.0,"BLK":0.3554471902,"TOV":-0.6459233699,"3P":0.5120065007,"PTS":0.6291928756,"Avg $":0.3808863653},"BLK":{"d_FG%":0.5184247567,"d_FT%":-0.0472370487,"FG%":0.357185463,"FT%":0.1516968207,"TRB":0.6757499211,"AST":0.1732518112,"STL":0.3554471902,"BLK":1.0,"TOV":-0.3166687207,"3P":0.0764923789,"PTS":0.3908419286,"Avg $":0.3275604288},"TOV":{"d_FG%":-0.2549555641,"d_FT%":-0.4356191893,"FG%":-0.1915498159,"FT%":-0.3498370611,"TRB":-0.6186006564,"AST":-0.8665629855,"STL":-0.6459233699,"BLK":-0.3166687207,"TOV":1.0,"3P":-0.5575895013,"PTS":-0.8363151847,"Avg $":-0.6432943386},"3P":{"d_FG%":-0.1583252486,"d_FT%":0.5167857771,"FG%":0.0412938617,"FT%":0.4370180788,"TRB":0.2681294057,"AST":0.569264228,"STL":0.5120065007,"BLK":0.0764923789,"TOV":-0.5575895013,"3P":1.0,"PTS":0.7336939161,"Avg $":0.3588060321},"PTS":{"d_FG%":0.3458604186,"d_FT%":0.537560963,"FG%":0.2961364135,"FT%":0.467833974,"TRB":0.6809650315,"AST":0.759835229,"STL":0.6291928756,"BLK":0.3908419286,"TOV":-0.8363151847,"3P":0.7336939161,"PTS":1.0,"Avg $":0.6702305618},"Avg $":{"d_FG%":0.3572079289,"d_FT%":0.4333653262,"FG%":0.1226161017,"FT%":0.1639460085,"TRB":0.5249975839,"AST":0.5848908889,"STL":0.3808863653,"BLK":0.3275604288,"TOV":-0.6432943386,"3P":0.3588060321,"PTS":0.6702305618,"Avg $":1.0}}