{"d_FG%":{"d_FG%":1.0,"d_FT%":-0.1413356984,"FG%":0.4444207563,"FT%":-0.0162394253,"TRB":0.5164008351,"AST":0.0306263088,"STL":0.0494310585,"BLK":0.4453526908,"TOV":-0.1330000221,"3P":-0.2477793964,"PTS":0.2229149934,"Avg $":0.2688586926},"d_FT%":{"d_FG%":-0.1413356984,"d_FT%":1.0,"FG%":-0.0508597792,"FT%":0.3631047495,"TRB":0.0425722396,"AST":0.4234693548,"STL":0.2348075314,"BLK":-0.0780011442,"TOV":-0.4015144555,"3P":0.4743251977,"PTS":0.4951536745,"Avg $":0.3472040995},"FG%":{"d_FG%":0.4444207563,"d_FT%":-0.0508597792,"FG%":1.0,"FT%":0.1469415154,"TRB":0.34353836,"AST":0.0739989666,"STL":0.12420504,"BLK":0.2871586461,"TOV":-0.1594473339,"3P":-0.0004933286,"PTS":0.2194610774,"Avg $":0.1075401642},"FT%":{"d_FG%":-0.0162394253,"d_FT%":0.3631047495,"FG%":0.1469415154,"FT%":1.0,"TRB":0.2758587412,"AST":0.3208229295,"STL":0.368187395,"BLK":0.1013736998,"TOV":-0.3395511991,"3P":0.3822644756,"PTS":0.4248113426,"Avg $":0.1528154543},"TRB":{"d_FG%":0.5164008351,"d_FT%":0.0425722396,"FG%":0.34353836,"FT%":0.2758587412,"TRB":1.0,"AST":0.4657591562,"STL":0.5005362306,"BLK":0.6572105343,"TOV":-0.6092713299,"3P":0.2545647262,"PTS":0.6733037169,"Avg $":0.5196955898},"AST":{"d_FG%":0.0306263088,"d_FT%":0.4234693548,"FG%":0.0739989666,"FT%":0.3208229295,"TRB":0.4657591562,"AST":1.0,"STL":0.6668427761,"BLK":0.1527426301,"TOV":-0.8604595586,"3P":0.5492939307,"PTS":0.7553453392,"Avg $":0.5941936036},"STL":{"d_FG%":0.0494310585,"d_FT%":0.2348075314,"FG%":0.12420504,"FT%":0.368187395,"TRB":0.5005362306,"AST":0.6668427761,"STL":1.0,"BLK":0.339421286,"TOV":-0.6434259623,"3P":0.5197701446,"PTS":0.6489303647,"Avg $":0.3800918477},"BLK":{"d_FG%":0.4453526908,"d_FT%":-0.0780011442,"FG%":0.2871586461,"FT%":0.1013736998,"TRB":0.6572105343,"AST":0.1527426301,"STL":0.339421286,"BLK":1.0,"TOV":-0.279789326,"3P":0.0833775548,"PTS":0.3650038899,"Avg $":0.3024531609},"TOV":{"d_FG%":-0.1330000221,"d_FT%":-0.4015144555,"FG%":-0.1594473339,"FT%":-0.3395511991,"TRB":-0.6092713299,"AST":-0.8604595586,"STL":-0.6434259623,"BLK":-0.279789326,"TOV":1.0,"3P":-0.5746930719,"PTS":-0.8473243507,"Avg $":-0.6529538496},"3P":{"d_FG%":-0.2477793964,"d_FT%":0.4743251977,"FG%":-0.0004933286,"FT%":0.3822644756,"TRB":0.2545647262,"AST":0.5492939307,"STL":0.5197701446,"BLK":0.0833775548,"TOV":-0.5746930719,"3P":1.0,"PTS":0.7292929439,"Avg $":0.357363324},"PTS":{"d_FG%":0.2229149934,"d_FT%":0.4951536745,"FG%":0.2194610774,"FT%":0.4248113426,"TRB":0.6733037169,"AST":0.7553453392,"STL":0.6489303647,"BLK":0.3650038899,"TOV":-0.8473243507,"3P":0.7292929439,"PTS":1.0,"Avg $":0.6697963218},"Avg $":{"d_FG%":0.2688586926,"d_FT%":0.3472040995,"FG%":0.1075401642,"FT%":0.1528154543,"TRB":0.5196955898,"AST":0.5941936036,"STL":0.3800918477,"BLK":0.3024531609,"TOV":-0.6529538496,"3P":0.357363324,"PTS":0.6697963218,"Avg $":1.0}}