{"d_FG%":{"d_FG%":1.0,"d_FT%":-0.1089965655,"FG%":0.415005322,"FT%":0.0420896978,"TRB":0.5838106341,"AST":0.1224664383,"STL":0.1263900939,"BLK":0.5058107087,"TOV":-0.2297681764,"3P":-0.150865687,"PTS":0.3200069779,"Avg $":0.3189741822},"d_FT%":{"d_FG%":-0.1089965655,"d_FT%":1.0,"FG%":-0.028657326,"FT%":0.3233437546,"TRB":0.0769420211,"AST":0.4780434966,"STL":0.2504257417,"BLK":-0.0314585512,"TOV":-0.4426449531,"3P":0.5172995463,"PTS":0.5395496005,"Avg $":0.4502447435},"FG%":{"d_FG%":0.415005322,"d_FT%":-0.028657326,"FG%":1.0,"FT%":0.2319856262,"TRB":0.369682858,"AST":0.0985103765,"STL":0.1608448166,"BLK":0.3403635993,"TOV":-0.1732960622,"3P":0.0441025011,"PTS":0.284333575,"Avg $":0.1126646669},"FT%":{"d_FG%":0.0420896978,"d_FT%":0.3233437546,"FG%":0.2319856262,"FT%":1.0,"TRB":0.3097295792,"AST":0.3528372697,"STL":0.3362041455,"BLK":0.1529136039,"TOV":-0.3572543265,"3P":0.4350157124,"PTS":0.467717084,"Avg $":0.1676145006},"TRB":{"d_FG%":0.5838106341,"d_FT%":0.0769420211,"FG%":0.369682858,"FT%":0.3097295792,"TRB":1.0,"AST":0.4629154956,"STL":0.4911009784,"BLK":0.6724197658,"TOV":-0.6121374033,"3P":0.2769221208,"PTS":0.6802863275,"Avg $":0.5190544515},"AST":{"d_FG%":0.1224664383,"d_FT%":0.4780434966,"FG%":0.0985103765,"FT%":0.3528372697,"TRB":0.4629154956,"AST":1.0,"STL":0.6599614146,"BLK":0.1816962736,"TOV":-0.854400012,"3P":0.5627665103,"PTS":0.7541732942,"Avg $":0.5823447466},"STL":{"d_FG%":0.1263900939,"d_FT%":0.2504257417,"FG%":0.1608448166,"FT%":0.3362041455,"TRB":0.4911009784,"AST":0.6599614146,"STL":1.0,"BLK":0.3600646693,"TOV":-0.6347858721,"3P":0.5091805237,"PTS":0.6258951879,"Avg $":0.3760384458},"BLK":{"d_FG%":0.5058107087,"d_FT%":-0.0314585512,"FG%":0.3403635993,"FT%":0.1529136039,"TRB":0.6724197658,"AST":0.1816962736,"STL":0.3600646693,"BLK":1.0,"TOV":-0.3220630849,"3P":0.0906524144,"PTS":0.3923802038,"Avg $":0.3151496219},"TOV":{"d_FG%":-0.2297681764,"d_FT%":-0.4426449531,"FG%":-0.1732960622,"FT%":-0.3572543265,"TRB":-0.6121374033,"AST":-0.854400012,"STL":-0.6347858721,"BLK":-0.3220630849,"TOV":1.0,"3P":-0.560848076,"PTS":-0.8343289616,"Avg $":-0.6455020273},"3P":{"d_FG%":-0.150865687,"d_FT%":0.5172995463,"FG%":0.0441025011,"FT%":0.4350157124,"TRB":0.2769221208,"AST":0.5627665103,"STL":0.5091805237,"BLK":0.0906524144,"TOV":-0.560848076,"3P":1.0,"PTS":0.7388190002,"Avg $":0.3575210259},"PTS":{"d_FG%":0.3200069779,"d_FT%":0.5395496005,"FG%":0.284333575,"FT%":0.467717084,"TRB":0.6802863275,"AST":0.7541732942,"STL":0.6258951879,"BLK":0.3923802038,"TOV":-0.8343289616,"3P":0.7388190002,"PTS":1.0,"Avg $":0.6691661479},"Avg $":{"d_FG%":0.3189741822,"d_FT%":0.4502447435,"FG%":0.1126646669,"FT%":0.1676145006,"TRB":0.5190544515,"AST":0.5823447466,"STL":0.3760384458,"BLK":0.3151496219,"TOV":-0.6455020273,"3P":0.3575210259,"PTS":0.6691661479,"Avg $":1.0}}