{"d_FG%":{"d_FG%":1.0,"d_FT%":-0.0650495861,"FG%":0.4207076959,"FT%":0.0194203068,"TRB":0.4973807564,"AST":0.0151882863,"STL":0.0647781024,"BLK":0.4048548049,"TOV":-0.1044483152,"3P":-0.2096938997,"PTS":0.2378975409,"Avg $":0.2653348309},"d_FT%":{"d_FG%":-0.0650495861,"d_FT%":1.0,"FG%":-0.0186698105,"FT%":0.3643904511,"TRB":0.0401277328,"AST":0.4116133776,"STL":0.2244251012,"BLK":-0.0804931542,"TOV":-0.3714242878,"3P":0.4390054256,"PTS":0.4694628825,"Avg $":0.3596398372},"FG%":{"d_FG%":0.4207076959,"d_FT%":-0.0186698105,"FG%":1.0,"FT%":0.1968269468,"TRB":0.3199304221,"AST":0.0995112496,"STL":0.140041372,"BLK":0.2580513819,"TOV":-0.1632842955,"3P":0.0504465749,"PTS":0.2398616416,"Avg $":0.1062415115},"FT%":{"d_FG%":0.0194203068,"d_FT%":0.3643904511,"FG%":0.1968269468,"FT%":1.0,"TRB":0.3150040863,"AST":0.3393942901,"STL":0.3964531738,"BLK":0.1777511905,"TOV":-0.3753216514,"3P":0.4092049136,"PTS":0.4583301667,"Avg $":0.1741736083},"TRB":{"d_FG%":0.4973807564,"d_FT%":0.0401277328,"FG%":0.3199304221,"FT%":0.3150040863,"TRB":1.0,"AST":0.4674124435,"STL":0.5037566255,"BLK":0.6453852387,"TOV":-0.6124819923,"3P":0.2847351281,"PTS":0.6786832817,"Avg $":0.5156609664},"AST":{"d_FG%":0.0151882863,"d_FT%":0.4116133776,"FG%":0.0995112496,"FT%":0.3393942901,"TRB":0.4674124435,"AST":1.0,"STL":0.6531244482,"BLK":0.1609834772,"TOV":-0.8444813047,"3P":0.556092847,"PTS":0.750526286,"Avg $":0.5933354304},"STL":{"d_FG%":0.0647781024,"d_FT%":0.2244251012,"FG%":0.140041372,"FT%":0.3964531738,"TRB":0.5037566255,"AST":0.6531244482,"STL":1.0,"BLK":0.3953387145,"TOV":-0.6288870943,"3P":0.4965717772,"PTS":0.6364051754,"Avg $":0.3861875314},"BLK":{"d_FG%":0.4048548049,"d_FT%":-0.0804931542,"FG%":0.2580513819,"FT%":0.1777511905,"TRB":0.6453852387,"AST":0.1609834772,"STL":0.3953387145,"BLK":1.0,"TOV":-0.2818046704,"3P":0.1102087262,"PTS":0.3677540486,"Avg $":0.319424777},"TOV":{"d_FG%":-0.1044483152,"d_FT%":-0.3714242878,"FG%":-0.1632842955,"FT%":-0.3753216514,"TRB":-0.6124819923,"AST":-0.8444813047,"STL":-0.6288870943,"BLK":-0.2818046704,"TOV":1.0,"3P":-0.5835876698,"PTS":-0.8411748472,"Avg $":-0.6352909103},"3P":{"d_FG%":-0.2096938997,"d_FT%":0.4390054256,"FG%":0.0504465749,"FT%":0.4092049136,"TRB":0.2847351281,"AST":0.556092847,"STL":0.4965717772,"BLK":0.1102087262,"TOV":-0.5835876698,"3P":1.0,"PTS":0.7438469106,"Avg $":0.3733189319},"PTS":{"d_FG%":0.2378975409,"d_FT%":0.4694628825,"FG%":0.2398616416,"FT%":0.4583301667,"TRB":0.6786832817,"AST":0.750526286,"STL":0.6364051754,"BLK":0.3677540486,"TOV":-0.8411748472,"3P":0.7438469106,"PTS":1.0,"Avg $":0.6581983734},"Avg $":{"d_FG%":0.2653348309,"d_FT%":0.3596398372,"FG%":0.1062415115,"FT%":0.1741736083,"TRB":0.5156609664,"AST":0.5933354304,"STL":0.3861875314,"BLK":0.319424777,"TOV":-0.6352909103,"3P":0.3733189319,"PTS":0.6581983734,"Avg $":1.0}}