{"d_FG%":{"d_FG%":1.0,"d_FT%":-0.0933847113,"FG%":0.4283119837,"FT%":0.0409590262,"TRB":0.6228043324,"AST":0.1416235472,"STL":0.1445231099,"BLK":0.5242722556,"TOV":-0.2520085068,"3P":-0.1616924974,"PTS":0.340355732,"Avg $":0.3558390886},"d_FT%":{"d_FG%":-0.0933847113,"d_FT%":1.0,"FG%":-0.0329806321,"FT%":0.3235354962,"TRB":0.0819915681,"AST":0.4799966885,"STL":0.2711197326,"BLK":-0.0414159804,"TOV":-0.4354400625,"3P":0.5234174972,"PTS":0.5409674657,"Avg $":0.4374289452},"FG%":{"d_FG%":0.4283119837,"d_FT%":-0.0329806321,"FG%":1.0,"FT%":0.306106999,"TRB":0.4057881979,"AST":0.1184719471,"STL":0.1675669416,"BLK":0.3776482486,"TOV":-0.2042648173,"3P":0.0415658447,"PTS":0.3011796867,"Avg $":0.1248147683},"FT%":{"d_FG%":0.0409590262,"d_FT%":0.3235354962,"FG%":0.306106999,"FT%":1.0,"TRB":0.3086184024,"AST":0.3634197363,"STL":0.3663093133,"BLK":0.161606341,"TOV":-0.3643313176,"3P":0.4438682188,"PTS":0.4738057103,"Avg $":0.1668037037},"TRB":{"d_FG%":0.6228043324,"d_FT%":0.0819915681,"FG%":0.4057881979,"FT%":0.3086184024,"TRB":1.0,"AST":0.4609821153,"STL":0.4999275092,"BLK":0.6862761092,"TOV":-0.6203106135,"3P":0.2639619578,"PTS":0.6767342603,"Avg $":0.5247914362},"AST":{"d_FG%":0.1416235472,"d_FT%":0.4799966885,"FG%":0.1184719471,"FT%":0.3634197363,"TRB":0.4609821153,"AST":1.0,"STL":0.6766256869,"BLK":0.1755203,"TOV":-0.8683698183,"3P":0.5692260496,"PTS":0.760540881,"Avg $":0.5814172274},"STL":{"d_FG%":0.1445231099,"d_FT%":0.2711197326,"FG%":0.1675669416,"FT%":0.3663093133,"TRB":0.4999275092,"AST":0.6766256869,"STL":1.0,"BLK":0.3572181818,"TOV":-0.6516105513,"3P":0.5212925574,"PTS":0.6371241658,"Avg $":0.382592396},"BLK":{"d_FG%":0.5242722556,"d_FT%":-0.0414159804,"FG%":0.3776482486,"FT%":0.161606341,"TRB":0.6862761092,"AST":0.1755203,"STL":0.3572181818,"BLK":1.0,"TOV":-0.3185309166,"3P":0.0773658787,"PTS":0.39359024,"Avg $":0.3274197765},"TOV":{"d_FG%":-0.2520085068,"d_FT%":-0.4354400625,"FG%":-0.2042648173,"FT%":-0.3643313176,"TRB":-0.6203106135,"AST":-0.8683698183,"STL":-0.6516105513,"BLK":-0.3185309166,"TOV":1.0,"3P":-0.5565221912,"PTS":-0.8400813649,"Avg $":-0.6401183594},"3P":{"d_FG%":-0.1616924974,"d_FT%":0.5234174972,"FG%":0.0415658447,"FT%":0.4438682188,"TRB":0.2639619578,"AST":0.5692260496,"STL":0.5212925574,"BLK":0.0773658787,"TOV":-0.5565221912,"3P":1.0,"PTS":0.732895737,"Avg $":0.3557491094},"PTS":{"d_FG%":0.340355732,"d_FT%":0.5409674657,"FG%":0.3011796867,"FT%":0.4738057103,"TRB":0.6767342603,"AST":0.760540881,"STL":0.6371241658,"BLK":0.39359024,"TOV":-0.8400813649,"3P":0.732895737,"PTS":1.0,"Avg $":0.6700497537},"Avg $":{"d_FG%":0.3558390886,"d_FT%":0.4374289452,"FG%":0.1248147683,"FT%":0.1668037037,"TRB":0.5247914362,"AST":0.5814172274,"STL":0.382592396,"BLK":0.3274197765,"TOV":-0.6401183594,"3P":0.3557491094,"PTS":0.6700497537,"Avg $":1.0}}