{"d_FG%":{"d_FG%":1.0,"d_FT%":-0.1041357662,"FG%":0.4320184324,"FT%":0.0051089388,"TRB":0.4896205474,"AST":0.0008750941,"STL":0.0488703013,"BLK":0.4035445042,"TOV":-0.0897745905,"3P":-0.2254443742,"PTS":0.215892177,"Avg $":0.2604321372},"d_FT%":{"d_FG%":-0.1041357662,"d_FT%":1.0,"FG%":-0.0382695295,"FT%":0.3585606054,"TRB":0.0077894676,"AST":0.3955738562,"STL":0.2215656857,"BLK":-0.1044851863,"TOV":-0.3534763263,"3P":0.4348468599,"PTS":0.4479911288,"Avg $":0.3282849675},"FG%":{"d_FG%":0.4320184324,"d_FT%":-0.0382695295,"FG%":1.0,"FT%":0.1707585649,"TRB":0.3082217805,"AST":0.0822279172,"STL":0.1139451047,"BLK":0.2472906039,"TOV":-0.1612721128,"3P":0.0311378954,"PTS":0.2209037302,"Avg $":0.1013921783},"FT%":{"d_FG%":0.0051089388,"d_FT%":0.3585606054,"FG%":0.1707585649,"FT%":1.0,"TRB":0.2987209233,"AST":0.3282125988,"STL":0.3970413252,"BLK":0.1604713884,"TOV":-0.3668879015,"3P":0.4111707181,"PTS":0.4521452525,"Avg $":0.1663699656},"TRB":{"d_FG%":0.4896205474,"d_FT%":0.0077894676,"FG%":0.3082217805,"FT%":0.2987209233,"TRB":1.0,"AST":0.4640635526,"STL":0.4972514344,"BLK":0.6529153967,"TOV":-0.6152830669,"3P":0.2760320629,"PTS":0.6777014665,"Avg $":0.5156938278},"AST":{"d_FG%":0.0008750941,"d_FT%":0.3955738562,"FG%":0.0822279172,"FT%":0.3282125988,"TRB":0.4640635526,"AST":1.0,"STL":0.6453498417,"BLK":0.1558300123,"TOV":-0.8501735852,"3P":0.5528823872,"PTS":0.7498778588,"Avg $":0.5933528179},"STL":{"d_FG%":0.0488703013,"d_FT%":0.2215656857,"FG%":0.1139451047,"FT%":0.3970413252,"TRB":0.4972514344,"AST":0.6453498417,"STL":1.0,"BLK":0.3887251941,"TOV":-0.6245914033,"3P":0.5022655372,"PTS":0.6358597531,"Avg $":0.382551909},"BLK":{"d_FG%":0.4035445042,"d_FT%":-0.1044851863,"FG%":0.2472906039,"FT%":0.1604713884,"TRB":0.6529153967,"AST":0.1558300123,"STL":0.3887251941,"BLK":1.0,"TOV":-0.2767418572,"3P":0.0998246951,"PTS":0.3652507662,"Avg $":0.3185150052},"TOV":{"d_FG%":-0.0897745905,"d_FT%":-0.3534763263,"FG%":-0.1612721128,"FT%":-0.3668879015,"TRB":-0.6152830669,"AST":-0.8501735852,"STL":-0.6245914033,"BLK":-0.2767418572,"TOV":1.0,"3P":-0.5761872091,"PTS":-0.839232232,"Avg $":-0.640413008},"3P":{"d_FG%":-0.2254443742,"d_FT%":0.4348468599,"FG%":0.0311378954,"FT%":0.4111707181,"TRB":0.2760320629,"AST":0.5528823872,"STL":0.5022655372,"BLK":0.0998246951,"TOV":-0.5761872091,"3P":1.0,"PTS":0.7426621209,"Avg $":0.3708527532},"PTS":{"d_FG%":0.215892177,"d_FT%":0.4479911288,"FG%":0.2209037302,"FT%":0.4521452525,"TRB":0.6777014665,"AST":0.7498778588,"STL":0.6358597531,"BLK":0.3652507662,"TOV":-0.839232232,"3P":0.7426621209,"PTS":1.0,"Avg $":0.6625745819},"Avg $":{"d_FG%":0.2604321372,"d_FT%":0.3282849675,"FG%":0.1013921783,"FT%":0.1663699656,"TRB":0.5156938278,"AST":0.5933528179,"STL":0.382551909,"BLK":0.3185150052,"TOV":-0.640413008,"3P":0.3708527532,"PTS":0.6625745819,"Avg $":1.0}}