{"d_FG%":{"d_FG%":1.0,"d_FT%":-0.1072349345,"FG%":0.4077382857,"FT%":0.0365255924,"TRB":0.5877302577,"AST":0.1175821924,"STL":0.124874999,"BLK":0.5034381378,"TOV":-0.2237168138,"3P":-0.1617401647,"PTS":0.3158294864,"Avg $":0.3184105667},"d_FT%":{"d_FG%":-0.1072349345,"d_FT%":1.0,"FG%":-0.0325181202,"FT%":0.3260479632,"TRB":0.0855834526,"AST":0.4910791309,"STL":0.2547760345,"BLK":-0.0348212971,"TOV":-0.4514565355,"3P":0.5237637516,"PTS":0.5470537488,"Avg $":0.4606568027},"FG%":{"d_FG%":0.4077382857,"d_FT%":-0.0325181202,"FG%":1.0,"FT%":0.2298494159,"TRB":0.3613529773,"AST":0.0942432037,"STL":0.1492036072,"BLK":0.3259439767,"TOV":-0.1597987176,"3P":0.0344573032,"PTS":0.2724221123,"Avg $":0.1086621536},"FT%":{"d_FG%":0.0365255924,"d_FT%":0.3260479632,"FG%":0.2298494159,"FT%":1.0,"TRB":0.306826304,"AST":0.3559181485,"STL":0.3299141005,"BLK":0.146767318,"TOV":-0.3570290186,"3P":0.4363595753,"PTS":0.4671200987,"Avg $":0.1686310383},"TRB":{"d_FG%":0.5877302577,"d_FT%":0.0855834526,"FG%":0.3613529773,"FT%":0.306826304,"TRB":1.0,"AST":0.4637619131,"STL":0.4933582584,"BLK":0.6742524067,"TOV":-0.615409722,"3P":0.2759788841,"PTS":0.6814557112,"Avg $":0.5213513422},"AST":{"d_FG%":0.1175821924,"d_FT%":0.4910791309,"FG%":0.0942432037,"FT%":0.3559181485,"TRB":0.4637619131,"AST":1.0,"STL":0.6613274075,"BLK":0.1800807915,"TOV":-0.8571056584,"3P":0.5599011744,"PTS":0.7540650454,"Avg $":0.5819485913},"STL":{"d_FG%":0.124874999,"d_FT%":0.2547760345,"FG%":0.1492036072,"FT%":0.3299141005,"TRB":0.4933582584,"AST":0.6613274075,"STL":1.0,"BLK":0.3605518613,"TOV":-0.6372911609,"3P":0.508069833,"PTS":0.6271711725,"Avg $":0.378901253},"BLK":{"d_FG%":0.5034381378,"d_FT%":-0.0348212971,"FG%":0.3259439767,"FT%":0.146767318,"TRB":0.6742524067,"AST":0.1800807915,"STL":0.3605518613,"BLK":1.0,"TOV":-0.3229784672,"3P":0.0879941186,"PTS":0.3938265645,"Avg $":0.3161893555},"TOV":{"d_FG%":-0.2237168138,"d_FT%":-0.4514565355,"FG%":-0.1597987176,"FT%":-0.3570290186,"TRB":-0.615409722,"AST":-0.8571056584,"STL":-0.6372911609,"BLK":-0.3229784672,"TOV":1.0,"3P":-0.5612470488,"PTS":-0.835037644,"Avg $":-0.6452465897},"3P":{"d_FG%":-0.1617401647,"d_FT%":0.5237637516,"FG%":0.0344573032,"FT%":0.4363595753,"TRB":0.2759788841,"AST":0.5599011744,"STL":0.508069833,"BLK":0.0879941186,"TOV":-0.5612470488,"3P":1.0,"PTS":0.7379678119,"Avg $":0.3578317986},"PTS":{"d_FG%":0.3158294864,"d_FT%":0.5470537488,"FG%":0.2724221123,"FT%":0.4671200987,"TRB":0.6814557112,"AST":0.7540650454,"STL":0.6271711725,"BLK":0.3938265645,"TOV":-0.835037644,"3P":0.7379678119,"PTS":1.0,"Avg $":0.6684159847},"Avg $":{"d_FG%":0.3184105667,"d_FT%":0.4606568027,"FG%":0.1086621536,"FT%":0.1686310383,"TRB":0.5213513422,"AST":0.5819485913,"STL":0.378901253,"BLK":0.3161893555,"TOV":-0.6452465897,"3P":0.3578317986,"PTS":0.6684159847,"Avg $":1.0}}