{"d_FG%":{"d_FG%":1.0,"d_FT%":-0.062144444,"FG%":0.4298834232,"FT%":0.0339827359,"TRB":0.6240531492,"AST":0.1167662119,"STL":0.125222226,"BLK":0.5369122969,"TOV":-0.2450674329,"3P":-0.176745749,"PTS":0.3350954928,"Avg $":0.3747253214},"d_FT%":{"d_FG%":-0.062144444,"d_FT%":1.0,"FG%":-0.028469618,"FT%":0.3209127752,"TRB":0.09148119,"AST":0.4772592613,"STL":0.2765106588,"BLK":-0.0406221123,"TOV":-0.442663723,"3P":0.5230779588,"PTS":0.5521358342,"Avg $":0.4446859354},"FG%":{"d_FG%":0.4298834232,"d_FT%":-0.028469618,"FG%":1.0,"FT%":0.2608698204,"TRB":0.4070620948,"AST":0.0873294626,"STL":0.1283837821,"BLK":0.3926780154,"TOV":-0.1722604474,"3P":0.0165876347,"PTS":0.2808301866,"Avg $":0.124099272},"FT%":{"d_FG%":0.0339827359,"d_FT%":0.3209127752,"FG%":0.2608698204,"FT%":1.0,"TRB":0.2989987876,"AST":0.3540984308,"STL":0.3606719572,"BLK":0.1643626372,"TOV":-0.343319464,"3P":0.4533463525,"PTS":0.4657180891,"Avg $":0.1657240716},"TRB":{"d_FG%":0.6240531492,"d_FT%":0.09148119,"FG%":0.4070620948,"FT%":0.2989987876,"TRB":1.0,"AST":0.4300426956,"STL":0.4716850733,"BLK":0.6863903444,"TOV":-0.6068017757,"3P":0.2455063767,"PTS":0.6676634678,"Avg $":0.513173606},"AST":{"d_FG%":0.1167662119,"d_FT%":0.4772592613,"FG%":0.0873294626,"FT%":0.3540984308,"TRB":0.4300426956,"AST":1.0,"STL":0.6950566617,"BLK":0.1729670547,"TOV":-0.8575924912,"3P":0.5622734822,"PTS":0.7462706656,"Avg $":0.5573745439},"STL":{"d_FG%":0.125222226,"d_FT%":0.2765106588,"FG%":0.1283837821,"FT%":0.3606719572,"TRB":0.4716850733,"AST":0.6950566617,"STL":1.0,"BLK":0.342017,"TOV":-0.6546468139,"3P":0.5175060831,"PTS":0.6302635104,"Avg $":0.3670096121},"BLK":{"d_FG%":0.5369122969,"d_FT%":-0.0406221123,"FG%":0.3926780154,"FT%":0.1643626372,"TRB":0.6863903444,"AST":0.1729670547,"STL":0.342017,"BLK":1.0,"TOV":-0.3355574035,"3P":0.0502648478,"PTS":0.3938943542,"Avg $":0.3219093162},"TOV":{"d_FG%":-0.2450674329,"d_FT%":-0.442663723,"FG%":-0.1722604474,"FT%":-0.343319464,"TRB":-0.6068017757,"AST":-0.8575924912,"STL":-0.6546468139,"BLK":-0.3355574035,"TOV":1.0,"3P":-0.5545690947,"PTS":-0.8407057621,"Avg $":-0.6377366344},"3P":{"d_FG%":-0.176745749,"d_FT%":0.5230779588,"FG%":0.0165876347,"FT%":0.4533463525,"TRB":0.2455063767,"AST":0.5622734822,"STL":0.5175060831,"BLK":0.0502648478,"TOV":-0.5545690947,"3P":1.0,"PTS":0.7298663865,"Avg $":0.3574340408},"PTS":{"d_FG%":0.3350954928,"d_FT%":0.5521358342,"FG%":0.2808301866,"FT%":0.4657180891,"TRB":0.6676634678,"AST":0.7462706656,"STL":0.6302635104,"BLK":0.3938943542,"TOV":-0.8407057621,"3P":0.7298663865,"PTS":1.0,"Avg $":0.6690205872},"Avg $":{"d_FG%":0.3747253214,"d_FT%":0.4446859354,"FG%":0.124099272,"FT%":0.1657240716,"TRB":0.513173606,"AST":0.5573745439,"STL":0.3670096121,"BLK":0.3219093162,"TOV":-0.6377366344,"3P":0.3574340408,"PTS":0.6690205872,"Avg $":1.0}}