{"d_FG%":{"d_FG%":1.0,"d_FT%":-0.097104344,"FG%":0.4189619476,"FT%":0.0377043283,"TRB":0.6190805711,"AST":0.1345092241,"STL":0.1378488254,"BLK":0.523593932,"TOV":-0.2472400512,"3P":-0.1702133193,"PTS":0.3319102937,"Avg $":0.3572057123},"d_FT%":{"d_FG%":-0.097104344,"d_FT%":1.0,"FG%":-0.0344313927,"FT%":0.3272205689,"TRB":0.0816570098,"AST":0.4786692469,"STL":0.2693016893,"BLK":-0.0436072666,"TOV":-0.4375795712,"3P":0.5252061608,"PTS":0.5421878693,"Avg $":0.4314931707},"FG%":{"d_FG%":0.4189619476,"d_FT%":-0.0344313927,"FG%":1.0,"FT%":0.2750777662,"TRB":0.3850690735,"AST":0.1061097998,"STL":0.1449360969,"BLK":0.3638061163,"TOV":-0.1868501296,"3P":0.0349341555,"PTS":0.2856012616,"Avg $":0.1216777489},"FT%":{"d_FG%":0.0377043283,"d_FT%":0.3272205689,"FG%":0.2750777662,"FT%":1.0,"TRB":0.3104705683,"AST":0.3609130433,"STL":0.3660283155,"BLK":0.1615569784,"TOV":-0.3650109914,"3P":0.4399742363,"PTS":0.4729002056,"Avg $":0.1660032786},"TRB":{"d_FG%":0.6190805711,"d_FT%":0.0816570098,"FG%":0.3850690735,"FT%":0.3104705683,"TRB":1.0,"AST":0.456216408,"STL":0.4965311716,"BLK":0.6868807392,"TOV":-0.6181026798,"3P":0.2589314861,"PTS":0.6742775873,"Avg $":0.5242894147},"AST":{"d_FG%":0.1345092241,"d_FT%":0.4786692469,"FG%":0.1061097998,"FT%":0.3609130433,"TRB":0.456216408,"AST":1.0,"STL":0.6734062944,"BLK":0.1692806464,"TOV":-0.8680369363,"3P":0.5693242585,"PTS":0.7594088556,"Avg $":0.5808105571},"STL":{"d_FG%":0.1378488254,"d_FT%":0.2693016893,"FG%":0.1449360969,"FT%":0.3660283155,"TRB":0.4965311716,"AST":0.6734062944,"STL":1.0,"BLK":0.3532218337,"TOV":-0.650737667,"3P":0.5142409965,"PTS":0.6351930968,"Avg $":0.3812498718},"BLK":{"d_FG%":0.523593932,"d_FT%":-0.0436072666,"FG%":0.3638061163,"FT%":0.1615569784,"TRB":0.6868807392,"AST":0.1692806464,"STL":0.3532218337,"BLK":1.0,"TOV":-0.3157061077,"3P":0.0735915167,"PTS":0.3902268499,"Avg $":0.3272325759},"TOV":{"d_FG%":-0.2472400512,"d_FT%":-0.4375795712,"FG%":-0.1868501296,"FT%":-0.3650109914,"TRB":-0.6181026798,"AST":-0.8680369363,"STL":-0.650737667,"BLK":-0.3157061077,"TOV":1.0,"3P":-0.5559742295,"PTS":-0.8418495501,"Avg $":-0.6404418394},"3P":{"d_FG%":-0.1702133193,"d_FT%":0.5252061608,"FG%":0.0349341555,"FT%":0.4399742363,"TRB":0.2589314861,"AST":0.5693242585,"STL":0.5142409965,"BLK":0.0735915167,"TOV":-0.5559742295,"3P":1.0,"PTS":0.7330410903,"Avg $":0.3568963423},"PTS":{"d_FG%":0.3319102937,"d_FT%":0.5421878693,"FG%":0.2856012616,"FT%":0.4729002056,"TRB":0.6742775873,"AST":0.7594088556,"STL":0.6351930968,"BLK":0.3902268499,"TOV":-0.8418495501,"3P":0.7330410903,"PTS":1.0,"Avg $":0.6700601827},"Avg $":{"d_FG%":0.3572057123,"d_FT%":0.4314931707,"FG%":0.1216777489,"FT%":0.1660032786,"TRB":0.5242894147,"AST":0.5808105571,"STL":0.3812498718,"BLK":0.3272325759,"TOV":-0.6404418394,"3P":0.3568963423,"PTS":0.6700601827,"Avg $":1.0}}