{"d_FG%":{"d_FG%":1.0,"d_FT%":-0.1138485735,"FG%":0.4137791764,"FT%":0.041297919,"TRB":0.5845841566,"AST":0.1201535077,"STL":0.1255919687,"BLK":0.5055352712,"TOV":-0.2302158386,"3P":-0.1502762641,"PTS":0.3199355785,"Avg $":0.3212614808},"d_FT%":{"d_FG%":-0.1138485735,"d_FT%":1.0,"FG%":-0.0316858815,"FT%":0.3210622673,"TRB":0.0714689614,"AST":0.4712768344,"STL":0.2436464331,"BLK":-0.0341869961,"TOV":-0.4356771271,"3P":0.5138573124,"PTS":0.532881522,"Avg $":0.4436683443},"FG%":{"d_FG%":0.4137791764,"d_FT%":-0.0316858815,"FG%":1.0,"FT%":0.2282975284,"TRB":0.3674284221,"AST":0.0966722053,"STL":0.1597650231,"BLK":0.3380763517,"TOV":-0.1718666259,"3P":0.0437756,"PTS":0.2830955418,"Avg $":0.1124458356},"FT%":{"d_FG%":0.041297919,"d_FT%":0.3210622673,"FG%":0.2282975284,"FT%":1.0,"TRB":0.3118025181,"AST":0.3523585485,"STL":0.3362841674,"BLK":0.1537456978,"TOV":-0.3560872255,"3P":0.4348409277,"PTS":0.4666473119,"Avg $":0.1670665337},"TRB":{"d_FG%":0.5845841566,"d_FT%":0.0714689614,"FG%":0.3674284221,"FT%":0.3118025181,"TRB":1.0,"AST":0.4633821478,"STL":0.4916337418,"BLK":0.6715677938,"TOV":-0.6139265304,"3P":0.278477309,"PTS":0.6804239739,"Avg $":0.5197211063},"AST":{"d_FG%":0.1201535077,"d_FT%":0.4712768344,"FG%":0.0966722053,"FT%":0.3523585485,"TRB":0.4633821478,"AST":1.0,"STL":0.6591532258,"BLK":0.181549251,"TOV":-0.8535937474,"3P":0.5630096718,"PTS":0.7536918398,"Avg $":0.5824892964},"STL":{"d_FG%":0.1255919687,"d_FT%":0.2436464331,"FG%":0.1597650231,"FT%":0.3362841674,"TRB":0.4916337418,"AST":0.6591532258,"STL":1.0,"BLK":0.3615335492,"TOV":-0.6343009388,"3P":0.5092297474,"PTS":0.6255525642,"Avg $":0.375426202},"BLK":{"d_FG%":0.5055352712,"d_FT%":-0.0341869961,"FG%":0.3380763517,"FT%":0.1537456978,"TRB":0.6715677938,"AST":0.181549251,"STL":0.3615335492,"BLK":1.0,"TOV":-0.3233879104,"3P":0.092273763,"PTS":0.3922284714,"Avg $":0.3152359389},"TOV":{"d_FG%":-0.2302158386,"d_FT%":-0.4356771271,"FG%":-0.1718666259,"FT%":-0.3560872255,"TRB":-0.6139265304,"AST":-0.8535937474,"STL":-0.6343009388,"BLK":-0.3233879104,"TOV":1.0,"3P":-0.5609627483,"PTS":-0.8341715051,"Avg $":-0.6465937821},"3P":{"d_FG%":-0.1502762641,"d_FT%":0.5138573124,"FG%":0.0437756,"FT%":0.4348409277,"TRB":0.278477309,"AST":0.5630096718,"STL":0.5092297474,"BLK":0.092273763,"TOV":-0.5609627483,"3P":1.0,"PTS":0.7393504004,"Avg $":0.3576520158},"PTS":{"d_FG%":0.3199355785,"d_FT%":0.532881522,"FG%":0.2830955418,"FT%":0.4666473119,"TRB":0.6804239739,"AST":0.7536918398,"STL":0.6255525642,"BLK":0.3922284714,"TOV":-0.8341715051,"3P":0.7393504004,"PTS":1.0,"Avg $":0.6694922824},"Avg $":{"d_FG%":0.3212614808,"d_FT%":0.4436683443,"FG%":0.1124458356,"FT%":0.1670665337,"TRB":0.5197211063,"AST":0.5824892964,"STL":0.375426202,"BLK":0.3152359389,"TOV":-0.6465937821,"3P":0.3576520158,"PTS":0.6694922824,"Avg $":1.0}}