{"d_FG%":{"d_FG%":1.0,"d_FT%":-0.065152512,"FG%":0.4294481755,"FT%":0.0402001573,"TRB":0.6301497689,"AST":0.1323933722,"STL":0.1359906469,"BLK":0.5507985688,"TOV":-0.2533063539,"3P":-0.1606907989,"PTS":0.3440668479,"Avg $":0.3721824006},"d_FT%":{"d_FG%":-0.065152512,"d_FT%":1.0,"FG%":-0.0283409335,"FT%":0.3188620319,"TRB":0.0921691967,"AST":0.4797863792,"STL":0.2766326827,"BLK":-0.0378809119,"TOV":-0.4371655333,"3P":0.5219394554,"PTS":0.5437600473,"Avg $":0.4419322277},"FG%":{"d_FG%":0.4294481755,"d_FT%":-0.0283409335,"FG%":1.0,"FT%":0.274113828,"TRB":0.4011759873,"AST":0.1022023164,"STL":0.1443491197,"BLK":0.3921436665,"TOV":-0.1851453529,"3P":0.031098545,"PTS":0.2869728533,"Avg $":0.1255536052},"FT%":{"d_FG%":0.0402001573,"d_FT%":0.3188620319,"FG%":0.274113828,"FT%":1.0,"TRB":0.3100104918,"AST":0.3625930263,"STL":0.3672027611,"BLK":0.1941276521,"TOV":-0.3558891455,"3P":0.4501984291,"PTS":0.4691443203,"Avg $":0.1659118704},"TRB":{"d_FG%":0.6301497689,"d_FT%":0.0921691967,"FG%":0.4011759873,"FT%":0.3100104918,"TRB":1.0,"AST":0.4511675694,"STL":0.4887576205,"BLK":0.704049935,"TOV":-0.619805255,"3P":0.2631825387,"PTS":0.6767375944,"Avg $":0.5215806564},"AST":{"d_FG%":0.1323933722,"d_FT%":0.4797863792,"FG%":0.1022023164,"FT%":0.3625930263,"TRB":0.4511675694,"AST":1.0,"STL":0.6863779914,"BLK":0.1818626178,"TOV":-0.8681880514,"3P":0.5704857619,"PTS":0.7555994702,"Avg $":0.5727445664},"STL":{"d_FG%":0.1359906469,"d_FT%":0.2766326827,"FG%":0.1443491197,"FT%":0.3672027611,"TRB":0.4887576205,"AST":0.6863779914,"STL":1.0,"BLK":0.3456238386,"TOV":-0.6573514341,"3P":0.5140490325,"PTS":0.6348662772,"Avg $":0.3771682463},"BLK":{"d_FG%":0.5507985688,"d_FT%":-0.0378809119,"FG%":0.3921436665,"FT%":0.1941276521,"TRB":0.704049935,"AST":0.1818626178,"STL":0.3456238386,"BLK":1.0,"TOV":-0.3413151908,"3P":0.0647393376,"PTS":0.4059947979,"Avg $":0.3373454098},"TOV":{"d_FG%":-0.2533063539,"d_FT%":-0.4371655333,"FG%":-0.1851453529,"FT%":-0.3558891455,"TRB":-0.619805255,"AST":-0.8681880514,"STL":-0.6573514341,"BLK":-0.3413151908,"TOV":1.0,"3P":-0.5602099502,"PTS":-0.8421502093,"Avg $":-0.6404432219},"3P":{"d_FG%":-0.1606907989,"d_FT%":0.5219394554,"FG%":0.031098545,"FT%":0.4501984291,"TRB":0.2631825387,"AST":0.5704857619,"STL":0.5140490325,"BLK":0.0647393376,"TOV":-0.5602099502,"3P":1.0,"PTS":0.7361379088,"Avg $":0.3594848855},"PTS":{"d_FG%":0.3440668479,"d_FT%":0.5437600473,"FG%":0.2869728533,"FT%":0.4691443203,"TRB":0.6767375944,"AST":0.7555994702,"STL":0.6348662772,"BLK":0.4059947979,"TOV":-0.8421502093,"3P":0.7361379088,"PTS":1.0,"Avg $":0.6697461407},"Avg $":{"d_FG%":0.3721824006,"d_FT%":0.4419322277,"FG%":0.1255536052,"FT%":0.1659118704,"TRB":0.5215806564,"AST":0.5727445664,"STL":0.3771682463,"BLK":0.3373454098,"TOV":-0.6404432219,"3P":0.3594848855,"PTS":0.6697461407,"Avg $":1.0}}