{"d_FG%":{"d_FG%":1.0,"d_FT%":-0.1236585463,"FG%":0.405960034,"FT%":0.0464486018,"TRB":0.5765582195,"AST":0.1277254843,"STL":0.1232804776,"BLK":0.4876957261,"TOV":-0.2340807481,"3P":-0.1357683711,"PTS":0.3288843005,"Avg $":0.3301432856},"d_FT%":{"d_FG%":-0.1236585463,"d_FT%":1.0,"FG%":-0.0316246821,"FT%":0.3251468979,"TRB":0.0373260703,"AST":0.4228940782,"STL":0.2248984724,"BLK":-0.0545187402,"TOV":-0.3878388886,"3P":0.4987344579,"PTS":0.5013610049,"Avg $":0.3959054986},"FG%":{"d_FG%":0.405960034,"d_FT%":-0.0316246821,"FG%":1.0,"FT%":0.2440246212,"TRB":0.3618388723,"AST":0.1122677168,"STL":0.1777653502,"BLK":0.3405254645,"TOV":-0.1791535939,"3P":0.0656402471,"PTS":0.2964104548,"Avg $":0.1155344835},"FT%":{"d_FG%":0.0464486018,"d_FT%":0.3251468979,"FG%":0.2440246212,"FT%":1.0,"TRB":0.3023065662,"AST":0.3310899651,"STL":0.3360166224,"BLK":0.14713478,"TOV":-0.3252130754,"3P":0.4080331568,"PTS":0.4532186051,"Avg $":0.1628601251},"TRB":{"d_FG%":0.5765582195,"d_FT%":0.0373260703,"FG%":0.3618388723,"FT%":0.3023065662,"TRB":1.0,"AST":0.4609321326,"STL":0.4647354688,"BLK":0.6575893154,"TOV":-0.5970861303,"3P":0.2742742614,"PTS":0.6709407971,"Avg $":0.5128708011},"AST":{"d_FG%":0.1277254843,"d_FT%":0.4228940782,"FG%":0.1122677168,"FT%":0.3310899651,"TRB":0.4609321326,"AST":1.0,"STL":0.6335427939,"BLK":0.1881042148,"TOV":-0.8437476168,"3P":0.544365131,"PTS":0.745010772,"Avg $":0.5737048617},"STL":{"d_FG%":0.1232804776,"d_FT%":0.2248984724,"FG%":0.1777653502,"FT%":0.3360166224,"TRB":0.4647354688,"AST":0.6335427939,"STL":1.0,"BLK":0.3704531182,"TOV":-0.6102184817,"3P":0.4631255698,"PTS":0.6228228446,"Avg $":0.3680954879},"BLK":{"d_FG%":0.4876957261,"d_FT%":-0.0545187402,"FG%":0.3405254645,"FT%":0.14713478,"TRB":0.6575893154,"AST":0.1881042148,"STL":0.3704531182,"BLK":1.0,"TOV":-0.2931068229,"3P":0.0810706291,"PTS":0.3851775334,"Avg $":0.3111784952},"TOV":{"d_FG%":-0.2340807481,"d_FT%":-0.3878388886,"FG%":-0.1791535939,"FT%":-0.3252130754,"TRB":-0.5970861303,"AST":-0.8437476168,"STL":-0.6102184817,"BLK":-0.2931068229,"TOV":1.0,"3P":-0.5532771167,"PTS":-0.8211329915,"Avg $":-0.6344706742},"3P":{"d_FG%":-0.1357683711,"d_FT%":0.4987344579,"FG%":0.0656402471,"FT%":0.4080331568,"TRB":0.2742742614,"AST":0.544365131,"STL":0.4631255698,"BLK":0.0810706291,"TOV":-0.5532771167,"3P":1.0,"PTS":0.7296300253,"Avg $":0.3514355679},"PTS":{"d_FG%":0.3288843005,"d_FT%":0.5013610049,"FG%":0.2964104548,"FT%":0.4532186051,"TRB":0.6709407971,"AST":0.745010772,"STL":0.6228228446,"BLK":0.3851775334,"TOV":-0.8211329915,"3P":0.7296300253,"PTS":1.0,"Avg $":0.6652758754},"Avg $":{"d_FG%":0.3301432856,"d_FT%":0.3959054986,"FG%":0.1155344835,"FT%":0.1628601251,"TRB":0.5128708011,"AST":0.5737048617,"STL":0.3680954879,"BLK":0.3111784952,"TOV":-0.6344706742,"3P":0.3514355679,"PTS":0.6652758754,"Avg $":1.0}}