{"d_FG%":{"d_FG%":1.0,"d_FT%":-0.1009386386,"FG%":0.4247418252,"FT%":0.0404821547,"TRB":0.6160962799,"AST":0.1474037218,"STL":0.1489585893,"BLK":0.5189147166,"TOV":-0.2524916562,"3P":-0.1560467595,"PTS":0.3438224079,"Avg $":0.3565251253},"d_FT%":{"d_FG%":-0.1009386386,"d_FT%":1.0,"FG%":-0.0362011572,"FT%":0.3207240273,"TRB":0.0642255112,"AST":0.4729246833,"STL":0.2610569632,"BLK":-0.0534202965,"TOV":-0.4261116281,"3P":0.5142841737,"PTS":0.5252922112,"Avg $":0.4248936277},"FG%":{"d_FG%":0.4247418252,"d_FT%":-0.0362011572,"FG%":1.0,"FT%":0.2828820114,"TRB":0.3949880552,"AST":0.1164643628,"STL":0.1654523012,"BLK":0.3549370001,"TOV":-0.1934096957,"3P":0.0476163962,"PTS":0.2987539761,"Avg $":0.1233767285},"FT%":{"d_FG%":0.0404821547,"d_FT%":0.3207240273,"FG%":0.2828820114,"FT%":1.0,"TRB":0.3036833105,"AST":0.3538366748,"STL":0.3431843208,"BLK":0.1543378178,"TOV":-0.3475816764,"3P":0.4347754784,"PTS":0.4653643608,"Avg $":0.1642132716},"TRB":{"d_FG%":0.6160962799,"d_FT%":0.0642255112,"FG%":0.3949880552,"FT%":0.3036833105,"TRB":1.0,"AST":0.4635270656,"STL":0.4966895861,"BLK":0.6726353573,"TOV":-0.6176187137,"3P":0.2717611877,"PTS":0.6815308791,"Avg $":0.5244238844},"AST":{"d_FG%":0.1474037218,"d_FT%":0.4729246833,"FG%":0.1164643628,"FT%":0.3538366748,"TRB":0.4635270656,"AST":1.0,"STL":0.667865278,"BLK":0.1735280112,"TOV":-0.8639536552,"3P":0.5678927557,"PTS":0.7588196056,"Avg $":0.585424227},"STL":{"d_FG%":0.1489585893,"d_FT%":0.2610569632,"FG%":0.1654523012,"FT%":0.3431843208,"TRB":0.4966895861,"AST":0.667865278,"STL":1.0,"BLK":0.3541811636,"TOV":-0.6488488155,"3P":0.5137505075,"PTS":0.6312352047,"Avg $":0.3812322407},"BLK":{"d_FG%":0.5189147166,"d_FT%":-0.0534202965,"FG%":0.3549370001,"FT%":0.1543378178,"TRB":0.6726353573,"AST":0.1735280112,"STL":0.3541811636,"BLK":1.0,"TOV":-0.3170303232,"3P":0.0832405826,"PTS":0.3925754139,"Avg $":0.3261652367},"TOV":{"d_FG%":-0.2524916562,"d_FT%":-0.4261116281,"FG%":-0.1934096957,"FT%":-0.3475816764,"TRB":-0.6176187137,"AST":-0.8639536552,"STL":-0.6488488155,"BLK":-0.3170303232,"TOV":1.0,"3P":-0.5605411564,"PTS":-0.8361253668,"Avg $":-0.6426478185},"3P":{"d_FG%":-0.1560467595,"d_FT%":0.5142841737,"FG%":0.0476163962,"FT%":0.4347754784,"TRB":0.2717611877,"AST":0.5678927557,"STL":0.5137505075,"BLK":0.0832405826,"TOV":-0.5605411564,"3P":1.0,"PTS":0.7360503859,"Avg $":0.3579491348},"PTS":{"d_FG%":0.3438224079,"d_FT%":0.5252922112,"FG%":0.2987539761,"FT%":0.4653643608,"TRB":0.6815308791,"AST":0.7588196056,"STL":0.6312352047,"BLK":0.3925754139,"TOV":-0.8361253668,"3P":0.7360503859,"PTS":1.0,"Avg $":0.6695249497},"Avg $":{"d_FG%":0.3565251253,"d_FT%":0.4248936277,"FG%":0.1233767285,"FT%":0.1642132716,"TRB":0.5244238844,"AST":0.585424227,"STL":0.3812322407,"BLK":0.3261652367,"TOV":-0.6426478185,"3P":0.3579491348,"PTS":0.6695249497,"Avg $":1.0}}