{"d_FG%":{"d_FG%":1.0,"d_FT%":-0.0631613169,"FG%":0.430206793,"FT%":0.0333464517,"TRB":0.6280598256,"AST":0.1211589285,"STL":0.1293515501,"BLK":0.5494079067,"TOV":-0.2489570174,"3P":-0.1755641627,"PTS":0.3361375473,"Avg $":0.3761693684},"d_FT%":{"d_FG%":-0.0631613169,"d_FT%":1.0,"FG%":-0.0286724445,"FT%":0.320801056,"TRB":0.0941471266,"AST":0.4813069888,"STL":0.2781487039,"BLK":-0.0410069228,"TOV":-0.4454998763,"3P":0.5230204523,"PTS":0.5522584474,"Avg $":0.4459424289},"FG%":{"d_FG%":0.430206793,"d_FT%":-0.0286724445,"FG%":1.0,"FT%":0.2646504829,"TRB":0.4056609918,"AST":0.0871304455,"STL":0.126968217,"BLK":0.3961668121,"TOV":-0.1706588298,"3P":0.015121584,"PTS":0.2798020372,"Avg $":0.1245988579},"FT%":{"d_FG%":0.0333464517,"d_FT%":0.320801056,"FG%":0.2646504829,"FT%":1.0,"TRB":0.3085796673,"AST":0.3647826279,"STL":0.3708438289,"BLK":0.1818016093,"TOV":-0.3513103993,"3P":0.4525778395,"PTS":0.4711717597,"Avg $":0.1650220704},"TRB":{"d_FG%":0.6280598256,"d_FT%":0.0941471266,"FG%":0.4056609918,"FT%":0.3085796673,"TRB":1.0,"AST":0.4336470646,"STL":0.4673476113,"BLK":0.7008996082,"TOV":-0.6086687328,"3P":0.2473897307,"PTS":0.6687271717,"Avg $":0.5172904371},"AST":{"d_FG%":0.1211589285,"d_FT%":0.4813069888,"FG%":0.0871304455,"FT%":0.3647826279,"TRB":0.4336470646,"AST":1.0,"STL":0.6957577293,"BLK":0.16685992,"TOV":-0.8580607406,"3P":0.5688373805,"PTS":0.7489316335,"Avg $":0.56093857},"STL":{"d_FG%":0.1293515501,"d_FT%":0.2781487039,"FG%":0.126968217,"FT%":0.3708438289,"TRB":0.4673476113,"AST":0.6957577293,"STL":1.0,"BLK":0.3416096797,"TOV":-0.6561241434,"3P":0.5205976385,"PTS":0.6313471777,"Avg $":0.3699478329},"BLK":{"d_FG%":0.5494079067,"d_FT%":-0.0410069228,"FG%":0.3961668121,"FT%":0.1818016093,"TRB":0.7008996082,"AST":0.16685992,"STL":0.3416096797,"BLK":1.0,"TOV":-0.3366030012,"3P":0.0576827333,"PTS":0.3956946226,"Avg $":0.3306205245},"TOV":{"d_FG%":-0.2489570174,"d_FT%":-0.4454998763,"FG%":-0.1706588298,"FT%":-0.3513103993,"TRB":-0.6086687328,"AST":-0.8580607406,"STL":-0.6561241434,"BLK":-0.3366030012,"TOV":1.0,"3P":-0.5606392719,"PTS":-0.841240195,"Avg $":-0.6398483533},"3P":{"d_FG%":-0.1755641627,"d_FT%":0.5230204523,"FG%":0.015121584,"FT%":0.4525778395,"TRB":0.2473897307,"AST":0.5688373805,"STL":0.5205976385,"BLK":0.0576827333,"TOV":-0.5606392719,"3P":1.0,"PTS":0.7317127113,"Avg $":0.3576517314},"PTS":{"d_FG%":0.3361375473,"d_FT%":0.5522584474,"FG%":0.2798020372,"FT%":0.4711717597,"TRB":0.6687271717,"AST":0.7489316335,"STL":0.6313471777,"BLK":0.3956946226,"TOV":-0.841240195,"3P":0.7317127113,"PTS":1.0,"Avg $":0.6701884662},"Avg $":{"d_FG%":0.3761693684,"d_FT%":0.4459424289,"FG%":0.1245988579,"FT%":0.1650220704,"TRB":0.5172904371,"AST":0.56093857,"STL":0.3699478329,"BLK":0.3306205245,"TOV":-0.6398483533,"3P":0.3576517314,"PTS":0.6701884662,"Avg $":1.0}}