{"d_FG%":{"d_FG%":1.0,"d_FT%":-0.1178065964,"FG%":0.4191513662,"FT%":-0.0014087586,"TRB":0.5049305912,"AST":0.0130799188,"STL":0.0578227532,"BLK":0.4308474355,"TOV":-0.1137983339,"3P":-0.218810068,"PTS":0.2278959821,"Avg $":0.2575519112},"d_FT%":{"d_FG%":-0.1178065964,"d_FT%":1.0,"FG%":-0.0427807519,"FT%":0.3614849793,"TRB":0.0264128014,"AST":0.4152889924,"STL":0.2486433392,"BLK":-0.0986054434,"TOV":-0.3699858699,"3P":0.4480644793,"PTS":0.4718171357,"Avg $":0.3319355491},"FG%":{"d_FG%":0.4191513662,"d_FT%":-0.0427807519,"FG%":1.0,"FT%":0.1186928309,"TRB":0.3020472167,"AST":0.073348173,"STL":0.1373991408,"BLK":0.2741447389,"TOV":-0.1502265156,"3P":0.0253027745,"PTS":0.2082692616,"Avg $":0.0957958667},"FT%":{"d_FG%":-0.0014087586,"d_FT%":0.3614849793,"FG%":0.1186928309,"FT%":1.0,"TRB":0.2860988509,"AST":0.321881771,"STL":0.3767100278,"BLK":0.1262192874,"TOV":-0.3514940883,"3P":0.391558655,"PTS":0.4434611045,"Avg $":0.1599775578},"TRB":{"d_FG%":0.5049305912,"d_FT%":0.0264128014,"FG%":0.3020472167,"FT%":0.2860988509,"TRB":1.0,"AST":0.4675189636,"STL":0.4875871094,"BLK":0.6612687384,"TOV":-0.6088560192,"3P":0.264910329,"PTS":0.6768053944,"Avg $":0.5167539148},"AST":{"d_FG%":0.0130799188,"d_FT%":0.4152889924,"FG%":0.073348173,"FT%":0.321881771,"TRB":0.4675189636,"AST":1.0,"STL":0.6630275125,"BLK":0.1619904883,"TOV":-0.8529401921,"3P":0.5503857656,"PTS":0.7524459257,"Avg $":0.5921881897},"STL":{"d_FG%":0.0578227532,"d_FT%":0.2486433392,"FG%":0.1373991408,"FT%":0.3767100278,"TRB":0.4875871094,"AST":0.6630275125,"STL":1.0,"BLK":0.352964809,"TOV":-0.6328269403,"3P":0.5382641227,"PTS":0.6564360384,"Avg $":0.3791413073},"BLK":{"d_FG%":0.4308474355,"d_FT%":-0.0986054434,"FG%":0.2741447389,"FT%":0.1262192874,"TRB":0.6612687384,"AST":0.1619904883,"STL":0.352964809,"BLK":1.0,"TOV":-0.2837207194,"3P":0.1062316936,"PTS":0.3712629971,"Avg $":0.309209489},"TOV":{"d_FG%":-0.1137983339,"d_FT%":-0.3699858699,"FG%":-0.1502265156,"FT%":-0.3514940883,"TRB":-0.6088560192,"AST":-0.8529401921,"STL":-0.6328269403,"BLK":-0.2837207194,"TOV":1.0,"3P":-0.564424086,"PTS":-0.8368566284,"Avg $":-0.6372700564},"3P":{"d_FG%":-0.218810068,"d_FT%":0.4480644793,"FG%":0.0253027745,"FT%":0.391558655,"TRB":0.264910329,"AST":0.5503857656,"STL":0.5382641227,"BLK":0.1062316936,"TOV":-0.564424086,"3P":1.0,"PTS":0.7329388236,"Avg $":0.3553657186},"PTS":{"d_FG%":0.2278959821,"d_FT%":0.4718171357,"FG%":0.2082692616,"FT%":0.4434611045,"TRB":0.6768053944,"AST":0.7524459257,"STL":0.6564360384,"BLK":0.3712629971,"TOV":-0.8368566284,"3P":0.7329388236,"PTS":1.0,"Avg $":0.6639463947},"Avg $":{"d_FG%":0.2575519112,"d_FT%":0.3319355491,"FG%":0.0957958667,"FT%":0.1599775578,"TRB":0.5167539148,"AST":0.5921881897,"STL":0.3791413073,"BLK":0.309209489,"TOV":-0.6372700564,"3P":0.3553657186,"PTS":0.6639463947,"Avg $":1.0}}