{"d_FG%":{"d_FG%":1.0,"d_FT%":-0.0903682821,"FG%":0.4272254376,"FT%":0.0410127091,"TRB":0.6277213428,"AST":0.1344412201,"STL":0.1404996351,"BLK":0.5258836556,"TOV":-0.249379949,"3P":-0.1657962518,"PTS":0.3372013694,"Avg $":0.3609076147},"d_FT%":{"d_FG%":-0.0903682821,"d_FT%":1.0,"FG%":-0.0317175266,"FT%":0.3249375243,"TRB":0.0907408211,"AST":0.4797746025,"STL":0.2744526244,"BLK":-0.0388349853,"TOV":-0.4425080252,"3P":0.5245697017,"PTS":0.5460895957,"Avg $":0.4340273442},"FG%":{"d_FG%":0.4272254376,"d_FT%":-0.0317175266,"FG%":1.0,"FT%":0.286724997,"TRB":0.4016043699,"AST":0.108310441,"STL":0.1529620911,"BLK":0.3733567111,"TOV":-0.1914583488,"3P":0.0342370096,"PTS":0.2916248893,"Avg $":0.1237440023},"FT%":{"d_FG%":0.0410127091,"d_FT%":0.3249375243,"FG%":0.286724997,"FT%":1.0,"TRB":0.3102204446,"AST":0.3636543805,"STL":0.3663931356,"BLK":0.1638070157,"TOV":-0.3687599748,"3P":0.4345780881,"PTS":0.4696000533,"Avg $":0.1666809854},"TRB":{"d_FG%":0.6277213428,"d_FT%":0.0907408211,"FG%":0.4016043699,"FT%":0.3102204446,"TRB":1.0,"AST":0.4552060633,"STL":0.4973373957,"BLK":0.6891091577,"TOV":-0.6205917004,"3P":0.2626459869,"PTS":0.6782156255,"Avg $":0.5247040997},"AST":{"d_FG%":0.1344412201,"d_FT%":0.4797746025,"FG%":0.108310441,"FT%":0.3636543805,"TRB":0.4552060633,"AST":1.0,"STL":0.6802064092,"BLK":0.1716970533,"TOV":-0.8666503263,"3P":0.5666021331,"PTS":0.7576775836,"Avg $":0.57816805},"STL":{"d_FG%":0.1404996351,"d_FT%":0.2744526244,"FG%":0.1529620911,"FT%":0.3663931356,"TRB":0.4973373957,"AST":0.6802064092,"STL":1.0,"BLK":0.3544084971,"TOV":-0.6556394776,"3P":0.5170883279,"PTS":0.6387378285,"Avg $":0.3821890411},"BLK":{"d_FG%":0.5258836556,"d_FT%":-0.0388349853,"FG%":0.3733567111,"FT%":0.1638070157,"TRB":0.6891091577,"AST":0.1716970533,"STL":0.3544084971,"BLK":1.0,"TOV":-0.3188488073,"3P":0.0793610157,"PTS":0.3939967117,"Avg $":0.3314389062},"TOV":{"d_FG%":-0.249379949,"d_FT%":-0.4425080252,"FG%":-0.1914583488,"FT%":-0.3687599748,"TRB":-0.6205917004,"AST":-0.8666503263,"STL":-0.6556394776,"BLK":-0.3188488073,"TOV":1.0,"3P":-0.5580379827,"PTS":-0.8415063702,"Avg $":-0.638043497},"3P":{"d_FG%":-0.1657962518,"d_FT%":0.5245697017,"FG%":0.0342370096,"FT%":0.4345780881,"TRB":0.2626459869,"AST":0.5666021331,"STL":0.5170883279,"BLK":0.0793610157,"TOV":-0.5580379827,"3P":1.0,"PTS":0.7334652589,"Avg $":0.3571165814},"PTS":{"d_FG%":0.3372013694,"d_FT%":0.5460895957,"FG%":0.2916248893,"FT%":0.4696000533,"TRB":0.6782156255,"AST":0.7576775836,"STL":0.6387378285,"BLK":0.3939967117,"TOV":-0.8415063702,"3P":0.7334652589,"PTS":1.0,"Avg $":0.6689186846},"Avg $":{"d_FG%":0.3609076147,"d_FT%":0.4340273442,"FG%":0.1237440023,"FT%":0.1666809854,"TRB":0.5247040997,"AST":0.57816805,"STL":0.3821890411,"BLK":0.3314389062,"TOV":-0.638043497,"3P":0.3571165814,"PTS":0.6689186846,"Avg $":1.0}}