{"d_FG%":{"d_FG%":1.0,"d_FT%":-0.1261592695,"FG%":0.4072528817,"FT%":0.0399972583,"TRB":0.5708525261,"AST":0.119038046,"STL":0.1196656992,"BLK":0.4870440181,"TOV":-0.2281463,"3P":-0.1418588016,"PTS":0.3194505864,"Avg $":0.3250307953},"d_FT%":{"d_FG%":-0.1261592695,"d_FT%":1.0,"FG%":-0.0314252658,"FT%":0.3260357219,"TRB":0.0468144042,"AST":0.4346110821,"STL":0.2361948377,"BLK":-0.0466638485,"TOV":-0.4071267591,"3P":0.5076197001,"PTS":0.5149765571,"Avg $":0.4091979291},"FG%":{"d_FG%":0.4072528817,"d_FT%":-0.0314252658,"FG%":1.0,"FT%":0.2300453392,"TRB":0.3521339343,"AST":0.0976993409,"STL":0.1541374612,"BLK":0.3394899232,"TOV":-0.1718664329,"3P":0.0579804552,"PTS":0.2851527282,"Avg $":0.1144113778},"FT%":{"d_FG%":0.0399972583,"d_FT%":0.3260357219,"FG%":0.2300453392,"FT%":1.0,"TRB":0.2967580337,"AST":0.3300279436,"STL":0.3558071962,"BLK":0.1463885115,"TOV":-0.3377292198,"3P":0.4138793496,"PTS":0.4553775509,"Avg $":0.1633683149},"TRB":{"d_FG%":0.5708525261,"d_FT%":0.0468144042,"FG%":0.3521339343,"FT%":0.2967580337,"TRB":1.0,"AST":0.460213719,"STL":0.4679566299,"BLK":0.6531936916,"TOV":-0.6029406918,"3P":0.2777724031,"PTS":0.6725749605,"Avg $":0.5154777433},"AST":{"d_FG%":0.119038046,"d_FT%":0.4346110821,"FG%":0.0976993409,"FT%":0.3300279436,"TRB":0.460213719,"AST":1.0,"STL":0.6424347417,"BLK":0.1822653733,"TOV":-0.850680013,"3P":0.5470855347,"PTS":0.7460128402,"Avg $":0.5748845934},"STL":{"d_FG%":0.1196656992,"d_FT%":0.2361948377,"FG%":0.1541374612,"FT%":0.3558071962,"TRB":0.4679566299,"AST":0.6424347417,"STL":1.0,"BLK":0.371114533,"TOV":-0.6211143611,"3P":0.4798599869,"PTS":0.62796559,"Avg $":0.3754171071},"BLK":{"d_FG%":0.4870440181,"d_FT%":-0.0466638485,"FG%":0.3394899232,"FT%":0.1463885115,"TRB":0.6531936916,"AST":0.1822653733,"STL":0.371114533,"BLK":1.0,"TOV":-0.294787899,"3P":0.0818646428,"PTS":0.3831996113,"Avg $":0.3123786785},"TOV":{"d_FG%":-0.2281463,"d_FT%":-0.4071267591,"FG%":-0.1718664329,"FT%":-0.3377292198,"TRB":-0.6029406918,"AST":-0.850680013,"STL":-0.6211143611,"BLK":-0.294787899,"TOV":1.0,"3P":-0.5602690652,"PTS":-0.8292778561,"Avg $":-0.6408728118},"3P":{"d_FG%":-0.1418588016,"d_FT%":0.5076197001,"FG%":0.0579804552,"FT%":0.4138793496,"TRB":0.2777724031,"AST":0.5470855347,"STL":0.4798599869,"BLK":0.0818646428,"TOV":-0.5602690652,"3P":1.0,"PTS":0.7320050174,"Avg $":0.3508811301},"PTS":{"d_FG%":0.3194505864,"d_FT%":0.5149765571,"FG%":0.2851527282,"FT%":0.4553775509,"TRB":0.6725749605,"AST":0.7460128402,"STL":0.62796559,"BLK":0.3831996113,"TOV":-0.8292778561,"3P":0.7320050174,"PTS":1.0,"Avg $":0.6668612426},"Avg $":{"d_FG%":0.3250307953,"d_FT%":0.4091979291,"FG%":0.1144113778,"FT%":0.1633683149,"TRB":0.5154777433,"AST":0.5748845934,"STL":0.3754171071,"BLK":0.3123786785,"TOV":-0.6408728118,"3P":0.3508811301,"PTS":0.6668612426,"Avg $":1.0}}