{"d_FG%":{"d_FG%":1.0,"d_FT%":-0.0727470887,"FG%":0.4294199069,"FT%":0.0369373174,"TRB":0.6277717648,"AST":0.1242134089,"STL":0.1315759075,"BLK":0.5514103806,"TOV":-0.2449040815,"3P":-0.1748633987,"PTS":0.3340587409,"Avg $":0.3698586778},"d_FT%":{"d_FG%":-0.0727470887,"d_FT%":1.0,"FG%":-0.0297554962,"FT%":0.3198149153,"TRB":0.091597569,"AST":0.4827596806,"STL":0.2788926762,"BLK":-0.041369581,"TOV":-0.4397289619,"3P":0.5207765091,"PTS":0.543821779,"Avg $":0.4410785464},"FG%":{"d_FG%":0.4294199069,"d_FT%":-0.0297554962,"FG%":1.0,"FT%":0.2800313352,"TRB":0.4003470559,"AST":0.0995449148,"STL":0.1435445273,"BLK":0.3966214594,"TOV":-0.1819717469,"3P":0.0251977104,"PTS":0.2839733025,"Avg $":0.1240980663},"FT%":{"d_FG%":0.0369373174,"d_FT%":0.3198149153,"FG%":0.2800313352,"FT%":1.0,"TRB":0.3112024102,"AST":0.3649749957,"STL":0.3695845872,"BLK":0.1883999759,"TOV":-0.3594589499,"3P":0.4524837622,"PTS":0.4729226443,"Avg $":0.1670801792},"TRB":{"d_FG%":0.6277717648,"d_FT%":0.091597569,"FG%":0.4003470559,"FT%":0.3112024102,"TRB":1.0,"AST":0.4488394617,"STL":0.4869184349,"BLK":0.7037240114,"TOV":-0.6182416592,"3P":0.2596288143,"PTS":0.6759671465,"Avg $":0.5215062816},"AST":{"d_FG%":0.1242134089,"d_FT%":0.4827596806,"FG%":0.0995449148,"FT%":0.3649749957,"TRB":0.4488394617,"AST":1.0,"STL":0.6862193399,"BLK":0.17890169,"TOV":-0.868935715,"3P":0.5709755965,"PTS":0.7568417997,"Avg $":0.5717530808},"STL":{"d_FG%":0.1315759075,"d_FT%":0.2788926762,"FG%":0.1435445273,"FT%":0.3695845872,"TRB":0.4869184349,"AST":0.6862193399,"STL":1.0,"BLK":0.3505244489,"TOV":-0.661780856,"3P":0.5118320714,"PTS":0.6360698993,"Avg $":0.3776389279},"BLK":{"d_FG%":0.5514103806,"d_FT%":-0.041369581,"FG%":0.3966214594,"FT%":0.1883999759,"TRB":0.7037240114,"AST":0.17890169,"STL":0.3505244489,"BLK":1.0,"TOV":-0.3405451662,"3P":0.0602844838,"PTS":0.4043069519,"Avg $":0.3367457505},"TOV":{"d_FG%":-0.2449040815,"d_FT%":-0.4397289619,"FG%":-0.1819717469,"FT%":-0.3594589499,"TRB":-0.6182416592,"AST":-0.868935715,"STL":-0.661780856,"BLK":-0.3405451662,"TOV":1.0,"3P":-0.558193578,"PTS":-0.8427889516,"Avg $":-0.6399669037},"3P":{"d_FG%":-0.1748633987,"d_FT%":0.5207765091,"FG%":0.0251977104,"FT%":0.4524837622,"TRB":0.2596288143,"AST":0.5709755965,"STL":0.5118320714,"BLK":0.0602844838,"TOV":-0.558193578,"3P":1.0,"PTS":0.7333035159,"Avg $":0.3586797515},"PTS":{"d_FG%":0.3340587409,"d_FT%":0.543821779,"FG%":0.2839733025,"FT%":0.4729226443,"TRB":0.6759671465,"AST":0.7568417997,"STL":0.6360698993,"BLK":0.4043069519,"TOV":-0.8427889516,"3P":0.7333035159,"PTS":1.0,"Avg $":0.6696733788},"Avg $":{"d_FG%":0.3698586778,"d_FT%":0.4410785464,"FG%":0.1240980663,"FT%":0.1670801792,"TRB":0.5215062816,"AST":0.5717530808,"STL":0.3776389279,"BLK":0.3367457505,"TOV":-0.6399669037,"3P":0.3586797515,"PTS":0.6696733788,"Avg $":1.0}}