{"d_FG%":{"d_FG%":1.0,"d_FT%":-0.0350772765,"FG%":0.5150508532,"FT%":0.0209372158,"TRB":0.6325520414,"AST":0.211181619,"STL":0.1837074824,"BLK":0.5154219984,"TOV":-0.3258508319,"3P":-0.0771449037,"PTS":0.4337134689,"Avg $":0.4582426713},"d_FT%":{"d_FG%":-0.0350772765,"d_FT%":1.0,"FG%":-0.0347284027,"FT%":0.3528830696,"TRB":0.023750408,"AST":0.4298282442,"STL":0.2669101582,"BLK":-0.128500348,"TOV":-0.3442817616,"3P":0.5282135303,"PTS":0.5053882314,"Avg $":0.4534134469},"FG%":{"d_FG%":0.5150508532,"d_FT%":-0.0347284027,"FG%":1.0,"FT%":0.2343347632,"TRB":0.4745332912,"AST":0.1480396596,"STL":0.2613146912,"BLK":0.4449866337,"TOV":-0.1866760454,"3P":0.0512345408,"PTS":0.3335782866,"Avg $":0.1812055795},"FT%":{"d_FG%":0.0209372158,"d_FT%":0.3528830696,"FG%":0.2343347632,"FT%":1.0,"TRB":0.1857284156,"AST":0.3044877771,"STL":0.2784764279,"BLK":0.0243251773,"TOV":-0.2133819002,"3P":0.4182971885,"PTS":0.3854972795,"Avg $":0.1623063041},"TRB":{"d_FG%":0.6325520414,"d_FT%":0.023750408,"FG%":0.4745332912,"FT%":0.1857284156,"TRB":1.0,"AST":0.4232472665,"STL":0.4682679444,"BLK":0.6655677892,"TOV":-0.5743854216,"3P":0.218683664,"PTS":0.6430483169,"Avg $":0.5217933612},"AST":{"d_FG%":0.211181619,"d_FT%":0.4298282442,"FG%":0.1480396596,"FT%":0.3044877771,"TRB":0.4232472665,"AST":1.0,"STL":0.6765200384,"BLK":0.0962006109,"TOV":-0.8327004005,"3P":0.531271478,"PTS":0.7478802488,"Avg $":0.6342329117},"STL":{"d_FG%":0.1837074824,"d_FT%":0.2669101582,"FG%":0.2613146912,"FT%":0.2784764279,"TRB":0.4682679444,"AST":0.6765200384,"STL":1.0,"BLK":0.2739769417,"TOV":-0.6051740599,"3P":0.4874341838,"PTS":0.6408314766,"Avg $":0.4048173389},"BLK":{"d_FG%":0.5154219984,"d_FT%":-0.128500348,"FG%":0.4449866337,"FT%":0.0243251773,"TRB":0.6655677892,"AST":0.0962006109,"STL":0.2739769417,"BLK":1.0,"TOV":-0.2776611356,"3P":0.0035676558,"PTS":0.3324728895,"Avg $":0.2999921224},"TOV":{"d_FG%":-0.3258508319,"d_FT%":-0.3442817616,"FG%":-0.1866760454,"FT%":-0.2133819002,"TRB":-0.5743854216,"AST":-0.8327004005,"STL":-0.6051740599,"BLK":-0.2776611356,"TOV":1.0,"3P":-0.4990128785,"PTS":-0.8118504662,"Avg $":-0.673305054},"3P":{"d_FG%":-0.0771449037,"d_FT%":0.5282135303,"FG%":0.0512345408,"FT%":0.4182971885,"TRB":0.218683664,"AST":0.531271478,"STL":0.4874341838,"BLK":0.0035676558,"TOV":-0.4990128785,"3P":1.0,"PTS":0.7183006788,"Avg $":0.3888711523},"PTS":{"d_FG%":0.4337134689,"d_FT%":0.5053882314,"FG%":0.3335782866,"FT%":0.3854972795,"TRB":0.6430483169,"AST":0.7478802488,"STL":0.6408314766,"BLK":0.3324728895,"TOV":-0.8118504662,"3P":0.7183006788,"PTS":1.0,"Avg $":0.7240468024},"Avg $":{"d_FG%":0.4582426713,"d_FT%":0.4534134469,"FG%":0.1812055795,"FT%":0.1623063041,"TRB":0.5217933612,"AST":0.6342329117,"STL":0.4048173389,"BLK":0.2999921224,"TOV":-0.673305054,"3P":0.3888711523,"PTS":0.7240468024,"Avg $":1.0}}