{"d_FG%":{"d_FG%":1.0,"d_FT%":-0.133724197,"FG%":0.424246509,"FT%":-0.0161056258,"TRB":0.4992691125,"AST":0.0028877702,"STL":0.0435027398,"BLK":0.4346858776,"TOV":-0.1062153597,"3P":-0.2399403779,"PTS":0.2097505089,"Avg $":0.2513400384},"d_FT%":{"d_FG%":-0.133724197,"d_FT%":1.0,"FG%":-0.0491403711,"FT%":0.365474554,"TRB":0.0373655124,"AST":0.4353412867,"STL":0.2563388513,"BLK":-0.0973092838,"TOV":-0.390420309,"3P":0.4609998448,"PTS":0.4869201935,"Avg $":0.3475280091},"FG%":{"d_FG%":0.424246509,"d_FT%":-0.0491403711,"FG%":1.0,"FT%":0.1037224843,"TRB":0.3026075278,"AST":0.0619207401,"STL":0.1119680315,"BLK":0.2705829725,"TOV":-0.1446733613,"3P":-0.0010698515,"PTS":0.193438606,"Avg $":0.0941267504},"FT%":{"d_FG%":-0.0161056258,"d_FT%":0.365474554,"FG%":0.1037224843,"FT%":1.0,"TRB":0.2765979393,"AST":0.3259433787,"STL":0.3622963362,"BLK":0.1182430458,"TOV":-0.3517459807,"3P":0.3962273377,"PTS":0.4388082818,"Avg $":0.1573363419},"TRB":{"d_FG%":0.4992691125,"d_FT%":0.0373655124,"FG%":0.3026075278,"FT%":0.2765979393,"TRB":1.0,"AST":0.4665543958,"STL":0.4975333963,"BLK":0.6747719263,"TOV":-0.6074837734,"3P":0.2686056886,"PTS":0.6770916996,"Avg $":0.5183421348},"AST":{"d_FG%":0.0028877702,"d_FT%":0.4353412867,"FG%":0.0619207401,"FT%":0.3259433787,"TRB":0.4665543958,"AST":1.0,"STL":0.6613544931,"BLK":0.1623810693,"TOV":-0.8553011868,"3P":0.5500269699,"PTS":0.7557762215,"Avg $":0.5975925319},"STL":{"d_FG%":0.0435027398,"d_FT%":0.2563388513,"FG%":0.1119680315,"FT%":0.3622963362,"TRB":0.4975333963,"AST":0.6613544931,"STL":1.0,"BLK":0.3470778707,"TOV":-0.6420031699,"3P":0.5313800455,"PTS":0.6531051769,"Avg $":0.3769431246},"BLK":{"d_FG%":0.4346858776,"d_FT%":-0.0973092838,"FG%":0.2705829725,"FT%":0.1182430458,"TRB":0.6747719263,"AST":0.1623810693,"STL":0.3470778707,"BLK":1.0,"TOV":-0.282314002,"3P":0.0990161689,"PTS":0.3698244869,"Avg $":0.3086418113},"TOV":{"d_FG%":-0.1062153597,"d_FT%":-0.390420309,"FG%":-0.1446733613,"FT%":-0.3517459807,"TRB":-0.6074837734,"AST":-0.8553011868,"STL":-0.6420031699,"BLK":-0.282314002,"TOV":1.0,"3P":-0.5651931162,"PTS":-0.8396363985,"Avg $":-0.6379141686},"3P":{"d_FG%":-0.2399403779,"d_FT%":0.4609998448,"FG%":-0.0010698515,"FT%":0.3962273377,"TRB":0.2686056886,"AST":0.5500269699,"STL":0.5313800455,"BLK":0.0990161689,"TOV":-0.5651931162,"3P":1.0,"PTS":0.734113159,"Avg $":0.359725699},"PTS":{"d_FG%":0.2097505089,"d_FT%":0.4869201935,"FG%":0.193438606,"FT%":0.4388082818,"TRB":0.6770916996,"AST":0.7557762215,"STL":0.6531051769,"BLK":0.3698244869,"TOV":-0.8396363985,"3P":0.734113159,"PTS":1.0,"Avg $":0.6663822656},"Avg $":{"d_FG%":0.2513400384,"d_FT%":0.3475280091,"FG%":0.0941267504,"FT%":0.1573363419,"TRB":0.5183421348,"AST":0.5975925319,"STL":0.3769431246,"BLK":0.3086418113,"TOV":-0.6379141686,"3P":0.359725699,"PTS":0.6663822656,"Avg $":1.0}}