{"d_FG%":{"d_FG%":1.0,"d_FT%":-0.1068230307,"FG%":0.4076782266,"FT%":0.0369063797,"TRB":0.5901920017,"AST":0.1190445904,"STL":0.1278354842,"BLK":0.5052732116,"TOV":-0.2259003622,"3P":-0.1609846291,"PTS":0.3180923759,"Avg $":0.3233547772},"d_FT%":{"d_FG%":-0.1068230307,"d_FT%":1.0,"FG%":-0.0325103116,"FT%":0.3260745648,"TRB":0.0857305106,"AST":0.4913100061,"STL":0.2565115634,"BLK":-0.034659535,"TOV":-0.4523027024,"3P":0.5249844985,"PTS":0.5468516325,"Avg $":0.4608998791},"FG%":{"d_FG%":0.4076782266,"d_FT%":-0.0325103116,"FG%":1.0,"FT%":0.2299646198,"TRB":0.3622194489,"AST":0.0947537631,"STL":0.1501787744,"BLK":0.3265254651,"TOV":-0.1606597577,"3P":0.0346213822,"PTS":0.2729075039,"Avg $":0.1096890622},"FT%":{"d_FG%":0.0369063797,"d_FT%":0.3260745648,"FG%":0.2299646198,"FT%":1.0,"TRB":0.3072226019,"AST":0.3561240104,"STL":0.3292683571,"BLK":0.1474708043,"TOV":-0.3573407326,"3P":0.4366115889,"PTS":0.4668805255,"Avg $":0.1686626627},"TRB":{"d_FG%":0.5901920017,"d_FT%":0.0857305106,"FG%":0.3622194489,"FT%":0.3072226019,"TRB":1.0,"AST":0.4639797423,"STL":0.4947003675,"BLK":0.6740363213,"TOV":-0.615540823,"3P":0.2763776894,"PTS":0.6819448695,"Avg $":0.5221216398},"AST":{"d_FG%":0.1190445904,"d_FT%":0.4913100061,"FG%":0.0947537631,"FT%":0.3561240104,"TRB":0.4639797423,"AST":1.0,"STL":0.6618305537,"BLK":0.180877664,"TOV":-0.8571261808,"3P":0.5607059709,"PTS":0.7544707804,"Avg $":0.5817918678},"STL":{"d_FG%":0.1278354842,"d_FT%":0.2565115634,"FG%":0.1501787744,"FT%":0.3292683571,"TRB":0.4947003675,"AST":0.6618305537,"STL":1.0,"BLK":0.3616284142,"TOV":-0.6369768356,"3P":0.506592086,"PTS":0.6272639877,"Avg $":0.3802569133},"BLK":{"d_FG%":0.5052732116,"d_FT%":-0.034659535,"FG%":0.3265254651,"FT%":0.1474708043,"TRB":0.6740363213,"AST":0.180877664,"STL":0.3616284142,"BLK":1.0,"TOV":-0.3234433607,"3P":0.088596041,"PTS":0.3953207773,"Avg $":0.3171480356},"TOV":{"d_FG%":-0.2259003622,"d_FT%":-0.4523027024,"FG%":-0.1606597577,"FT%":-0.3573407326,"TRB":-0.615540823,"AST":-0.8571261808,"STL":-0.6369768356,"BLK":-0.3234433607,"TOV":1.0,"3P":-0.562380607,"PTS":-0.835620486,"Avg $":-0.6457351347},"3P":{"d_FG%":-0.1609846291,"d_FT%":0.5249844985,"FG%":0.0346213822,"FT%":0.4366115889,"TRB":0.2763776894,"AST":0.5607059709,"STL":0.506592086,"BLK":0.088596041,"TOV":-0.562380607,"3P":1.0,"PTS":0.7380420023,"Avg $":0.3583104984},"PTS":{"d_FG%":0.3180923759,"d_FT%":0.5468516325,"FG%":0.2729075039,"FT%":0.4668805255,"TRB":0.6819448695,"AST":0.7544707804,"STL":0.6272639877,"BLK":0.3953207773,"TOV":-0.835620486,"3P":0.7380420023,"PTS":1.0,"Avg $":0.6689947943},"Avg $":{"d_FG%":0.3233547772,"d_FT%":0.4608998791,"FG%":0.1096890622,"FT%":0.1686626627,"TRB":0.5221216398,"AST":0.5817918678,"STL":0.3802569133,"BLK":0.3171480356,"TOV":-0.6457351347,"3P":0.3583104984,"PTS":0.6689947943,"Avg $":1.0}}