{"d_FG%":{"d_FG%":1.0,"d_FT%":-0.0782938771,"FG%":0.4270382825,"FT%":0.0452021455,"TRB":0.6320194477,"AST":0.1411243087,"STL":0.1432869087,"BLK":0.5495429538,"TOV":-0.2527288519,"3P":-0.1570885642,"PTS":0.3466629277,"Avg $":0.3680648848},"d_FT%":{"d_FG%":-0.0782938771,"d_FT%":1.0,"FG%":-0.0279455585,"FT%":0.3236406203,"TRB":0.0950390064,"AST":0.4821782156,"STL":0.2705430546,"BLK":-0.0375090203,"TOV":-0.4391924343,"3P":0.525658403,"PTS":0.548835918,"Avg $":0.4402252081},"FG%":{"d_FG%":0.4270382825,"d_FT%":-0.0279455585,"FG%":1.0,"FT%":0.2919139777,"TRB":0.3996028728,"AST":0.1071329494,"STL":0.1430419192,"BLK":0.391233165,"TOV":-0.1793871785,"3P":0.0385203864,"PTS":0.2947967772,"Avg $":0.1252655797},"FT%":{"d_FG%":0.0452021455,"d_FT%":0.3236406203,"FG%":0.2919139777,"FT%":1.0,"TRB":0.3101709676,"AST":0.3571380692,"STL":0.3524140684,"BLK":0.2016118994,"TOV":-0.3456544844,"3P":0.4457837604,"PTS":0.4730571613,"Avg $":0.1696305794},"TRB":{"d_FG%":0.6320194477,"d_FT%":0.0950390064,"FG%":0.3996028728,"FT%":0.3101709676,"TRB":1.0,"AST":0.4559856872,"STL":0.4931040184,"BLK":0.701514403,"TOV":-0.619422872,"3P":0.2604126502,"PTS":0.6764151762,"Avg $":0.52469108},"AST":{"d_FG%":0.1411243087,"d_FT%":0.4821782156,"FG%":0.1071329494,"FT%":0.3571380692,"TRB":0.4559856872,"AST":1.0,"STL":0.6767019661,"BLK":0.1823601091,"TOV":-0.8603541056,"3P":0.5680513139,"PTS":0.7564359718,"Avg $":0.5769293941},"STL":{"d_FG%":0.1432869087,"d_FT%":0.2705430546,"FG%":0.1430419192,"FT%":0.3524140684,"TRB":0.4931040184,"AST":0.6767019661,"STL":1.0,"BLK":0.3496117075,"TOV":-0.6625997701,"3P":0.5053496785,"PTS":0.6253838846,"Avg $":0.3749119871},"BLK":{"d_FG%":0.5495429538,"d_FT%":-0.0375090203,"FG%":0.391233165,"FT%":0.2016118994,"TRB":0.701514403,"AST":0.1823601091,"STL":0.3496117075,"BLK":1.0,"TOV":-0.3303706683,"3P":0.0708868211,"PTS":0.405706411,"Avg $":0.3387620358},"TOV":{"d_FG%":-0.2527288519,"d_FT%":-0.4391924343,"FG%":-0.1793871785,"FT%":-0.3456544844,"TRB":-0.619422872,"AST":-0.8603541056,"STL":-0.6625997701,"BLK":-0.3303706683,"TOV":1.0,"3P":-0.549009077,"PTS":-0.8271772107,"Avg $":-0.629649069},"3P":{"d_FG%":-0.1570885642,"d_FT%":0.525658403,"FG%":0.0385203864,"FT%":0.4457837604,"TRB":0.2604126502,"AST":0.5680513139,"STL":0.5053496785,"BLK":0.0708868211,"TOV":-0.549009077,"3P":1.0,"PTS":0.7352957956,"Avg $":0.3586539228},"PTS":{"d_FG%":0.3466629277,"d_FT%":0.548835918,"FG%":0.2947967772,"FT%":0.4730571613,"TRB":0.6764151762,"AST":0.7564359718,"STL":0.6253838846,"BLK":0.405706411,"TOV":-0.8271772107,"3P":0.7352957956,"PTS":1.0,"Avg $":0.6695844086},"Avg $":{"d_FG%":0.3680648848,"d_FT%":0.4402252081,"FG%":0.1252655797,"FT%":0.1696305794,"TRB":0.52469108,"AST":0.5769293941,"STL":0.3749119871,"BLK":0.3387620358,"TOV":-0.629649069,"3P":0.3586539228,"PTS":0.6695844086,"Avg $":1.0}}