{"d_FG%":{"d_FG%":1.0,"d_FT%":-0.0940379256,"FG%":0.4269445998,"FT%":0.0397503706,"TRB":0.6225034577,"AST":0.1380236052,"STL":0.1432964857,"BLK":0.5283932257,"TOV":-0.247961657,"3P":-0.166848605,"PTS":0.336490133,"Avg $":0.3527223421},"d_FT%":{"d_FG%":-0.0940379256,"d_FT%":1.0,"FG%":-0.0327181806,"FT%":0.3233081318,"TRB":0.0810982506,"AST":0.4799799042,"STL":0.271869501,"BLK":-0.0440971394,"TOV":-0.4331237999,"3P":0.5222366208,"PTS":0.5409080102,"Avg $":0.4371184723},"FG%":{"d_FG%":0.4269445998,"d_FT%":-0.0327181806,"FG%":1.0,"FT%":0.3060365647,"TRB":0.4035613513,"AST":0.1208012427,"STL":0.1677577005,"BLK":0.3789375029,"TOV":-0.2076556679,"3P":0.0388833747,"PTS":0.3009509165,"Avg $":0.1243776468},"FT%":{"d_FG%":0.0397503706,"d_FT%":0.3233081318,"FG%":0.3060365647,"FT%":1.0,"TRB":0.3070416081,"AST":0.3637966089,"STL":0.3665609491,"BLK":0.1599106944,"TOV":-0.3648322654,"3P":0.4399592367,"PTS":0.4724079255,"Avg $":0.1661321552},"TRB":{"d_FG%":0.6225034577,"d_FT%":0.0810982506,"FG%":0.4035613513,"FT%":0.3070416081,"TRB":1.0,"AST":0.4617706091,"STL":0.5011527063,"BLK":0.6861195603,"TOV":-0.6192241211,"3P":0.2641798346,"PTS":0.6778723902,"Avg $":0.5247950816},"AST":{"d_FG%":0.1380236052,"d_FT%":0.4799799042,"FG%":0.1208012427,"FT%":0.3637966089,"TRB":0.4617706091,"AST":1.0,"STL":0.67776026,"BLK":0.1764767577,"TOV":-0.8685518113,"3P":0.5678267582,"PTS":0.761085182,"Avg $":0.5820999288},"STL":{"d_FG%":0.1432964857,"d_FT%":0.271869501,"FG%":0.1677577005,"FT%":0.3665609491,"TRB":0.5011527063,"AST":0.67776026,"STL":1.0,"BLK":0.3571641465,"TOV":-0.6525037298,"3P":0.5205589008,"PTS":0.6384867702,"Avg $":0.3842494697},"BLK":{"d_FG%":0.5283932257,"d_FT%":-0.0440971394,"FG%":0.3789375029,"FT%":0.1599106944,"TRB":0.6861195603,"AST":0.1764767577,"STL":0.3571641465,"BLK":1.0,"TOV":-0.3189738911,"3P":0.0759482503,"PTS":0.3948023461,"Avg $":0.3270030501},"TOV":{"d_FG%":-0.247961657,"d_FT%":-0.4331237999,"FG%":-0.2076556679,"FT%":-0.3648322654,"TRB":-0.6192241211,"AST":-0.8685518113,"STL":-0.6525037298,"BLK":-0.3189738911,"TOV":1.0,"3P":-0.5516564436,"PTS":-0.8384254576,"Avg $":-0.6388622405},"3P":{"d_FG%":-0.166848605,"d_FT%":0.5222366208,"FG%":0.0388833747,"FT%":0.4399592367,"TRB":0.2641798346,"AST":0.5678267582,"STL":0.5205589008,"BLK":0.0759482503,"TOV":-0.5516564436,"3P":1.0,"PTS":0.7317254987,"Avg $":0.3563759553},"PTS":{"d_FG%":0.336490133,"d_FT%":0.5409080102,"FG%":0.3009509165,"FT%":0.4724079255,"TRB":0.6778723902,"AST":0.761085182,"STL":0.6384867702,"BLK":0.3948023461,"TOV":-0.8384254576,"3P":0.7317254987,"PTS":1.0,"Avg $":0.6702712683},"Avg $":{"d_FG%":0.3527223421,"d_FT%":0.4371184723,"FG%":0.1243776468,"FT%":0.1661321552,"TRB":0.5247950816,"AST":0.5820999288,"STL":0.3842494697,"BLK":0.3270030501,"TOV":-0.6388622405,"3P":0.3563759553,"PTS":0.6702712683,"Avg $":1.0}}