{"d_FG%":{"d_FG%":1.0,"d_FT%":-0.0626461851,"FG%":0.4303178835,"FT%":0.0315877192,"TRB":0.6192855956,"AST":0.1202868848,"STL":0.1278124046,"BLK":0.5458557825,"TOV":-0.2416519847,"3P":-0.1834162112,"PTS":0.3280470742,"Avg $":0.3689552282},"d_FT%":{"d_FG%":-0.0626461851,"d_FT%":1.0,"FG%":-0.0273739099,"FT%":0.324007959,"TRB":0.1015712288,"AST":0.49325221,"STL":0.2881438752,"BLK":-0.0334400824,"TOV":-0.4527882589,"3P":0.5224767869,"PTS":0.5597604805,"Avg $":0.4539589336},"FG%":{"d_FG%":0.4303178835,"d_FT%":-0.0273739099,"FG%":1.0,"FT%":0.2560057685,"TRB":0.4025699763,"AST":0.0945413787,"STL":0.1323524067,"BLK":0.3959777011,"TOV":-0.1753368594,"3P":0.017011272,"PTS":0.2796019264,"Avg $":0.1227517391},"FT%":{"d_FG%":0.0315877192,"d_FT%":0.324007959,"FG%":0.2560057685,"FT%":1.0,"TRB":0.2933114782,"AST":0.3594473734,"STL":0.3635683354,"BLK":0.1774283948,"TOV":-0.3535985939,"3P":0.4336216802,"PTS":0.4638740991,"Avg $":0.1667086162},"TRB":{"d_FG%":0.6192855956,"d_FT%":0.1015712288,"FG%":0.4025699763,"FT%":0.2933114782,"TRB":1.0,"AST":0.4396179742,"STL":0.4665440433,"BLK":0.7047269864,"TOV":-0.599900443,"3P":0.2417831411,"PTS":0.6640540307,"Avg $":0.5144115359},"AST":{"d_FG%":0.1202868848,"d_FT%":0.49325221,"FG%":0.0945413787,"FT%":0.3594473734,"TRB":0.4396179742,"AST":1.0,"STL":0.6899542517,"BLK":0.1749032552,"TOV":-0.8677054567,"3P":0.5637531995,"PTS":0.7553607447,"Avg $":0.5705817652},"STL":{"d_FG%":0.1278124046,"d_FT%":0.2881438752,"FG%":0.1323524067,"FT%":0.3635683354,"TRB":0.4665440433,"AST":0.6899542517,"STL":1.0,"BLK":0.3382532137,"TOV":-0.6643573207,"3P":0.511991567,"PTS":0.6329903817,"Avg $":0.3756844467},"BLK":{"d_FG%":0.5458557825,"d_FT%":-0.0334400824,"FG%":0.3959777011,"FT%":0.1774283948,"TRB":0.7047269864,"AST":0.1749032552,"STL":0.3382532137,"BLK":1.0,"TOV":-0.3303396799,"3P":0.0502348699,"PTS":0.3956204415,"Avg $":0.3321179375},"TOV":{"d_FG%":-0.2416519847,"d_FT%":-0.4527882589,"FG%":-0.1753368594,"FT%":-0.3535985939,"TRB":-0.599900443,"AST":-0.8677054567,"STL":-0.6643573207,"BLK":-0.3303396799,"TOV":1.0,"3P":-0.5593866827,"PTS":-0.843728979,"Avg $":-0.6401049461},"3P":{"d_FG%":-0.1834162112,"d_FT%":0.5224767869,"FG%":0.017011272,"FT%":0.4336216802,"TRB":0.2417831411,"AST":0.5637531995,"STL":0.511991567,"BLK":0.0502348699,"TOV":-0.5593866827,"3P":1.0,"PTS":0.7277168684,"Avg $":0.3552608993},"PTS":{"d_FG%":0.3280470742,"d_FT%":0.5597604805,"FG%":0.2796019264,"FT%":0.4638740991,"TRB":0.6640540307,"AST":0.7553607447,"STL":0.6329903817,"BLK":0.3956204415,"TOV":-0.843728979,"3P":0.7277168684,"PTS":1.0,"Avg $":0.6706374221},"Avg $":{"d_FG%":0.3689552282,"d_FT%":0.4539589336,"FG%":0.1227517391,"FT%":0.1667086162,"TRB":0.5144115359,"AST":0.5705817652,"STL":0.3756844467,"BLK":0.3321179375,"TOV":-0.6401049461,"3P":0.3552608993,"PTS":0.6706374221,"Avg $":1.0}}