{"d_FG%":{"d_FG%":1.0,"d_FT%":-0.1236197616,"FG%":0.4001332127,"FT%":0.027634065,"TRB":0.5661722079,"AST":0.1026222635,"STL":0.1132075617,"BLK":0.4905550205,"TOV":-0.2113536226,"3P":-0.1634690531,"PTS":0.3008607874,"Avg $":0.3149899368},"d_FT%":{"d_FG%":-0.1236197616,"d_FT%":1.0,"FG%":-0.0322141547,"FT%":0.3281047737,"TRB":0.0736312014,"AST":0.4542967683,"STL":0.2474711807,"BLK":-0.0311760818,"TOV":-0.4275472581,"3P":0.5137712574,"PTS":0.5321049454,"Avg $":0.4321307674},"FG%":{"d_FG%":0.4001332127,"d_FT%":-0.0322141547,"FG%":1.0,"FT%":0.2078202838,"TRB":0.3401708198,"AST":0.0865549377,"STL":0.1423272614,"BLK":0.3190694192,"TOV":-0.1545770358,"3P":0.048440757,"PTS":0.2676610826,"Avg $":0.109924428},"FT%":{"d_FG%":0.027634065,"d_FT%":0.3281047737,"FG%":0.2078202838,"FT%":1.0,"TRB":0.308877976,"AST":0.3425576921,"STL":0.3411343827,"BLK":0.1534376787,"TOV":-0.3495638879,"3P":0.4259261497,"PTS":0.4632916098,"Avg $":0.1654385675},"TRB":{"d_FG%":0.5661722079,"d_FT%":0.0736312014,"FG%":0.3401708198,"FT%":0.308877976,"TRB":1.0,"AST":0.4639336426,"STL":0.4825490116,"BLK":0.6639079424,"TOV":-0.6117175935,"3P":0.2766636595,"PTS":0.6771898944,"Avg $":0.5196102036},"AST":{"d_FG%":0.1026222635,"d_FT%":0.4542967683,"FG%":0.0865549377,"FT%":0.3425576921,"TRB":0.4639336426,"AST":1.0,"STL":0.6522742623,"BLK":0.1834095979,"TOV":-0.8488451151,"3P":0.5540987238,"PTS":0.749405364,"Avg $":0.5771775348},"STL":{"d_FG%":0.1132075617,"d_FT%":0.2474711807,"FG%":0.1423272614,"FT%":0.3411343827,"TRB":0.4825490116,"AST":0.6522742623,"STL":1.0,"BLK":0.3666902407,"TOV":-0.6191360137,"3P":0.4988453076,"PTS":0.6184171684,"Avg $":0.3685676242},"BLK":{"d_FG%":0.4905550205,"d_FT%":-0.0311760818,"FG%":0.3190694192,"FT%":0.1534376787,"TRB":0.6639079424,"AST":0.1834095979,"STL":0.3666902407,"BLK":1.0,"TOV":-0.3131075645,"3P":0.0943495843,"PTS":0.3887960344,"Avg $":0.3158809027},"TOV":{"d_FG%":-0.2113536226,"d_FT%":-0.4275472581,"FG%":-0.1545770358,"FT%":-0.3495638879,"TRB":-0.6117175935,"AST":-0.8488451151,"STL":-0.6191360137,"BLK":-0.3131075645,"TOV":1.0,"3P":-0.5614340308,"PTS":-0.8311754121,"Avg $":-0.6455185028},"3P":{"d_FG%":-0.1634690531,"d_FT%":0.5137712574,"FG%":0.048440757,"FT%":0.4259261497,"TRB":0.2766636595,"AST":0.5540987238,"STL":0.4988453076,"BLK":0.0943495843,"TOV":-0.5614340308,"3P":1.0,"PTS":0.7404272108,"Avg $":0.3561485065},"PTS":{"d_FG%":0.3008607874,"d_FT%":0.5321049454,"FG%":0.2676610826,"FT%":0.4632916098,"TRB":0.6771898944,"AST":0.749405364,"STL":0.6184171684,"BLK":0.3887960344,"TOV":-0.8311754121,"3P":0.7404272108,"PTS":1.0,"Avg $":0.6671138432},"Avg $":{"d_FG%":0.3149899368,"d_FT%":0.4321307674,"FG%":0.109924428,"FT%":0.1654385675,"TRB":0.5196102036,"AST":0.5771775348,"STL":0.3685676242,"BLK":0.3158809027,"TOV":-0.6455185028,"3P":0.3561485065,"PTS":0.6671138432,"Avg $":1.0}}